authorships,doi,publication_year,type,is_oa,source_display_name,source_id,issn_l,host_organization,host_organization_name,landing_page_url,pdf_url,license,version
,https://doi.org/10.1056/nejmoa2515458,2025,article,FALSE,New England Journal of Medicine,https://openalex.org/S62468778,0028-4793,https://openalex.org/P4310320239,Massachusetts Medical Society,https://doi.org/10.1056/nejmoa2515458,NA,NA,publishedVersion
,https://doi.org/10.1056/nejmoa2501396,2025,article,FALSE,New England Journal of Medicine,https://openalex.org/S62468778,0028-4793,https://openalex.org/P4310320239,Massachusetts Medical Society,https://doi.org/10.1056/nejmoa2501396,NA,NA,publishedVersion
,https://doi.org/10.1016/j.trac.2025.118487,2025,article,TRUE,TrAC Trends in Analytical Chemistry,https://openalex.org/S64920681,0165-9936,https://openalex.org/P4310320990,Elsevier BV,https://doi.org/10.1016/j.trac.2025.118487,NA,cc-by,publishedVersion
,https://doi.org/10.1016/j.cell.2025.11.014,2025,article,TRUE,Cell,https://openalex.org/S110447773,0092-8674,https://openalex.org/P4310315673,Elsevier BV,https://doi.org/10.1016/j.cell.2025.11.014,NA,cc-by,publishedVersion
,https://doi.org/10.1016/j.eclinm.2025.103588,2025,review,TRUE,EClinicalMedicine,https://openalex.org/S2898347799,2589-5370,https://openalex.org/P4310320990,Elsevier BV,https://doi.org/10.1016/j.eclinm.2025.103588,NA,cc-by,publishedVersion
,https://doi.org/10.1126/science.adz8900,2025,article,TRUE,Science,https://openalex.org/S3880285,0036-8075,https://openalex.org/P4310315823,American Association for the Advancement of Science,https://doi.org/10.1126/science.adz8900,NA,cc-by,publishedVersion
,https://doi.org/10.1038/s41467-025-65363-1,2025,article,TRUE,Nature Communications,https://openalex.org/S64187185,2041-1723,https://openalex.org/P4310319908,Springer Nature,https://doi.org/10.1038/s41467-025-65363-1,https://www.nature.com/articles/s41467-025-65363-1.pdf,cc-by,publishedVersion
,https://doi.org/10.1126/sciadv.ady6751,2025,article,TRUE,Science Advances,https://openalex.org/S2737427234,2375-2548,https://openalex.org/P4310315823,American Association for the Advancement of Science,https://doi.org/10.1126/sciadv.ady6751,NA,cc-by-nc,publishedVersion
,https://doi.org/10.3390/catal15100946,2025,article,TRUE,Catalysts,https://openalex.org/S2738539744,2073-4344,https://openalex.org/P4310310987,Multidisciplinary Digital Publishing Institute,https://doi.org/10.3390/catal15100946,https://www.mdpi.com/2073-4344/15/10/946/pdf?version=1759382700,cc-by,publishedVersion
,https://doi.org/10.1038/s41591-025-03976-1,2025,article,TRUE,Nature Medicine,https://openalex.org/S203256638,1078-8956,https://openalex.org/P4310319908,Springer Nature,https://doi.org/10.1038/s41591-025-03976-1,https://www.nature.com/articles/s41591-025-03976-1.pdf,cc-by,publishedVersion
,https://doi.org/10.1192/bjp.2025.10379,2025,article,TRUE,The British Journal of Psychiatry,https://openalex.org/S127936299,0007-1250,https://openalex.org/P4310311721,Cambridge University Press,https://doi.org/10.1192/bjp.2025.10379,https://www.cambridge.org/core/services/aop-cambridge-core/content/view/39F3437B5E8F56F2DCCD3EEFB512E7AC/S0007125025103796a.pdf/div-class-title-cue-reactivity-towards-distal-cues-in-specific-types-of-problematic-usage-of-the-internet-findings-from-diagnostically-validated-samples-div.pdf,cc-by-nc,publishedVersion
,https://doi.org/10.1186/s12966-025-01851-3,2025,article,TRUE,International Journal of Behavioral Nutrition and Physical Activity,https://openalex.org/S182748528,1479-5868,https://openalex.org/P4310320256,Springer Nature,https://doi.org/10.1186/s12966-025-01851-3,https://ijbnpa.biomedcentral.com/counter/pdf/10.1186/s12966-025-01851-3,cc-by,publishedVersion
,https://doi.org/10.1038/s41586-025-10078-y,2026,article,FALSE,Nature,https://openalex.org/S137773608,0028-0836,https://openalex.org/P4310319908,Springer Nature,https://doi.org/10.1038/s41586-025-10078-y,NA,NA,publishedVersion
,https://doi.org/10.1016/j.cca.2025.120728,2025,article,TRUE,Clinica Chimica Acta,https://openalex.org/S207549998,0009-8981,https://openalex.org/P4310320990,Elsevier BV,https://doi.org/10.1016/j.cca.2025.120728,NA,cc-by,publishedVersion
,https://doi.org/10.1182/blood-2025-5199,2025,article,TRUE,Blood,https://openalex.org/S200071133,0006-4971,https://openalex.org/P4310320990,Elsevier BV,https://doi.org/10.1182/blood-2025-5199,https://ashpublications.org/blood/article-pdf/146/Supplement 1/5199/2457524/blood-7946-main.pdf,NA,publishedVersion
,https://doi.org/10.1038/s41593-025-02157-0,2025,article,FALSE,Nature Neuroscience,https://openalex.org/S2298632,1097-6256,https://openalex.org/P4310319908,Springer Nature,https://doi.org/10.1038/s41593-025-02157-0,NA,NA,publishedVersion
,https://doi.org/10.1001/jamaneurol.2025.4946,2026,article,TRUE,JAMA Neurology,https://openalex.org/S164389565,2168-6149,https://openalex.org/P4310320259,American Medical Association,https://doi.org/10.1001/jamaneurol.2025.4946,https://jamanetwork.com/journals/jamaneurology/articlepdf/2843130/jamaneurology_miller_2025_oi_250084_1769188938.09478.pdf,cc-by-nc-nd,publishedVersion
,https://doi.org/10.1038/s41557-025-02048-8,2026,article,TRUE,Nature Chemistry,https://openalex.org/S202193212,1755-4330,https://openalex.org/P4310319908,Springer Nature,https://doi.org/10.1038/s41557-025-02048-8,https://www.nature.com/articles/s41557-025-02048-8.pdf,cc-by,publishedVersion
,https://doi.org/10.1021/jacs.5c12590,2025,article,TRUE,Journal of the American Chemical Society,https://openalex.org/S111155417,0002-7863,https://openalex.org/P4310320006,American Chemical Society,https://doi.org/10.1021/jacs.5c12590,NA,cc-by,publishedVersion
,https://doi.org/10.1002/hem3.70258,2025,article,TRUE,HemaSphere,https://openalex.org/S4210211592,2572-9241,https://openalex.org/P4310318547,Wolters Kluwer,https://doi.org/10.1002/hem3.70258,https://onlinelibrary.wiley.com/doi/pdfdirect/10.1002/hem3.70258,cc-by,publishedVersion
,https://doi.org/10.1182/blood-2025-484,2025,article,FALSE,Blood,https://openalex.org/S200071133,0006-4971,https://openalex.org/P4310320990,Elsevier BV,https://doi.org/10.1182/blood-2025-484,NA,NA,publishedVersion
,https://doi.org/10.1111/nph.70860,2026,article,TRUE,New Phytologist,https://openalex.org/S58631098,0028-646X,https://openalex.org/P4310320595,Wiley,https://doi.org/10.1111/nph.70860,NA,cc-by,publishedVersion
,https://doi.org/10.1016/j.jpowsour.2025.238924,2025,article,TRUE,Journal of Power Sources,https://openalex.org/S177147899,0378-7753,https://openalex.org/P4310320990,Elsevier BV,https://doi.org/10.1016/j.jpowsour.2025.238924,NA,cc-by,publishedVersion
,https://doi.org/10.1016/j.commatsci.2026.114491,2026,article,TRUE,Computational Materials Science,https://openalex.org/S26018076,0927-0256,https://openalex.org/P4310320990,Elsevier BV,https://doi.org/10.1016/j.commatsci.2026.114491,NA,cc-by,publishedVersion
,https://doi.org/10.1038/s41467-025-64712-4,2025,article,TRUE,Nature Communications,https://openalex.org/S64187185,2041-1723,https://openalex.org/P4310319908,Springer Nature,https://doi.org/10.1038/s41467-025-64712-4,https://www.nature.com/articles/s41467-025-64712-4.pdf,cc-by,publishedVersion
,https://doi.org/10.1186/s12933-025-02915-1,2025,article,TRUE,Cardiovascular Diabetology,https://openalex.org/S12095120,1475-2840,https://openalex.org/P4310320256,Springer Nature,https://doi.org/10.1186/s12933-025-02915-1,https://cardiab.biomedcentral.com/counter/pdf/10.1186/s12933-025-02915-1,cc-by-nc-nd,publishedVersion
,https://doi.org/10.2196/71568,2025,article,TRUE,JMIR Aging,https://openalex.org/S4210211124,2561-7605,NA,NA,https://doi.org/10.2196/71568,NA,cc-by,publishedVersion
,https://doi.org/10.1038/s41420-025-02751-y,2025,article,TRUE,Cell Death Discovery,https://openalex.org/S2764515074,2058-7716,https://openalex.org/P4310319965,Springer Nature,https://doi.org/10.1038/s41420-025-02751-y,https://www.nature.com/articles/s41420-025-02751-y.pdf,cc-by,publishedVersion
,https://doi.org/10.4103/nrr.nrr-d-25-00610,2025,article,TRUE,Neural Regeneration Research,https://openalex.org/S80372421,1673-5374,https://openalex.org/P4310320448,Wolters Kluwer,https://doi.org/10.4103/nrr.nrr-d-25-00610,NA,cc-by-nc-sa,publishedVersion
,https://doi.org/10.22331/q-2025-12-03-1928,2025,article,TRUE,Quantum,https://openalex.org/S4210226432,2521-327X,https://openalex.org/P4310317900,Verein zur Förderung des Open Access Publizierens in den Quantenwissenschaften,https://doi.org/10.22331/q-2025-12-03-1928,https://quantum-journal.org/papers/q-2025-12-03-1928/pdf/,cc-by,publishedVersion
,https://doi.org/10.1182/blood-2025-1024,2025,article,TRUE,Blood,https://openalex.org/S200071133,0006-4971,https://openalex.org/P4310320990,Elsevier BV,https://doi.org/10.1182/blood-2025-1024,https://ashpublications.org/blood/article-pdf/146/Supplement 1/1024/2464696/blood-3771-main.pdf,NA,publishedVersion
,https://doi.org/10.1149/1945-7111/ae2f9f,2025,article,TRUE,Journal of The Electrochemical Society,https://openalex.org/S138759888,0013-4651,https://openalex.org/P4310311669,Institute of Physics,https://doi.org/10.1149/1945-7111/ae2f9f,NA,cc-by,publishedVersion
,https://doi.org/10.1186/s40348-025-00214-z,2026,article,TRUE,Molecular and Cellular Pediatrics,https://openalex.org/S2764482269,2194-7791,https://openalex.org/P4310319900,Springer Nature,https://doi.org/10.1186/s40348-025-00214-z,https://link.springer.com/content/pdf/10.1186/s40348-025-00214-z.pdf,cc-by,publishedVersion
,https://doi.org/10.1038/s41598-026-40268-1,2026,article,TRUE,Scientific Reports,https://openalex.org/S196734849,2045-2322,https://openalex.org/P4310319908,Springer Nature,https://doi.org/10.1038/s41598-026-40268-1,https://www.nature.com/articles/s41598-026-40268-1_reference.pdf,cc-by-nc-nd,publishedVersion
,https://doi.org/10.1038/s42255-025-01388-6,2025,article,FALSE,Nature Metabolism,https://openalex.org/S4210232714,2522-5812,https://openalex.org/P4310319908,Springer Nature,https://doi.org/10.1038/s42255-025-01388-6,NA,NA,publishedVersion
,https://doi.org/10.1016/j.jad.2025.120450,2025,article,TRUE,Journal of Affective Disorders,https://openalex.org/S113871862,0165-0327,https://openalex.org/P4310320990,Elsevier BV,https://doi.org/10.1016/j.jad.2025.120450,NA,cc-by,publishedVersion
,https://doi.org/10.1093/evolut/qpaf223,2025,article,FALSE,Evolution,https://openalex.org/S87560609,0014-3820,https://openalex.org/P4310311648,Oxford University Press,https://doi.org/10.1093/evolut/qpaf223,NA,NA,publishedVersion
,https://doi.org/10.3390/pharmaceutics17111381,2025,article,TRUE,Pharmaceutics,https://openalex.org/S30283931,1999-4923,https://openalex.org/P4310310987,Multidisciplinary Digital Publishing Institute,https://doi.org/10.3390/pharmaceutics17111381,https://www.mdpi.com/1999-4923/17/11/1381/pdf?version=1761303095,cc-by,publishedVersion
,https://doi.org/10.1002/path.6491,2025,article,TRUE,The Journal of Pathology,https://openalex.org/S4394736614,0022-3417,NA,NA,https://doi.org/10.1002/path.6491,https://onlinelibrary.wiley.com/doi/pdfdirect/10.1002/path.6491,cc-by,publishedVersion
,https://doi.org/10.2337/dc25-0824,2025,article,TRUE,Diabetes Care,https://openalex.org/S49878492,0149-5992,https://openalex.org/P4310320274,American Diabetes Association,https://doi.org/10.2337/dc25-0824,https://diabetesjournals.org/care/article-pdf/doi/10.2337/dc25-0824/848209/dc250824.pdf,NA,publishedVersion
,https://doi.org/10.1016/j.landig.2025.100923,2025,article,TRUE,The Lancet Digital Health,https://openalex.org/S4210237014,2589-7500,https://openalex.org/P4310320990,Elsevier BV,https://doi.org/10.1016/j.landig.2025.100923,NA,cc-by,publishedVersion
,https://doi.org/10.1002/advs.202514492,2025,article,TRUE,Advanced Science,https://openalex.org/S2737737698,2198-3844,https://openalex.org/P4310320595,Wiley,https://doi.org/10.1002/advs.202514492,https://onlinelibrary.wiley.com/doi/pdfdirect/10.1002/advs.202514492,cc-by,publishedVersion
,https://doi.org/10.1182/blood-2025-1,2025,article,TRUE,Blood,https://openalex.org/S200071133,0006-4971,https://openalex.org/P4310320990,Elsevier BV,https://doi.org/10.1182/blood-2025-1,https://ashpublications.org/blood/article-pdf/146/Supplement 1/1/2458312/blood-2483-main.pdf,NA,publishedVersion
,https://doi.org/10.1186/s13034-025-01016-x,2025,article,TRUE,Child and Adolescent Psychiatry and Mental Health,https://openalex.org/S133884896,1753-2000,https://openalex.org/P4310320256,Springer Nature,https://doi.org/10.1186/s13034-025-01016-x,https://link.springer.com/content/pdf/10.1186/s13034-025-01016-x.pdf,cc-by,publishedVersion
,https://doi.org/10.1055/a-2566-7533,2025,article,FALSE,Diabetologie und Stoffwechsel,https://openalex.org/S26605106,1861-9002,https://openalex.org/P4310321135,Thieme Medical Publishers (Germany),https://doi.org/10.1055/a-2566-7533,NA,NA,publishedVersion
,https://doi.org/10.1021/acs.biomac.5c01956,2025,article,TRUE,Biomacromolecules,https://openalex.org/S11629336,1525-7797,https://openalex.org/P4310320006,American Chemical Society,https://doi.org/10.1021/acs.biomac.5c01956,NA,cc-by,publishedVersion
,https://doi.org/10.1038/s41408-025-01434-2,2026,article,TRUE,Blood Cancer Journal,https://openalex.org/S2496263508,2044-5385,https://openalex.org/P4310319965,Springer Nature,https://doi.org/10.1038/s41408-025-01434-2,https://www.nature.com/articles/s41408-025-01434-2_reference.pdf,cc-by-nc-nd,publishedVersion
,https://doi.org/10.1093/brain/awaf412,2025,article,FALSE,Brain,https://openalex.org/S118357697,0006-8950,https://openalex.org/P4310311648,Oxford University Press,https://doi.org/10.1093/brain/awaf412,NA,NA,publishedVersion
,https://doi.org/10.1038/s41477-025-02207-2,2026,article,FALSE,Nature Plants,https://openalex.org/S2764671299,2055-026X,https://openalex.org/P4310319908,Springer Nature,https://doi.org/10.1038/s41477-025-02207-2,NA,NA,publishedVersion
,https://doi.org/10.1182/bloodadvances.2025019253,2026,article,TRUE,Blood Advances,https://openalex.org/S2764683450,2473-9529,https://openalex.org/P4310320990,Elsevier BV,https://doi.org/10.1182/bloodadvances.2025019253,https://ashpublications.org/bloodadvances/article-pdf/doi/10.1182/bloodadvances.2025019253/2501805/bloodadvances.2025019253.pdf,cc-by-nc-nd,publishedVersion
,https://doi.org/10.3390/cancers17193215,2025,article,TRUE,Cancers,https://openalex.org/S168415115,2072-6694,https://openalex.org/P4310310987,Multidisciplinary Digital Publishing Institute,https://doi.org/10.3390/cancers17193215,https://www.mdpi.com/2072-6694/17/19/3215/pdf?version=1759392580,cc-by,publishedVersion
,https://doi.org/10.1002/advs.202504920,2025,article,TRUE,Advanced Science,https://openalex.org/S2737737698,2198-3844,https://openalex.org/P4310320595,Wiley,https://doi.org/10.1002/advs.202504920,https://onlinelibrary.wiley.com/doi/pdfdirect/10.1002/advs.202504920,cc-by,publishedVersion
,https://doi.org/10.1007/s00125-025-06549-6,2025,article,TRUE,Diabetologia,https://openalex.org/S104375418,0012-186X,https://openalex.org/P4310319900,Springer Nature,https://doi.org/10.1007/s00125-025-06549-6,https://link.springer.com/content/pdf/10.1007/s00125-025-06549-6.pdf,cc-by,publishedVersion
,https://doi.org/10.1126/sciadv.adw4618,2025,article,TRUE,Science Advances,https://openalex.org/S2737427234,2375-2548,https://openalex.org/P4310315823,American Association for the Advancement of Science,https://doi.org/10.1126/sciadv.adw4618,NA,NA,publishedVersion
,https://doi.org/10.1210/jendso/bvaf149.074,2025,article,TRUE,Journal of the Endocrine Society,https://openalex.org/S2735747656,2472-1972,https://openalex.org/P4310315851,Endocrine Society,https://doi.org/10.1210/jendso/bvaf149.074,https://academic.oup.com/jes/article-pdf/9/Supplement_1/bvaf149.074/64865248/bvaf149.074.pdf,cc-by-nc-nd,publishedVersion
,https://doi.org/10.1161/circinterventions.125.015845,2025,article,FALSE,Circulation Cardiovascular Interventions,https://openalex.org/S177226689,1941-7632,https://openalex.org/P4310315671,Wolters Kluwer,https://doi.org/10.1161/circinterventions.125.015845,NA,NA,publishedVersion
,https://doi.org/10.3389/fpsyt.2025.1668821,2025,article,TRUE,Frontiers in Psychiatry,https://openalex.org/S92766711,1664-0640,https://openalex.org/P4310320527,Frontiers Media,https://doi.org/10.3389/fpsyt.2025.1668821,https://public-pages-files-2025.frontiersin.org/journals/psychiatry/articles/10.3389/fpsyt.2025.1668821/pdf,cc-by,publishedVersion
,https://doi.org/10.1039/d5tc02343b,2025,article,TRUE,Journal of Materials Chemistry C,https://openalex.org/S2500738039,2050-7526,https://openalex.org/P4310320556,Royal Society of Chemistry,https://doi.org/10.1039/d5tc02343b,https://pubs.rsc.org/en/content/articlepdf/2025/tc/d5tc02343b,cc-by,publishedVersion
,https://doi.org/10.1093/ije/dyaf187,2025,article,FALSE,International Journal of Epidemiology,https://openalex.org/S13389975,0300-5771,https://openalex.org/P4310311648,Oxford University Press,https://doi.org/10.1093/ije/dyaf187,NA,NA,publishedVersion
,https://doi.org/10.1007/s42484-025-00327-8,2025,article,TRUE,Quantum Machine Intelligence,https://openalex.org/S4210217596,2524-4906,https://openalex.org/P4310319900,Springer Nature,https://doi.org/10.1007/s42484-025-00327-8,https://link.springer.com/content/pdf/10.1007/s42484-025-00327-8.pdf,cc-by,publishedVersion
,https://doi.org/10.1177/19322968251383911,2025,review,TRUE,Journal of Diabetes Science and Technology,https://openalex.org/S2754852731,1932-2968,https://openalex.org/P4310320017,SAGE Publishing,https://doi.org/10.1177/19322968251383911,NA,cc-by,publishedVersion
,https://doi.org/10.1097/js9.0000000000003909,2025,article,TRUE,International Journal of Surgery,https://openalex.org/S67965910,1743-9159,https://openalex.org/P4310318547,Wolters Kluwer,https://doi.org/10.1097/js9.0000000000003909,NA,cc-by-nc-sa,publishedVersion
,https://doi.org/10.1016/j.jechem.2025.10.052,2025,article,TRUE,Journal of Energy Chemistry,https://openalex.org/S2500128275,2095-4956,https://openalex.org/P4310320990,Elsevier BV,https://doi.org/10.1016/j.jechem.2025.10.052,NA,cc-by,publishedVersion
,https://doi.org/10.1186/s42466-025-00431-x,2025,article,TRUE,Neurological Research and Practice,https://openalex.org/S4210211355,2524-3489,https://openalex.org/P4310320256,Springer Nature,https://doi.org/10.1186/s42466-025-00431-x,https://neurolrespract.biomedcentral.com/counter/pdf/10.1186/s42466-025-00431-x,cc-by,publishedVersion
,https://doi.org/10.1159/000549499,2025,article,TRUE,Obesity Facts,https://openalex.org/S44372797,1662-4025,https://openalex.org/P4310317820,Karger Publishers,https://doi.org/10.1159/000549499,NA,cc-by-nc,publishedVersion
,https://doi.org/10.1007/s00210-025-04744-1,2025,article,TRUE,Naunyn-Schmiedeberg s Archives of Pharmacology,https://openalex.org/S159534381,0028-1298,https://openalex.org/P4310319900,Springer Nature,https://doi.org/10.1007/s00210-025-04744-1,https://link.springer.com/content/pdf/10.1007/s00210-025-04744-1.pdf,cc-by,publishedVersion
,https://doi.org/10.1002/adfm.202523339,2025,article,TRUE,Advanced Functional Materials,https://openalex.org/S135204980,1616-301X,https://openalex.org/P4310320595,Wiley,https://doi.org/10.1002/adfm.202523339,https://onlinelibrary.wiley.com/doi/pdfdirect/10.1002/adfm.202523339,cc-by,publishedVersion
,https://doi.org/10.1002/anie.202520990,2025,article,TRUE,Angewandte Chemie International Edition,https://openalex.org/S67393510,1433-7851,https://openalex.org/P4310320595,Wiley,https://doi.org/10.1002/anie.202520990,https://onlinelibrary.wiley.com/doi/pdfdirect/10.1002/anie.202520990,cc-by,publishedVersion
,https://doi.org/10.1016/j.ero.2025.10.005,2025,article,TRUE,EULAR Rheumatology Open,https://openalex.org/S5407047460,3050-7081,NA,NA,https://doi.org/10.1016/j.ero.2025.10.005,https://ero.eular.org/article/S3050-7081(25)00095-3/pdf,cc-by-nc-nd,publishedVersion
,https://doi.org/10.1136/archdischild-2025-329407,2025,article,FALSE,Archives of Disease in Childhood Fetal & Neonatal,https://openalex.org/S35570472,1359-2998,https://openalex.org/P4310319945,BMJ,https://doi.org/10.1136/archdischild-2025-329407,NA,NA,publishedVersion
,https://doi.org/10.2337/db25-0629,2025,article,FALSE,Diabetes,https://openalex.org/S129060628,0012-1797,https://openalex.org/P4310320274,American Diabetes Association,https://doi.org/10.2337/db25-0629,NA,NA,publishedVersion
,https://doi.org/10.1186/s13024-025-00913-1,2025,article,TRUE,Molecular Neurodegeneration,https://openalex.org/S40861184,1750-1326,https://openalex.org/P4310320256,Springer Nature,https://doi.org/10.1186/s13024-025-00913-1,https://link.springer.com/content/pdf/10.1186/s13024-025-00913-1.pdf,cc-by,publishedVersion
,https://doi.org/10.1182/blood-2025-165,2025,article,TRUE,Blood,https://openalex.org/S200071133,0006-4971,https://openalex.org/P4310320990,Elsevier BV,https://doi.org/10.1182/blood-2025-165,https://ashpublications.org/blood/article-pdf/146/Supplement 1/165/2457818/blood-2740-main.pdf,NA,publishedVersion
,https://doi.org/10.1182/blood-2025-1654,2025,article,FALSE,Blood,https://openalex.org/S200071133,0006-4971,https://openalex.org/P4310320990,Elsevier BV,https://doi.org/10.1182/blood-2025-1654,NA,NA,publishedVersion
,https://doi.org/10.1182/blood-2025-5200,2025,article,FALSE,Blood,https://openalex.org/S200071133,0006-4971,https://openalex.org/P4310320990,Elsevier BV,https://doi.org/10.1182/blood-2025-5200,NA,NA,publishedVersion
,https://doi.org/10.1182/blood-2025-903,2025,article,TRUE,Blood,https://openalex.org/S200071133,0006-4971,https://openalex.org/P4310320990,Elsevier BV,https://doi.org/10.1182/blood-2025-903,https://ashpublications.org/blood/article-pdf/146/Supplement 1/903/2458144/blood-3478-main.pdf,NA,publishedVersion
,https://doi.org/10.1007/s00415-025-13555-6,2025,article,TRUE,Journal of Neurology,https://openalex.org/S175814247,0340-5354,https://openalex.org/P4310319900,Springer Nature,https://doi.org/10.1007/s00415-025-13555-6,https://link.springer.com/content/pdf/10.1007/s00415-025-13555-6.pdf,cc-by,publishedVersion
,https://doi.org/10.1111/ijsa.70037,2025,article,TRUE,International Journal of Selection and Assessment,https://openalex.org/S148368070,0965-075X,https://openalex.org/P4310320595,Wiley,https://doi.org/10.1111/ijsa.70037,https://onlinelibrary.wiley.com/doi/pdfdirect/10.1111/ijsa.70037,cc-by,publishedVersion
,https://doi.org/10.1016/j.comppsych.2025.152653,2025,article,TRUE,Comprehensive Psychiatry,https://openalex.org/S110368005,0010-440X,https://openalex.org/P4310320990,Elsevier BV,https://doi.org/10.1016/j.comppsych.2025.152653,NA,cc-by-nc-nd,publishedVersion
,https://doi.org/10.1182/blood-2025-2137,2025,article,TRUE,Blood,https://openalex.org/S200071133,0006-4971,https://openalex.org/P4310320990,Elsevier BV,https://doi.org/10.1182/blood-2025-2137,https://ashpublications.org/blood/article-pdf/146/Supplement 1/2137/2445525/blood-4884-main.pdf,NA,publishedVersion
,https://doi.org/10.1098/rspb.2025.1981,2025,article,TRUE,Proceedings of the Royal Society B Biological Sciences,https://openalex.org/S3006207977,0962-8452,https://openalex.org/P4310319787,Royal Society,https://doi.org/10.1098/rspb.2025.1981,NA,cc-by,publishedVersion
,https://doi.org/10.1186/s12889-025-26066-w,2025,article,TRUE,BMC Public Health,https://openalex.org/S200437886,1471-2458,https://openalex.org/P4310320256,Springer Nature,https://doi.org/10.1186/s12889-025-26066-w,NA,cc-by,publishedVersion
,https://doi.org/10.3390/pharmaceutics18010072,2026,article,TRUE,Pharmaceutics,https://openalex.org/S30283931,1999-4923,https://openalex.org/P4310310987,Multidisciplinary Digital Publishing Institute,https://doi.org/10.3390/pharmaceutics18010072,https://www.mdpi.com/1999-4923/18/1/72/pdf?version=1767615214,cc-by,publishedVersion
,https://doi.org/10.1002/aenm.202504456,2026,article,TRUE,Advanced Energy Materials,https://openalex.org/S2502627819,1614-6832,https://openalex.org/P4310320595,Wiley,https://doi.org/10.1002/aenm.202504456,https://onlinelibrary.wiley.com/doi/pdfdirect/10.1002/aenm.202504456,cc-by,publishedVersion
,https://doi.org/10.1016/j.actbio.2026.01.019,2026,article,TRUE,Acta Biomaterialia,https://openalex.org/S173145877,1742-7061,https://openalex.org/P4310320990,Elsevier BV,https://doi.org/10.1016/j.actbio.2026.01.019,NA,cc-by,publishedVersion
,https://doi.org/10.1007/s11031-026-10197-7,2026,article,TRUE,Motivation and Emotion,https://openalex.org/S19400212,0146-7239,https://openalex.org/P4310319900,Springer Nature,https://doi.org/10.1007/s11031-026-10197-7,https://link.springer.com/content/pdf/10.1007/s11031-026-10197-7.pdf,cc-by,publishedVersion
,https://doi.org/10.1038/s44321-026-00372-1,2026,article,TRUE,EMBO Molecular Medicine,https://openalex.org/S163075119,1757-4676,https://openalex.org/P4310319965,Springer Nature,https://doi.org/10.1038/s44321-026-00372-1,https://link.springer.com/content/pdf/10.1038/s44321-026-00372-1.pdf,cc-by,publishedVersion
,https://doi.org/10.1186/s12943-025-02541-1,2026,article,TRUE,Molecular Cancer,https://openalex.org/S132829192,1476-4598,https://openalex.org/P4310320256,Springer Nature,https://doi.org/10.1186/s12943-025-02541-1,NA,cc-by,publishedVersion
,https://doi.org/10.1016/j.cub.2026.01.007,2026,article,TRUE,Current Biology,https://openalex.org/S128425624,0960-9822,https://openalex.org/P4310320990,Elsevier BV,https://doi.org/10.1016/j.cub.2026.01.007,NA,cc-by,publishedVersion
,https://doi.org/10.1149/1945-7111/ae46e4,2026,article,TRUE,Journal of The Electrochemical Society,https://openalex.org/S138759888,0013-4651,https://openalex.org/P4310311669,Institute of Physics,https://doi.org/10.1149/1945-7111/ae46e4,NA,cc-by,publishedVersion
,https://doi.org/10.1109/access.2026.3672716,2026,article,TRUE,IEEE Access,https://openalex.org/S2485537415,2169-3536,https://openalex.org/P4310319808,Institute of Electrical and Electronics Engineers,https://doi.org/10.1109/access.2026.3672716,NA,cc-by,publishedVersion
,https://doi.org/10.1103/6bty-836h,2025,article,TRUE,Physical Review Research,https://openalex.org/S4210240247,2643-1564,https://openalex.org/P4310320261,American Physical Society,https://doi.org/10.1103/6bty-836h,NA,cc-by,publishedVersion
,https://doi.org/10.1002/alz.70695,2025,article,TRUE,Alzheimer s & Dementia,https://openalex.org/S108427512,1552-5260,https://openalex.org/P4310320595,Wiley,https://doi.org/10.1002/alz.70695,https://onlinelibrary.wiley.com/doi/pdfdirect/10.1002/alz.70695,cc-by,publishedVersion
,https://doi.org/10.1145/3736130.3762691,2025,article,TRUE,NA,NA,NA,NA,NA,https://doi.org/10.1145/3736130.3762691,NA,cc-by,publishedVersion
,https://doi.org/10.1007/s00018-025-05898-0,2025,article,TRUE,Cellular and Molecular Life Sciences,https://openalex.org/S60362788,1420-682X,https://openalex.org/P4310319965,Springer Nature,https://doi.org/10.1007/s00018-025-05898-0,https://link.springer.com/content/pdf/10.1007/s00018-025-05898-0.pdf,cc-by,publishedVersion
,https://doi.org/10.1038/s41537-025-00689-9,2025,article,TRUE,Schizophrenia,https://openalex.org/S4387281388,2754-6993,NA,NA,https://doi.org/10.1038/s41537-025-00689-9,https://www.nature.com/articles/s41537-025-00689-9.pdf,cc-by,publishedVersion
,https://doi.org/10.1038/s41380-025-03333-1,2025,article,TRUE,Molecular Psychiatry,https://openalex.org/S71149355,1359-4184,https://openalex.org/P4310319965,Springer Nature,https://doi.org/10.1038/s41380-025-03333-1,https://www.nature.com/articles/s41380-025-03333-1.pdf,cc-by,publishedVersion
,https://doi.org/10.1192/bjp.2025.10424,2025,article,TRUE,The British Journal of Psychiatry,https://openalex.org/S127936299,0007-1250,https://openalex.org/P4310311721,Cambridge University Press,https://doi.org/10.1192/bjp.2025.10424,https://www.cambridge.org/core/services/aop-cambridge-core/content/view/8239BD8F4E399515084146F698BADC64/S0007125025104248a.pdf/div-class-title-economic-evaluation-of-different-haematological-monitoring-schemes-for-patients-with-treatment-resistant-schizophrenia-using-clozapine-div.pdf,cc-by,publishedVersion
,https://doi.org/10.1093/stcltm/szaf061,2025,article,TRUE,Stem Cells Translational Medicine,https://openalex.org/S2494728167,2157-6564,https://openalex.org/P4310320595,Wiley,https://doi.org/10.1093/stcltm/szaf061,https://academic.oup.com/stcltm/article-pdf/14/11/szaf061/65397290/szaf061.pdf,cc-by-nc,publishedVersion
,https://doi.org/10.1182/blood-2025-85,2025,article,FALSE,Blood,https://openalex.org/S200071133,0006-4971,https://openalex.org/P4310320990,Elsevier BV,https://doi.org/10.1182/blood-2025-85,NA,NA,publishedVersion
,https://doi.org/10.1002/anie.202516208,2025,article,TRUE,Angewandte Chemie International Edition,https://openalex.org/S67393510,1433-7851,https://openalex.org/P4310320595,Wiley,https://doi.org/10.1002/anie.202516208,https://onlinelibrary.wiley.com/doi/pdfdirect/10.1002/anie.202516208,cc-by,publishedVersion
,https://doi.org/10.1109/mits.2025.3643199,2026,preprint,FALSE,IEEE Intelligent Transportation Systems Magazine,https://openalex.org/S131000621,1939-1390,https://openalex.org/P4310319808,Institute of Electrical and Electronics Engineers,https://doi.org/10.1109/mits.2025.3643199,NA,NA,publishedVersion
,https://doi.org/10.1103/185z-nxt1,2026,preprint,TRUE,Physical Review Applied,https://openalex.org/S2764453006,2331-7019,https://openalex.org/P4310320261,American Physical Society,https://doi.org/10.1103/185z-nxt1,NA,cc-by,publishedVersion
,https://doi.org/10.3934/krm.2025021,2025,article,TRUE,Kinetic and Related Models,https://openalex.org/S145400011,1937-5077,https://openalex.org/P4310315844,American Institute of Mathematical Sciences,https://doi.org/10.3934/krm.2025021,https://www.aimsciences.org/data/article/export-pdf?id=68f2046550e6d258f0187826,cc-by,publishedVersion
,https://doi.org/10.1016/j.cej.2025.168924,2025,article,TRUE,Chemical Engineering Journal,https://openalex.org/S149937609,1385-8947,https://openalex.org/P4310320990,Elsevier BV,https://doi.org/10.1016/j.cej.2025.168924,NA,cc-by,publishedVersion
,https://doi.org/10.1038/s41598-025-22330-6,2025,article,TRUE,Scientific Reports,https://openalex.org/S196734849,2045-2322,https://openalex.org/P4310319908,Springer Nature,https://doi.org/10.1038/s41598-025-22330-6,https://www.nature.com/articles/s41598-025-22330-6.pdf,cc-by,publishedVersion
,https://doi.org/10.1002/biot.70135,2025,article,TRUE,Biotechnology Journal,https://openalex.org/S31411064,1860-6768,https://openalex.org/P4310320595,Wiley,https://doi.org/10.1002/biot.70135,https://onlinelibrary.wiley.com/doi/pdfdirect/10.1002/biot.70135,cc-by,publishedVersion
,https://doi.org/10.1016/j.dss.2025.114546,2025,article,TRUE,Decision Support Systems,https://openalex.org/S11479521,0167-9236,https://openalex.org/P4310320990,Elsevier BV,https://doi.org/10.1016/j.dss.2025.114546,NA,cc-by,publishedVersion
,https://doi.org/10.1007/s11229-025-05284-0,2025,article,TRUE,Synthese,https://openalex.org/S255146,0039-7857,https://openalex.org/P4310319900,Springer Nature,https://doi.org/10.1007/s11229-025-05284-0,https://link.springer.com/content/pdf/10.1007/s11229-025-05284-0.pdf,cc-by,publishedVersion
,https://doi.org/10.1038/s41598-025-14553-4,2025,article,TRUE,Scientific Reports,https://openalex.org/S196734849,2045-2322,https://openalex.org/P4310319908,Springer Nature,https://doi.org/10.1038/s41598-025-14553-4,https://www.nature.com/articles/s41598-025-14553-4.pdf,cc-by,publishedVersion
,https://doi.org/10.1021/acs.orglett.5c03752,2025,article,TRUE,Organic Letters,https://openalex.org/S201989124,1523-7052,https://openalex.org/P4310320006,American Chemical Society,https://doi.org/10.1021/acs.orglett.5c03752,NA,cc-by,publishedVersion
,https://doi.org/10.1364/boe.573069,2025,article,TRUE,Biomedical Optics Express,https://openalex.org/S104118869,2156-7085,https://openalex.org/P4310315679,Optica Publishing Group,https://doi.org/10.1364/boe.573069,NA,cc-by,publishedVersion
,https://doi.org/10.1007/s00108-025-02006-z,2025,article,FALSE,Die Innere Medizin,https://openalex.org/S4387280290,2731-7080,https://openalex.org/P4310319900,Springer Nature,https://doi.org/10.1007/s00108-025-02006-z,NA,NA,publishedVersion
,https://doi.org/10.1212/nxi.0000000000200499,2025,article,TRUE,Neurology Neuroimmunology & Neuroinflammation,https://openalex.org/S2764892302,2332-7812,https://openalex.org/P4310318547,Wolters Kluwer,https://doi.org/10.1212/nxi.0000000000200499,NA,cc-by,publishedVersion
,https://doi.org/10.1016/j.bbi.2026.106825,2025,preprint,TRUE,Brain Behavior and Immunity,https://openalex.org/S102243518,0889-1591,https://openalex.org/P4310320990,Elsevier BV,https://doi.org/10.1016/j.bbi.2026.106825,NA,cc-by,publishedVersion
,https://doi.org/10.1093/ajh/hpaf207,2025,article,FALSE,American Journal of Hypertension,https://openalex.org/S128891601,0895-7061,https://openalex.org/P4310311648,Oxford University Press,https://doi.org/10.1093/ajh/hpaf207,NA,NA,publishedVersion
,https://doi.org/10.1093/ejendo/lvaf065,2025,article,TRUE,European Journal of Endocrinology,https://openalex.org/S4210218062,0804-4643,https://openalex.org/P4310311648,Oxford University Press,https://doi.org/10.1093/ejendo/lvaf065,NA,cc-by,publishedVersion
,https://doi.org/10.1186/s12889-025-24394-5,2025,article,TRUE,BMC Public Health,https://openalex.org/S200437886,1471-2458,https://openalex.org/P4310320256,Springer Nature,https://doi.org/10.1186/s12889-025-24394-5,https://bmcpublichealth.biomedcentral.com/counter/pdf/10.1186/s12889-025-24394-5,cc-by,publishedVersion
,https://doi.org/10.1136/bmjopen-2025-107840,2025,article,TRUE,BMJ Open,https://openalex.org/S79054089,2044-6055,https://openalex.org/P4310319945,BMJ,https://doi.org/10.1136/bmjopen-2025-107840,https://bmjopen.bmj.com/content/bmjopen/15/10/e107840.full.pdf,cc-by-nc,publishedVersion
,https://doi.org/10.3389/fpsyt.2025.1577689,2025,review,TRUE,Frontiers in Psychiatry,https://openalex.org/S92766711,1664-0640,https://openalex.org/P4310320527,Frontiers Media,https://doi.org/10.3389/fpsyt.2025.1577689,https://www.frontiersin.org/journals/psychiatry/articles/10.3389/fpsyt.2025.1577689/pdf,cc-by,publishedVersion
,https://doi.org/10.1007/s11325-025-03517-7,2025,article,TRUE,Sleep And Breathing,https://openalex.org/S169018744,1520-9512,https://openalex.org/P4310319900,Springer Nature,https://doi.org/10.1007/s11325-025-03517-7,https://link.springer.com/content/pdf/10.1007/s11325-025-03517-7.pdf,cc-by-nc-nd,publishedVersion
,https://doi.org/10.1371/journal.pone.0334964,2025,article,TRUE,PLoS ONE,https://openalex.org/S202381698,1932-6203,https://openalex.org/P4310315706,Public Library of Science,https://doi.org/10.1371/journal.pone.0334964,NA,cc-by,publishedVersion
,https://doi.org/10.1007/s00415-025-13468-4,2025,article,TRUE,Journal of Neurology,https://openalex.org/S175814247,0340-5354,https://openalex.org/P4310319900,Springer Nature,https://doi.org/10.1007/s00415-025-13468-4,https://link.springer.com/content/pdf/10.1007/s00415-025-13468-4.pdf,cc-by,publishedVersion
,https://doi.org/10.1212/nxg.0000000000200319,2025,article,TRUE,Neurology Genetics,https://openalex.org/S2764805357,2376-7839,https://openalex.org/P4310318547,Wolters Kluwer,https://doi.org/10.1212/nxg.0000000000200319,NA,cc-by-nc-nd,publishedVersion
,https://doi.org/10.3390/computers14110457,2025,article,TRUE,Computers,https://openalex.org/S4210228075,2073-431X,https://openalex.org/P4310310987,Multidisciplinary Digital Publishing Institute,https://doi.org/10.3390/computers14110457,https://www.mdpi.com/2073-431X/14/11/457/pdf?version=1761271066,cc-by,publishedVersion
,https://doi.org/10.1093/jxb/eraf470,2025,article,TRUE,Journal of Experimental Botany,https://openalex.org/S32610980,0022-0957,https://openalex.org/P4310311648,Oxford University Press,https://doi.org/10.1093/jxb/eraf470,NA,cc-by,publishedVersion
,https://doi.org/10.1016/j.apsusc.2025.164918,2025,article,TRUE,Applied Surface Science,https://openalex.org/S42323631,0169-4332,https://openalex.org/P4310320990,Elsevier BV,https://doi.org/10.1016/j.apsusc.2025.164918,NA,cc-by,publishedVersion
,https://doi.org/10.1186/s12916-025-04405-3,2025,article,TRUE,BMC Medicine,https://openalex.org/S135560524,1741-7015,https://openalex.org/P4310320256,Springer Nature,https://doi.org/10.1186/s12916-025-04405-3,https://bmcmedicine.biomedcentral.com/counter/pdf/10.1186/s12916-025-04405-3,cc-by,publishedVersion
,https://doi.org/10.1016/j.cpet.2025.09.004,2025,article,FALSE,PET Clinics,https://openalex.org/S80625831,1556-8598,https://openalex.org/P4310320990,Elsevier BV,https://doi.org/10.1016/j.cpet.2025.09.004,NA,NA,publishedVersion
,https://doi.org/10.31635/renewables.025.202500099,2025,article,FALSE,Renewables,https://openalex.org/S4387286545,2958-1893,https://openalex.org/P4310311897,Chinese Chemical Society,https://doi.org/10.31635/renewables.025.202500099,NA,NA,publishedVersion
,https://doi.org/10.1002/advs.202417606,2025,article,TRUE,Advanced Science,https://openalex.org/S2737737698,2198-3844,https://openalex.org/P4310320595,Wiley,https://doi.org/10.1002/advs.202417606,https://onlinelibrary.wiley.com/doi/pdfdirect/10.1002/advs.202417606,cc-by,publishedVersion
,https://doi.org/10.3389/fpsyt.2025.1531504,2025,article,TRUE,Frontiers in Psychiatry,https://openalex.org/S92766711,1664-0640,https://openalex.org/P4310320527,Frontiers Media,https://doi.org/10.3389/fpsyt.2025.1531504,https://public-pages-files-2025.frontiersin.org/journals/psychiatry/articles/10.3389/fpsyt.2025.1531504/pdf,cc-by,publishedVersion
,https://doi.org/10.1093/ejendo/lvaf214,2025,article,FALSE,European Journal of Endocrinology,https://openalex.org/S4210218062,0804-4643,https://openalex.org/P4310311648,Oxford University Press,https://doi.org/10.1093/ejendo/lvaf214,NA,NA,publishedVersion
,https://doi.org/10.1111/sjop.70039,2025,article,TRUE,Scandinavian Journal of Psychology,https://openalex.org/S34816297,0036-5564,https://openalex.org/P4310320595,Wiley,https://doi.org/10.1111/sjop.70039,https://onlinelibrary.wiley.com/doi/pdfdirect/10.1111/sjop.70039,cc-by,publishedVersion
,https://doi.org/10.1109/bcicts63111.2025.11211328,2025,article,FALSE,NA,NA,NA,NA,NA,https://doi.org/10.1109/bcicts63111.2025.11211328,NA,NA,publishedVersion
,https://doi.org/10.1109/bcicts63111.2025.11211415,2025,article,FALSE,NA,NA,NA,NA,NA,https://doi.org/10.1109/bcicts63111.2025.11211415,NA,NA,publishedVersion
,https://doi.org/10.1093/ehjimp/qyaf138,2025,article,TRUE,European Heart Journal - Imaging Methods and Practice,https://openalex.org/S4387289076,2755-9637,https://openalex.org/P4310311648,Oxford University Press,https://doi.org/10.1093/ehjimp/qyaf138,https://academic.oup.com/ehjimp/article-pdf/3/4/qyaf138/65044209/qyaf138.pdf,cc-by,publishedVersion
,https://doi.org/10.1016/j.neuroimage.2025.121561,2025,article,TRUE,NeuroImage,https://openalex.org/S103225281,1053-8119,https://openalex.org/P4310320990,Elsevier BV,https://doi.org/10.1016/j.neuroimage.2025.121561,NA,cc-by,publishedVersion
,https://doi.org/10.1016/j.celrep.2025.116474,2025,article,TRUE,Cell Reports,https://openalex.org/S169236886,2211-1247,https://openalex.org/P4310315673,Elsevier BV,https://doi.org/10.1016/j.celrep.2025.116474,NA,cc-by,publishedVersion
,https://doi.org/10.1007/s10926-025-10320-4,2025,article,TRUE,Journal of Occupational Rehabilitation,https://openalex.org/S147243735,1053-0487,https://openalex.org/P4310319900,Springer Nature,https://doi.org/10.1007/s10926-025-10320-4,https://link.springer.com/content/pdf/10.1007/s10926-025-10320-4.pdf,cc-by,publishedVersion
,https://doi.org/10.1073/pnas.2505401122,2025,article,TRUE,Proceedings of the National Academy of Sciences,https://openalex.org/S125754415,0027-8424,https://openalex.org/P4310320052,National Academy of Sciences,https://doi.org/10.1073/pnas.2505401122,NA,cc-by-nc-nd,publishedVersion
,https://doi.org/10.1016/j.bbi.2025.106169,2025,article,TRUE,Brain Behavior and Immunity,https://openalex.org/S102243518,0889-1591,https://openalex.org/P4310320990,Elsevier BV,https://doi.org/10.1016/j.bbi.2025.106169,NA,cc-by,publishedVersion
,https://doi.org/10.3390/healthcare13212808,2025,article,TRUE,Healthcare,https://openalex.org/S4210214101,2227-9032,https://openalex.org/P4310310987,Multidisciplinary Digital Publishing Institute,https://doi.org/10.3390/healthcare13212808,https://www.mdpi.com/2227-9032/13/21/2808/pdf?version=1762336498,cc-by,publishedVersion
,https://doi.org/10.1016/j.exger.2025.112959,2025,article,TRUE,Experimental Gerontology,https://openalex.org/S122591147,0531-5565,https://openalex.org/P4310320990,Elsevier BV,https://doi.org/10.1016/j.exger.2025.112959,NA,cc-by-nc-nd,publishedVersion
,https://doi.org/10.1016/j.ecoenv.2025.119311,2025,article,TRUE,Ecotoxicology and Environmental Safety,https://openalex.org/S13733787,0147-6513,https://openalex.org/P4310320990,Elsevier BV,https://doi.org/10.1016/j.ecoenv.2025.119311,NA,cc-by,publishedVersion
,https://doi.org/10.1038/s41375-025-02794-1,2025,article,FALSE,Leukemia,https://openalex.org/S149476849,0887-6924,https://openalex.org/P4310319965,Springer Nature,https://doi.org/10.1038/s41375-025-02794-1,NA,NA,publishedVersion
,https://doi.org/10.1111/plb.70137,2025,article,TRUE,Plant Biology,https://openalex.org/S104414929,1435-8603,https://openalex.org/P4310320595,Wiley,https://doi.org/10.1111/plb.70137,https://onlinelibrary.wiley.com/doi/pdfdirect/10.1111/plb.70137,cc-by,publishedVersion
,https://doi.org/10.1002/ente.202501329,2025,article,TRUE,Energy Technology,https://openalex.org/S2765059294,2194-4288,https://openalex.org/P4310320595,Wiley,https://doi.org/10.1002/ente.202501329,NA,cc-by,publishedVersion
,https://doi.org/10.1097/as9.0000000000000627,2025,article,TRUE,Annals of Surgery Open,https://openalex.org/S4210218733,2691-3593,https://openalex.org/P4310318547,Wolters Kluwer,https://doi.org/10.1097/as9.0000000000000627,NA,cc-by-nc-nd,publishedVersion
,https://doi.org/10.1016/j.ceja.2025.100898,2025,article,TRUE,Chemical Engineering Journal Advances,https://openalex.org/S4210233595,2666-8211,https://openalex.org/P4310320990,Elsevier BV,https://doi.org/10.1016/j.ceja.2025.100898,NA,cc-by,publishedVersion
,https://doi.org/10.1111/acel.70239,2025,article,TRUE,Aging Cell,https://openalex.org/S174672550,1474-9718,https://openalex.org/P4310320595,Wiley,https://doi.org/10.1111/acel.70239,NA,cc-by,publishedVersion
,https://doi.org/10.1159/000548706,2025,review,FALSE,Visceral Medicine,https://openalex.org/S2765013292,2297-4725,https://openalex.org/P4310317820,Karger Publishers,https://doi.org/10.1159/000548706,NA,NA,publishedVersion
,https://doi.org/10.1002/aenm.202505315,2025,article,TRUE,Advanced Energy Materials,https://openalex.org/S2502627819,1614-6832,https://openalex.org/P4310320595,Wiley,https://doi.org/10.1002/aenm.202505315,https://onlinelibrary.wiley.com/doi/pdfdirect/10.1002/aenm.202505315,cc-by,publishedVersion
,https://doi.org/10.1103/xjln-7ddy,2025,article,TRUE,"Physical review. A/Physical review, A",https://openalex.org/S4210182288,2469-9926,https://openalex.org/P4310320261,American Physical Society,https://doi.org/10.1103/xjln-7ddy,NA,cc-by,publishedVersion
,https://doi.org/10.1186/s13005-025-00561-2,2025,article,TRUE,Head & Face Medicine,https://openalex.org/S4480651,1746-160X,https://openalex.org/P4310320256,Springer Nature,https://doi.org/10.1186/s13005-025-00561-2,NA,cc-by,publishedVersion
,https://doi.org/10.1038/s41467-025-65507-3,2025,article,TRUE,Nature Communications,https://openalex.org/S64187185,2041-1723,https://openalex.org/P4310319908,Springer Nature,https://doi.org/10.1038/s41467-025-65507-3,https://www.nature.com/articles/s41467-025-65507-3_reference.pdf,cc-by-nc-nd,publishedVersion
,https://doi.org/10.3389/fimmu.2025.1712152,2025,article,TRUE,Frontiers in Immunology,https://openalex.org/S2595292759,1664-3224,https://openalex.org/P4310320527,Frontiers Media,https://doi.org/10.3389/fimmu.2025.1712152,NA,cc-by,publishedVersion
,https://doi.org/10.1002/edm2.70119,2025,article,TRUE,Endocrinology Diabetes & Metabolism,https://openalex.org/S4210213970,2398-9238,https://openalex.org/P4310319937,Bioscientifica,https://doi.org/10.1002/edm2.70119,https://onlinelibrary.wiley.com/doi/pdfdirect/10.1002/edm2.70119,cc-by,publishedVersion
,https://doi.org/10.1016/j.jare.2025.11.070,2025,article,TRUE,Journal of Advanced Research,https://openalex.org/S57607125,2090-1224,https://openalex.org/P4310320990,Elsevier BV,https://doi.org/10.1016/j.jare.2025.11.070,NA,cc-by,publishedVersion
,https://doi.org/10.1186/s13075-025-03691-9,2025,article,TRUE,Arthritis Research & Therapy,https://openalex.org/S149170128,1478-6354,https://openalex.org/P4310320256,Springer Nature,https://doi.org/10.1186/s13075-025-03691-9,https://link.springer.com/content/pdf/10.1186/s13075-025-03691-9.pdf,cc-by,publishedVersion
,https://doi.org/10.1007/s12525-025-00842-3,2025,article,TRUE,Electronic Markets,https://openalex.org/S137519996,1019-6781,https://openalex.org/P4310319900,Springer Nature,https://doi.org/10.1007/s12525-025-00842-3,NA,cc-by,publishedVersion
,https://doi.org/10.1182/blood-2025-795,2025,article,FALSE,Blood,https://openalex.org/S200071133,0006-4971,https://openalex.org/P4310320990,Elsevier BV,https://doi.org/10.1182/blood-2025-795,NA,NA,publishedVersion
,https://doi.org/10.1016/j.jpsychires.2025.11.032,2025,letter,TRUE,Journal of Psychiatric Research,https://openalex.org/S160879026,0022-3956,https://openalex.org/P4310320990,Elsevier BV,https://doi.org/10.1016/j.jpsychires.2025.11.032,NA,cc-by,publishedVersion
,https://doi.org/10.1093/brain/awaf457,2025,article,TRUE,Brain,https://openalex.org/S118357697,0006-8950,https://openalex.org/P4310311648,Oxford University Press,https://doi.org/10.1093/brain/awaf457,https://academic.oup.com/brain/advance-article-pdf/doi/10.1093/brain/awaf457/65752716/awaf457.pdf,cc-by-nc,publishedVersion
,https://doi.org/10.1182/blood.2025029974,2025,article,TRUE,Blood,https://openalex.org/S200071133,0006-4971,https://openalex.org/P4310320990,Elsevier BV,https://doi.org/10.1182/blood.2025029974,NA,cc-by-nc-nd,publishedVersion
,https://doi.org/10.1038/s41598-025-31483-3,2025,article,TRUE,Scientific Reports,https://openalex.org/S196734849,2045-2322,https://openalex.org/P4310319908,Springer Nature,https://doi.org/10.1038/s41598-025-31483-3,https://www.nature.com/articles/s41598-025-31483-3_reference.pdf,cc-by,publishedVersion
,https://doi.org/10.1158/2643-3230.bcd-25-0246,2025,article,FALSE,Blood Cancer Discovery,https://openalex.org/S4210239195,2643-3230,https://openalex.org/P4310320273,American Association for Cancer Research,https://doi.org/10.1158/2643-3230.bcd-25-0246,NA,NA,publishedVersion
,https://doi.org/10.1182/blood-2025-274,2025,article,FALSE,Blood,https://openalex.org/S200071133,0006-4971,https://openalex.org/P4310320990,Elsevier BV,https://doi.org/10.1182/blood-2025-274,NA,NA,publishedVersion
,https://doi.org/10.1183/13993003.01777-2025,2025,article,FALSE,European Respiratory Journal,https://openalex.org/S4210207896,0903-1936,https://openalex.org/P4310317833,European Respiratory Society,https://doi.org/10.1183/13993003.01777-2025,NA,NA,publishedVersion
,https://doi.org/10.1039/d5eb00211g,2025,article,TRUE,EES batteries.,https://openalex.org/S4404663996,3033-4071,https://openalex.org/P4310320556,Royal Society of Chemistry,https://doi.org/10.1039/d5eb00211g,https://pubs.rsc.org/en/content/articlepdf/2026/eb/d5eb00211g,cc-by,publishedVersion
,https://doi.org/10.1186/s12916-025-04560-7,2025,article,TRUE,BMC Medicine,https://openalex.org/S135560524,1741-7015,https://openalex.org/P4310320256,Springer Nature,https://doi.org/10.1186/s12916-025-04560-7,NA,cc-by,publishedVersion
,https://doi.org/10.1002/admi.202500770,2025,article,TRUE,Advanced Materials Interfaces,https://openalex.org/S2764385675,2196-7350,https://openalex.org/P4310320595,Wiley,https://doi.org/10.1002/admi.202500770,NA,cc-by,publishedVersion
,https://doi.org/10.1021/acsnano.5c08201,2025,article,TRUE,ACS Nano,https://openalex.org/S145476921,1936-0851,https://openalex.org/P4310320006,American Chemical Society,https://doi.org/10.1021/acsnano.5c08201,NA,cc-by,publishedVersion
,https://doi.org/10.64898/2025.12.08.25341479,2025,preprint,TRUE,medRxiv,https://openalex.org/S3005729997,NA,NA,NA,https://doi.org/10.64898/2025.12.08.25341479,https://www.medrxiv.org/content/medrxiv/early/2025/12/10/2025.12.08.25341479.full.pdf,cc-by-nc-nd,acceptedVersion
,https://doi.org/10.3390/cancers17243957,2025,article,TRUE,Cancers,https://openalex.org/S168415115,2072-6694,https://openalex.org/P4310310987,Multidisciplinary Digital Publishing Institute,https://doi.org/10.3390/cancers17243957,https://www.mdpi.com/2072-6694/17/24/3957/pdf,cc-by,publishedVersion
,https://doi.org/10.1159/000549531,2025,article,TRUE,Psychotherapy and Psychosomatics,https://openalex.org/S184803288,0033-3190,https://openalex.org/P4310317820,Karger Publishers,https://doi.org/10.1159/000549531,https://karger.com/pps/article-pdf/doi/10.1159/000549531/4480219/000549531.pdf,cc-by-nc,publishedVersion
,https://doi.org/10.1093/aobpla/plaf072,2025,article,TRUE,AoB Plants,https://openalex.org/S77453907,2041-2851,https://openalex.org/P4310311648,Oxford University Press,https://doi.org/10.1093/aobpla/plaf072,https://academic.oup.com/aobpla/article-pdf/17/6/plaf072/65827561/plaf072.pdf,cc-by,publishedVersion
,https://doi.org/10.1021/jacs.5c14609,2025,article,TRUE,Journal of the American Chemical Society,https://openalex.org/S111155417,0002-7863,https://openalex.org/P4310320006,American Chemical Society,https://doi.org/10.1021/jacs.5c14609,NA,cc-by,publishedVersion
,https://doi.org/10.1080/20008066.2025.2589566,2025,article,TRUE,European journal of psychotraumatology,https://openalex.org/S2737785665,2000-8066,https://openalex.org/P4310320547,Taylor & Francis,https://doi.org/10.1080/20008066.2025.2589566,NA,cc-by-nc,publishedVersion
,https://doi.org/10.1103/tpgw-v6ht,2026,article,TRUE,"Physical review. A/Physical review, A",https://openalex.org/S4210182288,2469-9926,https://openalex.org/P4310320261,American Physical Society,https://doi.org/10.1103/tpgw-v6ht,NA,cc-by,publishedVersion
,https://doi.org/10.1186/s12877-025-06913-6,2025,article,TRUE,BMC Geriatrics,https://openalex.org/S14643628,1471-2318,https://openalex.org/P4310320256,Springer Nature,https://doi.org/10.1186/s12877-025-06913-6,NA,cc-by,publishedVersion
,https://doi.org/10.1186/s12943-025-02527-z,2025,article,TRUE,Molecular Cancer,https://openalex.org/S132829192,1476-4598,https://openalex.org/P4310320256,Springer Nature,https://doi.org/10.1186/s12943-025-02527-z,NA,cc-by-nc-nd,publishedVersion
,https://doi.org/10.1002/sstr.202500685,2025,article,TRUE,Small Structures,https://openalex.org/S4210224134,2688-4062,https://openalex.org/P4310320595,Wiley,https://doi.org/10.1002/sstr.202500685,https://onlinelibrary.wiley.com/doi/pdfdirect/10.1002/sstr.202500685,cc-by,publishedVersion
,https://doi.org/10.1182/blood-2025-3443,2025,article,TRUE,Blood,https://openalex.org/S200071133,0006-4971,https://openalex.org/P4310320990,Elsevier BV,https://doi.org/10.1182/blood-2025-3443,https://ashpublications.org/blood/article-pdf/146/Supplement 1/3443/2459248/blood-6190-main.pdf,NA,publishedVersion
,https://doi.org/10.64898/2025.12.03.25341492,2025,article,TRUE,medRxiv,https://openalex.org/S3005729997,NA,NA,NA,https://doi.org/10.64898/2025.12.03.25341492,https://www.medrxiv.org/content/medrxiv/early/2025/12/05/2025.12.03.25341492.full.pdf,NA,acceptedVersion
,https://doi.org/10.1097/shk.0000000000002762,2025,article,FALSE,Shock,https://openalex.org/S174819509,1073-2322,https://openalex.org/P4310315671,Wolters Kluwer,https://doi.org/10.1097/shk.0000000000002762,NA,NA,publishedVersion
,https://doi.org/10.1016/j.isci.2025.114539,2025,article,TRUE,iScience,https://openalex.org/S2898358376,2589-0042,https://openalex.org/P4310315673,Elsevier BV,https://doi.org/10.1016/j.isci.2025.114539,NA,cc-by,publishedVersion
,https://doi.org/10.1080/00207411.2025.2604341,2025,article,TRUE,International Journal of Mental Health,https://openalex.org/S202175431,0020-7411,https://openalex.org/P4310320547,Taylor & Francis,https://doi.org/10.1080/00207411.2025.2604341,NA,cc-by,publishedVersion
,https://doi.org/10.1038/s41598-025-32056-0,2025,article,TRUE,Scientific Reports,https://openalex.org/S196734849,2045-2322,https://openalex.org/P4310319908,Springer Nature,https://doi.org/10.1038/s41598-025-32056-0,https://www.nature.com/articles/s41598-025-32056-0_reference.pdf,cc-by,publishedVersion
,https://doi.org/10.1038/s41597-025-06439-x,2025,article,TRUE,Scientific Data,https://openalex.org/S2607323502,2052-4463,https://openalex.org/P4310319908,Springer Nature,https://doi.org/10.1038/s41597-025-06439-x,NA,cc-by-nc-nd,publishedVersion
,https://doi.org/10.1038/s41746-025-02252-3,2025,article,TRUE,npj Digital Medicine,https://openalex.org/S4210195431,2398-6352,https://openalex.org/P4310319908,Springer Nature,https://doi.org/10.1038/s41746-025-02252-3,https://www.nature.com/articles/s41746-025-02252-3_reference.pdf,cc-by,publishedVersion
,https://doi.org/10.1136/bmjdrc-2025-005366,2025,article,TRUE,BMJ Open Diabetes Research & Care,https://openalex.org/S2764997855,2052-4897,https://openalex.org/P4310319945,BMJ,https://doi.org/10.1136/bmjdrc-2025-005366,https://drc.bmj.com/content/13/6/e005366.full.pdf,cc-by-nc,publishedVersion
,https://doi.org/10.1007/s41999-025-01391-w,2026,article,TRUE,European Geriatric Medicine,https://openalex.org/S24649050,1878-7649,https://openalex.org/P4310320990,Elsevier BV,https://doi.org/10.1007/s41999-025-01391-w,https://link.springer.com/content/pdf/10.1007/s41999-025-01391-w.pdf,cc-by,publishedVersion
,https://doi.org/10.1038/s42003-025-09341-9,2026,article,TRUE,Communications Biology,https://openalex.org/S4210225776,2399-3642,https://openalex.org/P4310319908,Springer Nature,https://doi.org/10.1038/s42003-025-09341-9,https://www.nature.com/articles/s42003-025-09341-9_reference.pdf,cc-by,publishedVersion
,https://doi.org/10.1016/j.powera.2025.100200,2026,article,TRUE,Journal of Power Sources Advances,https://openalex.org/S4210178997,2666-2485,https://openalex.org/P4310320990,Elsevier BV,https://doi.org/10.1016/j.powera.2025.100200,NA,cc-by,publishedVersion
,https://doi.org/10.1080/21678421.2025.2610290,2026,article,TRUE,Amyotrophic Lateral Sclerosis and Frontotemporal Degeneration,https://openalex.org/S4210172367,2167-8421,https://openalex.org/P4310320547,Taylor & Francis,https://doi.org/10.1080/21678421.2025.2610290,NA,cc-by,publishedVersion
,https://doi.org/10.1016/j.ijleo.2025.172662,2026,article,FALSE,Optik,https://openalex.org/S201441698,0030-4026,https://openalex.org/P4310320990,Elsevier BV,https://doi.org/10.1016/j.ijleo.2025.172662,NA,NA,publishedVersion
,https://doi.org/10.1002/advs.202513911,2026,article,TRUE,Advanced Science,https://openalex.org/S2737737698,2198-3844,https://openalex.org/P4310320595,Wiley,https://doi.org/10.1002/advs.202513911,https://onlinelibrary.wiley.com/doi/pdfdirect/10.1002/advs.202513911,cc-by,publishedVersion
,https://doi.org/10.1016/j.sab.2026.107453,2026,article,TRUE,Spectrochimica Acta Part B Atomic Spectroscopy,https://openalex.org/S103398315,0584-8547,https://openalex.org/P4310320990,Elsevier BV,https://doi.org/10.1016/j.sab.2026.107453,NA,cc-by,publishedVersion
,https://doi.org/10.1093/jmammal/gyaf080,2025,article,FALSE,Journal of Mammalogy,https://openalex.org/S165569574,0022-2372,https://openalex.org/P4310311648,Oxford University Press,https://doi.org/10.1093/jmammal/gyaf080,NA,NA,publishedVersion
,https://doi.org/10.1007/s12599-025-00983-x,2026,article,TRUE,Business & Information Systems Engineering,https://openalex.org/S27339233,1867-0202,https://openalex.org/P4310319965,Springer Nature,https://doi.org/10.1007/s12599-025-00983-x,https://link.springer.com/content/pdf/10.1007/s12599-025-00983-x.pdf,cc-by,publishedVersion
,https://doi.org/10.1242/jcs.264236,2026,article,TRUE,Journal of Cell Science,https://openalex.org/S5677253,0021-9533,https://openalex.org/P4310311847,The Company of Biologists,https://doi.org/10.1242/jcs.264236,NA,cc-by,publishedVersion
,https://doi.org/10.1186/s12889-025-26088-4,2026,article,TRUE,BMC Public Health,https://openalex.org/S200437886,1471-2458,https://openalex.org/P4310320256,Springer Nature,https://doi.org/10.1186/s12889-025-26088-4,NA,cc-by,publishedVersion
,https://doi.org/10.1016/j.irbm.2026.100932,2026,article,FALSE,IRBM,https://openalex.org/S68802660,1876-0988,https://openalex.org/P4310320990,Elsevier BV,https://doi.org/10.1016/j.irbm.2026.100932,NA,NA,publishedVersion
,https://doi.org/10.1007/s44163-026-00846-8,2026,article,TRUE,Discover Artificial Intelligence,https://openalex.org/S4210220416,2731-0809,https://openalex.org/P4310319965,Springer Nature,https://doi.org/10.1007/s44163-026-00846-8,NA,cc-by,publishedVersion
,https://doi.org/10.5281/zenodo.18163056,2026,article,TRUE,Zenodo (CERN European Organization for Nuclear Research),https://openalex.org/S4306400562,NA,https://openalex.org/I67311998,European Organization for Nuclear Research,https://doi.org/10.5281/zenodo.18163056,NA,cc-by,NA
,https://doi.org/10.1159/000549919,2026,article,TRUE,Pathobiology,https://openalex.org/S18964055,1015-2008,https://openalex.org/P4310317820,Karger Publishers,https://doi.org/10.1159/000549919,https://karger.com/pat/article-pdf/doi/10.1159/000549919/4493329/000549919.pdf,cc-by-nc,publishedVersion
,https://doi.org/10.1136/bmjdrc-2025-005349,2026,article,TRUE,BMJ Open Diabetes Research & Care,https://openalex.org/S2764997855,2052-4897,https://openalex.org/P4310319945,BMJ,https://doi.org/10.1136/bmjdrc-2025-005349,https://drc.bmj.com/content/14/1/e005349.full.pdf,cc-by-nc,publishedVersion
,https://doi.org/10.3390/healthcare14020254,2026,article,TRUE,Healthcare,https://openalex.org/S4210214101,2227-9032,https://openalex.org/P4310310987,Multidisciplinary Digital Publishing Institute,https://doi.org/10.3390/healthcare14020254,https://www.mdpi.com/2227-9032/14/2/254/pdf?version=1768907729,cc-by,publishedVersion
,https://doi.org/10.1103/ltfw-4fwn,2026,article,TRUE,Physical Review Letters,https://openalex.org/S24807848,0031-9007,https://openalex.org/P4310320261,American Physical Society,https://doi.org/10.1103/ltfw-4fwn,NA,cc-by,publishedVersion
,https://doi.org/10.1016/j.uclim.2025.102769,2026,article,TRUE,Urban Climate,https://openalex.org/S2764899123,2212-0955,https://openalex.org/P4310320990,Elsevier BV,https://doi.org/10.1016/j.uclim.2025.102769,NA,cc-by,publishedVersion
,https://doi.org/10.1200/jco-25-01921,2026,article,FALSE,Journal of Clinical Oncology,https://openalex.org/S15137598,0732-183X,https://openalex.org/P4310315671,Wolters Kluwer,https://doi.org/10.1200/jco-25-01921,NA,NA,publishedVersion
,https://doi.org/10.1038/s41467-026-68668-x,2026,article,TRUE,Nature Communications,https://openalex.org/S64187185,2041-1723,https://openalex.org/P4310319908,Springer Nature,https://doi.org/10.1038/s41467-026-68668-x,https://www.nature.com/articles/s41467-026-68668-x_reference.pdf,cc-by-nc-nd,publishedVersion
,https://doi.org/10.1088/1361-6463/ae3b4e,2026,article,TRUE,Journal of Physics D Applied Physics,https://openalex.org/S111927887,0022-3727,https://openalex.org/P4310311669,Institute of Physics,https://doi.org/10.1088/1361-6463/ae3b4e,NA,cc-by,publishedVersion
,https://doi.org/10.1111/acer.70209,2026,article,TRUE,Alcohol Clinical and Experimental Research,https://openalex.org/S4387292084,2993-7175,NA,NA,https://doi.org/10.1111/acer.70209,https://onlinelibrary.wiley.com/doi/pdfdirect/10.1111/acer.70209,cc-by,publishedVersion
,https://doi.org/10.1007/s10648-026-10119-6,2026,article,TRUE,Educational Psychology Review,https://openalex.org/S187318745,1040-726X,https://openalex.org/P4310319900,Springer Nature,https://doi.org/10.1007/s10648-026-10119-6,https://link.springer.com/content/pdf/10.1007/s10648-026-10119-6.pdf,cc-by,publishedVersion
,https://doi.org/10.1038/s43018-025-01103-0,2026,article,FALSE,Nature Cancer,https://openalex.org/S4210236562,2662-1347,https://openalex.org/P4310319908,Springer Nature,https://doi.org/10.1038/s43018-025-01103-0,NA,NA,publishedVersion
,https://doi.org/10.1038/s41467-026-68342-2,2026,article,TRUE,Nature Communications,https://openalex.org/S64187185,2041-1723,https://openalex.org/P4310319908,Springer Nature,https://doi.org/10.1038/s41467-026-68342-2,https://www.nature.com/articles/s41467-026-68342-2.pdf,cc-by,publishedVersion
,https://doi.org/10.1111/ene.70480,2026,article,TRUE,European Journal of Neurology,https://openalex.org/S162635963,1351-5101,https://openalex.org/P4310320595,Wiley,https://doi.org/10.1111/ene.70480,https://onlinelibrary.wiley.com/doi/pdfdirect/10.1111/ene.70480,cc-by-nc,publishedVersion
,https://doi.org/10.1039/d5se01490e,2026,article,TRUE,Sustainable Energy & Fuels,https://openalex.org/S2764650158,2398-4902,https://openalex.org/P4310320556,Royal Society of Chemistry,https://doi.org/10.1039/d5se01490e,https://pubs.rsc.org/en/content/articlepdf/2026/se/d5se01490e,cc-by,publishedVersion
,https://doi.org/10.3389/fpubh.2025.1707373,2026,article,TRUE,Frontiers in Public Health,https://openalex.org/S2595931848,2296-2565,https://openalex.org/P4310320527,Frontiers Media,https://doi.org/10.3389/fpubh.2025.1707373,https://public-pages-files-2025.frontiersin.org/journals/public-health/articles/10.3389/fpubh.2025.1707373/pdf,cc-by,publishedVersion
,https://doi.org/10.1111/1365-2745.70243,2026,article,TRUE,Journal of Ecology,https://openalex.org/S11271929,0022-0477,https://openalex.org/P4310320595,Wiley,https://doi.org/10.1111/1365-2745.70243,https://onlinelibrary.wiley.com/doi/pdfdirect/10.1111/1365-2745.70243,cc-by,publishedVersion
,https://doi.org/10.1038/s42003-026-09520-2,2026,article,TRUE,Communications Biology,https://openalex.org/S4210225776,2399-3642,https://openalex.org/P4310319908,Springer Nature,https://doi.org/10.1038/s42003-026-09520-2,NA,cc-by,publishedVersion
,https://doi.org/10.1016/j.ijpharm.2026.126629,2026,article,TRUE,International Journal of Pharmaceutics,https://openalex.org/S131016564,0378-5173,https://openalex.org/P4310320990,Elsevier BV,https://doi.org/10.1016/j.ijpharm.2026.126629,NA,cc-by,publishedVersion
,https://doi.org/10.1038/s41380-026-03471-0,2026,article,FALSE,Molecular Psychiatry,https://openalex.org/S71149355,1359-4184,https://openalex.org/P4310319965,Springer Nature,https://doi.org/10.1038/s41380-026-03471-0,NA,NA,publishedVersion
,https://doi.org/10.1186/s13054-026-05873-6,2026,article,TRUE,Critical Care,https://openalex.org/S191417626,1364-8535,https://openalex.org/P4310320256,Springer Nature,https://doi.org/10.1186/s13054-026-05873-6,NA,cc-by,publishedVersion
,https://doi.org/10.1016/s2352-4642(25)00351-7,2026,article,TRUE,The Lancet Child & Adolescent Health,https://openalex.org/S2898345135,2352-4642,https://openalex.org/P4310320990,Elsevier BV,https://doi.org/10.1016/s2352-4642(25)00351-7,NA,cc-by,publishedVersion
,https://doi.org/10.1038/s41598-026-39411-9,2026,article,TRUE,Scientific Reports,https://openalex.org/S196734849,2045-2322,https://openalex.org/P4310319908,Springer Nature,https://doi.org/10.1038/s41598-026-39411-9,https://www.nature.com/articles/s41598-026-39411-9.pdf,cc-by,publishedVersion
,https://doi.org/10.1007/s00586-026-09799-z,2026,article,TRUE,European Spine Journal,https://openalex.org/S100227592,0940-6719,https://openalex.org/P4310319900,Springer Nature,https://doi.org/10.1007/s00586-026-09799-z,https://link.springer.com/content/pdf/10.1007/s00586-026-09799-z.pdf,NA,publishedVersion
,https://doi.org/10.1016/j.actbio.2026.02.017,2026,article,TRUE,Acta Biomaterialia,https://openalex.org/S173145877,1742-7061,https://openalex.org/P4310320990,Elsevier BV,https://doi.org/10.1016/j.actbio.2026.02.017,NA,cc-by,publishedVersion
,https://doi.org/10.1371/journal.pbio.3003669,2026,article,TRUE,PLoS Biology,https://openalex.org/S154343897,1544-9173,https://openalex.org/P4310315706,Public Library of Science,https://doi.org/10.1371/journal.pbio.3003669,NA,cc-by,publishedVersion
,https://doi.org/10.1007/978-3-032-17611-0_9,2026,book-chapter,FALSE,Lecture notes in computer science,https://openalex.org/S106296714,0302-9743,https://openalex.org/P4310319900,Springer Nature,https://doi.org/10.1007/978-3-032-17611-0_9,NA,NA,publishedVersion
,https://doi.org/10.1002/pamm.70087,2026,article,TRUE,PAMM,https://openalex.org/S4210190971,1617-7061,https://openalex.org/P4310320595,Wiley,https://doi.org/10.1002/pamm.70087,https://onlinelibrary.wiley.com/doi/pdfdirect/10.1002/pamm.70087,cc-by,publishedVersion
,https://doi.org/10.1016/j.ensm.2026.104994,2026,article,TRUE,Energy storage materials,https://openalex.org/S2764728150,2405-8289,https://openalex.org/P4310320990,Elsevier BV,https://doi.org/10.1016/j.ensm.2026.104994,NA,cc-by,publishedVersion
,https://doi.org/10.1158/1557-3265.sabcs25-rf7-03,2026,article,FALSE,Clinical Cancer Research,https://openalex.org/S183149254,1078-0432,https://openalex.org/P4310320273,American Association for Cancer Research,https://doi.org/10.1158/1557-3265.sabcs25-rf7-03,NA,NA,publishedVersion
,https://doi.org/10.1038/s44318-026-00712-4,2026,article,TRUE,The EMBO Journal,https://openalex.org/S127916151,0261-4189,https://openalex.org/P4310319965,Springer Nature,https://doi.org/10.1038/s44318-026-00712-4,NA,cc-by,publishedVersion
,https://doi.org/10.1002/path.70039,2026,article,TRUE,The Journal of Pathology,https://openalex.org/S4394736614,0022-3417,NA,NA,https://doi.org/10.1002/path.70039,NA,cc-by,publishedVersion
,https://doi.org/10.1016/j.biopsycho.2026.109228,2026,article,TRUE,Biological Psychology,https://openalex.org/S3694117,0301-0511,https://openalex.org/P4310320990,Elsevier BV,https://doi.org/10.1016/j.biopsycho.2026.109228,NA,cc-by,publishedVersion
,https://doi.org/10.1016/j.bas.2026.105984,2026,article,TRUE,Brain and Spine,https://openalex.org/S4210215356,2772-5294,https://openalex.org/P4310320990,Elsevier BV,https://doi.org/10.1016/j.bas.2026.105984,NA,cc-by-nc-nd,publishedVersion
,https://doi.org/10.1016/j.psychres.2026.117051,2026,article,TRUE,Psychiatry Research,https://openalex.org/S84074229,0165-1781,https://openalex.org/P4310320990,Elsevier BV,https://doi.org/10.1016/j.psychres.2026.117051,NA,cc-by,publishedVersion
,https://doi.org/10.1026/0012-1924/a000363,2026,article,TRUE,Diagnostica,https://openalex.org/S191847413,0012-1924,https://openalex.org/P4310319871,Hogrefe Verlag,https://doi.org/10.1026/0012-1924/a000363,NA,cc-by,publishedVersion
,https://doi.org/10.1016/j.euo.2026.02.019,2026,article,TRUE,European Urology Oncology,https://openalex.org/S2898501490,2588-9311,https://openalex.org/P4310320990,Elsevier BV,https://doi.org/10.1016/j.euo.2026.02.019,https://euoncology.europeanurology.com/article/S2588-9311(26)00056-8/pdf,cc-by,publishedVersion
,https://doi.org/10.3390/app16052325,2026,article,TRUE,Applied Sciences,https://openalex.org/S4210205812,2076-3417,https://openalex.org/P4310310987,Multidisciplinary Digital Publishing Institute,https://doi.org/10.3390/app16052325,https://www.mdpi.com/2076-3417/16/5/2325/pdf?version=1772634210,cc-by,publishedVersion
,https://doi.org/10.1016/j.cnp.2026.02.008,2026,article,TRUE,Clinical Neurophysiology Practice,https://openalex.org/S2898474876,2467-981X,https://openalex.org/P4310320990,Elsevier BV,https://doi.org/10.1016/j.cnp.2026.02.008,NA,cc-by,publishedVersion
,https://doi.org/10.1038/s41467-026-70154-3,2026,article,TRUE,Nature Communications,https://openalex.org/S64187185,2041-1723,https://openalex.org/P4310319908,Springer Nature,https://doi.org/10.1038/s41467-026-70154-3,https://www.nature.com/articles/s41467-026-70154-3_reference.pdf,cc-by,publishedVersion
,https://doi.org/10.1186/s40479-026-00339-1,2026,article,TRUE,Borderline Personality Disorder and Emotion Dysregulation,https://openalex.org/S4210220560,2051-6673,https://openalex.org/P4310320256,Springer Nature,https://doi.org/10.1186/s40479-026-00339-1,NA,cc-by,publishedVersion
,https://doi.org/10.1093/icvts/ivag056,2026,article,TRUE,Interdisciplinary CardioVascular and Thoracic Surgery,https://openalex.org/S4387286285,2753-670X,https://openalex.org/P4310311648,Oxford University Press,https://doi.org/10.1093/icvts/ivag056,NA,cc-by,publishedVersion
,https://doi.org/10.1002/cssc.202502721,2026,article,TRUE,ChemSusChem,https://openalex.org/S193447295,1864-5631,https://openalex.org/P4310320595,Wiley,https://doi.org/10.1002/cssc.202502721,NA,cc-by,publishedVersion
,https://doi.org/10.26434/chemrxiv.15000711/v1,2026,article,TRUE,ChemRxiv,https://openalex.org/S4393918830,2573-2293,NA,NA,https://doi.org/10.26434/chemrxiv.15000711/v1,https://chemrxiv.org/doi/pdf/10.26434/chemrxiv.15000711/v1,cc-by,acceptedVersion
,https://doi.org/10.1038/s41467-026-69944-6,2026,article,TRUE,Nature Communications,https://openalex.org/S64187185,2041-1723,https://openalex.org/P4310319908,Springer Nature,https://doi.org/10.1038/s41467-026-69944-6,NA,cc-by,publishedVersion
,https://doi.org/10.1016/j.pneurobio.2026.102905,2026,article,TRUE,Progress in Neurobiology,https://openalex.org/S69289175,0301-0082,https://openalex.org/P4310320990,Elsevier BV,https://doi.org/10.1016/j.pneurobio.2026.102905,NA,cc-by,publishedVersion
,https://doi.org/10.1038/s41597-026-07015-7,2026,article,TRUE,Scientific Data,https://openalex.org/S2607323502,2052-4463,https://openalex.org/P4310319908,Springer Nature,https://doi.org/10.1038/s41597-026-07015-7,https://www.nature.com/articles/s41597-026-07015-7_reference.pdf,cc-by,publishedVersion
,https://doi.org/10.1523/jneurosci.0011-25.2026,2026,article,FALSE,Journal of Neuroscience,https://openalex.org/S5555990,0270-6474,https://openalex.org/P4310319739,Society for Neuroscience,https://doi.org/10.1523/jneurosci.0011-25.2026,NA,NA,publishedVersion
,https://doi.org/10.1007/s00787-026-03006-6,2026,article,TRUE,European Child & Adolescent Psychiatry,https://openalex.org/S159275680,1018-8827,https://openalex.org/P4310319900,Springer Nature,https://doi.org/10.1007/s00787-026-03006-6,https://link.springer.com/content/pdf/10.1007/s00787-026-03006-6.pdf,cc-by,publishedVersion
,https://doi.org/10.1038/s41598-026-44338-2,2026,article,TRUE,Scientific Reports,https://openalex.org/S196734849,2045-2322,https://openalex.org/P4310319908,Springer Nature,https://doi.org/10.1038/s41598-026-44338-2,NA,cc-by,publishedVersion
,https://doi.org/10.1016/j.jmr.2026.108058,2026,article,TRUE,Journal of Magnetic Resonance,https://openalex.org/S90573847,1090-7807,https://openalex.org/P4310320990,Elsevier BV,https://doi.org/10.1016/j.jmr.2026.108058,NA,cc-by,publishedVersion
,https://doi.org/10.3390/life16030493,2026,article,TRUE,Life,https://openalex.org/S4210200765,2075-1729,https://openalex.org/P4310310987,Multidisciplinary Digital Publishing Institute,https://doi.org/10.3390/life16030493,https://www.mdpi.com/2075-1729/16/3/493/pdf,cc-by,publishedVersion
,https://doi.org/10.1186/s12877-026-07371-4,2026,article,TRUE,BMC Geriatrics,https://openalex.org/S14643628,1471-2318,https://openalex.org/P4310320256,Springer Nature,https://doi.org/10.1186/s12877-026-07371-4,NA,cc-by,publishedVersion
,https://doi.org/10.1038/s41398-026-03932-8,2026,article,TRUE,Translational Psychiatry,https://openalex.org/S163345920,2158-3188,https://openalex.org/P4310319965,Springer Nature,https://doi.org/10.1038/s41398-026-03932-8,NA,cc-by,publishedVersion
,https://doi.org/10.64898/2026.03.27.714707,2026,article,TRUE,bioRxiv (Cold Spring Harbor Laboratory),https://openalex.org/S4306402567,NA,https://openalex.org/I2750212522,Cold Spring Harbor Laboratory,https://doi.org/10.64898/2026.03.27.714707,NA,cc-by-nc-nd,acceptedVersion
,https://doi.org/10.1109/lascas67804.2026.11457081,2026,article,FALSE,NA,NA,NA,NA,NA,https://doi.org/10.1109/lascas67804.2026.11457081,NA,NA,publishedVersion
,https://doi.org/10.1016/j.cels.2026.101574,2026,article,FALSE,Cell Systems,https://openalex.org/S2764739556,2405-4712,https://openalex.org/P4310320990,Elsevier BV,https://doi.org/10.1016/j.cels.2026.101574,NA,NA,publishedVersion
,https://doi.org/10.1177/20451253261434380,2026,article,TRUE,Therapeutic Advances in Psychopharmacology,https://openalex.org/S2765027927,2045-1253,https://openalex.org/P4310320017,SAGE Publishing,https://doi.org/10.1177/20451253261434380,NA,cc-by,publishedVersion
,https://doi.org/10.1016/j.tem.2026.02.010,2026,article,TRUE,Trends in Endocrinology and Metabolism,https://openalex.org/S93802863,1043-2760,https://openalex.org/P4310320990,Elsevier BV,https://doi.org/10.1016/j.tem.2026.02.010,NA,cc-by-nc-nd,publishedVersion
,https://doi.org/10.1093/eurheartj/ehag186,2026,article,FALSE,European Heart Journal,https://openalex.org/S181568219,0195-668X,https://openalex.org/P4310311648,Oxford University Press,https://doi.org/10.1093/eurheartj/ehag186,NA,NA,publishedVersion
,https://doi.org/10.1002/ueg2.70133,2025,article,TRUE,United European Gastroenterology Journal,https://openalex.org/S2764702794,2050-6406,https://openalex.org/P4310320595,Wiley,https://doi.org/10.1002/ueg2.70133,https://onlinelibrary.wiley.com/doi/pdfdirect/10.1002/ueg2.70133,cc-by-nc-nd,publishedVersion
,https://doi.org/10.1103/hc4r-2st8,2026,preprint,TRUE,Physical Review Research,https://openalex.org/S4210240247,2643-1564,https://openalex.org/P4310320261,American Physical Society,https://doi.org/10.1103/hc4r-2st8,NA,cc-by,publishedVersion
,https://doi.org/10.3389/fgene.2025.1653768,2025,article,TRUE,Frontiers in Genetics,https://openalex.org/S2597340651,1664-8021,https://openalex.org/P4310320527,Frontiers Media,https://doi.org/10.3389/fgene.2025.1653768,https://www.frontiersin.org/journals/genetics/articles/10.3389/fgene.2025.1653768/pdf,cc-by,publishedVersion
,https://doi.org/10.1038/s41375-025-02777-2,2025,article,TRUE,Leukemia,https://openalex.org/S149476849,0887-6924,https://openalex.org/P4310319965,Springer Nature,https://doi.org/10.1038/s41375-025-02777-2,https://www.nature.com/articles/s41375-025-02777-2.pdf,cc-by,publishedVersion
,https://doi.org/10.3389/fnume.2025.1695332,2025,review,TRUE,Frontiers in Nuclear Medicine,https://openalex.org/S4210199274,2673-8880,https://openalex.org/P4310320527,Frontiers Media,https://doi.org/10.3389/fnume.2025.1695332,https://www.frontiersin.org/journals/nuclear-medicine/articles/10.3389/fnume.2025.1695332/pdf,cc-by,publishedVersion
,https://doi.org/10.1111/apps.70038,2025,article,TRUE,Applied Psychology,https://openalex.org/S47864991,0269-994X,https://openalex.org/P4310320595,Wiley,https://doi.org/10.1111/apps.70038,https://onlinelibrary.wiley.com/doi/pdfdirect/10.1111/apps.70038,cc-by,publishedVersion
,https://doi.org/10.1186/s40658-025-00806-8,2025,article,TRUE,EJNMMI Physics,https://openalex.org/S2737569433,2197-7364,https://openalex.org/P4310319900,Springer Nature,https://doi.org/10.1186/s40658-025-00806-8,https://ejnmmiphys.springeropen.com/counter/pdf/10.1186/s40658-025-00806-8,cc-by,publishedVersion
,https://doi.org/10.1093/eurjpc/zwaf661,2025,article,TRUE,European Journal of Preventive Cardiology,https://openalex.org/S201064403,2047-4873,https://openalex.org/P4310311648,Oxford University Press,https://doi.org/10.1093/eurjpc/zwaf661,NA,cc-by,publishedVersion
,https://doi.org/10.3389/fimmu.2025.1655212,2025,article,TRUE,Frontiers in Immunology,https://openalex.org/S2595292759,1664-3224,https://openalex.org/P4310320527,Frontiers Media,https://doi.org/10.3389/fimmu.2025.1655212,https://www.frontiersin.org/journals/immunology/articles/10.3389/fimmu.2025.1655212/pdf,cc-by,publishedVersion
,https://doi.org/10.1002/advs.202510456,2025,article,TRUE,Advanced Science,https://openalex.org/S2737737698,2198-3844,https://openalex.org/P4310320595,Wiley,https://doi.org/10.1002/advs.202510456,https://onlinelibrary.wiley.com/doi/pdfdirect/10.1002/advs.202510456,cc-by,publishedVersion
,https://doi.org/10.1002/alz70855_102036,2025,article,TRUE,Alzheimer s & Dementia,https://openalex.org/S108427512,1552-5260,https://openalex.org/P4310320595,Wiley,https://doi.org/10.1002/alz70855_102036,https://onlinelibrary.wiley.com/doi/pdfdirect/10.1002/alz70855_102036,cc-by,publishedVersion
,https://doi.org/10.1098/rspb.2025.2028,2025,article,TRUE,Proceedings of the Royal Society B Biological Sciences,https://openalex.org/S3006207977,0962-8452,https://openalex.org/P4310319787,Royal Society,https://doi.org/10.1098/rspb.2025.2028,https://royalsocietypublishing.org/rspb/article-pdf/doi/10.1098/rspb.2025.2028/4439982/rspb.2025.2028.pdf,cc-by,publishedVersion
,https://doi.org/10.1021/acs.jpclett.5c03526,2026,article,TRUE,The Journal of Physical Chemistry Letters,https://openalex.org/S123480357,1948-7185,https://openalex.org/P4310320006,American Chemical Society,https://doi.org/10.1021/acs.jpclett.5c03526,NA,cc-by,publishedVersion
,https://doi.org/10.1145/3716553.3757095,2025,article,FALSE,NA,NA,NA,NA,NA,https://doi.org/10.1145/3716553.3757095,NA,NA,publishedVersion
,https://doi.org/10.1145/3731599.3767558,2025,article,TRUE,NA,NA,NA,NA,NA,https://doi.org/10.1145/3731599.3767558,NA,cc-by-sa,publishedVersion
,https://doi.org/10.21203/rs.3.rs-8539228/v1,2026,preprint,TRUE,Research Square,https://openalex.org/S4306525896,NA,NA,NA,https://doi.org/10.21203/rs.3.rs-8539228/v1,https://www.researchsquare.com/article/rs-8539228/latest.pdf,cc-by,acceptedVersion
,https://doi.org/10.5281/zenodo.18262736,2026,dataset,TRUE,DIGITAL.CSIC (Spanish National Research Council (CSIC)),https://openalex.org/S4306400616,NA,https://openalex.org/I134820265,Consejo Superior de Investigaciones Científicas,http://hdl.handle.net/10261/426919,NA,cc-by,submittedVersion
,https://doi.org/10.5281/zenodo.18325712,2026,other,FALSE,Document Server@UHasselt (UHasselt),https://openalex.org/S4306401926,NA,https://openalex.org/I878454856,Hasselt University,https://zenodo.org/doi/10.5281/zenodo.18325712,NA,NA,submittedVersion
,https://doi.org/10.5281/zenodo.18336535,2026,dataset,TRUE,Zenodo (CERN European Organization for Nuclear Research),https://openalex.org/S4306400562,NA,https://openalex.org/I67311998,European Organization for Nuclear Research,https://doi.org/10.5281/zenodo.18336535,NA,cc-by,NA
,https://doi.org/10.1145/3742413.3789222,2026,article,TRUE,NA,NA,NA,NA,NA,https://doi.org/10.1145/3742413.3789222,NA,cc-by,publishedVersion
,https://doi.org/10.1016/j.apm.2025.116535,2025,preprint,TRUE,Applied Mathematical Modelling,https://openalex.org/S153281200,0307-904X,https://openalex.org/P4310320990,Elsevier BV,https://doi.org/10.1016/j.apm.2025.116535,NA,cc-by-nc-nd,publishedVersion
,https://doi.org/10.1038/s42005-025-02321-9,2025,article,TRUE,Communications Physics,https://openalex.org/S4210200995,2399-3650,https://openalex.org/P4310319908,Springer Nature,https://doi.org/10.1038/s42005-025-02321-9,https://www.nature.com/articles/s42005-025-02321-9.pdf,cc-by-nc-nd,publishedVersion
,https://doi.org/10.22331/q-2026-03-24-2042,2026,preprint,TRUE,Quantum,https://openalex.org/S4210226432,2521-327X,https://openalex.org/P4310317900,Verein zur Förderung des Open Access Publizierens in den Quantenwissenschaften,https://doi.org/10.22331/q-2026-03-24-2042,https://quantum-journal.org/papers/q-2026-03-24-2042/pdf/,cc-by,publishedVersion
,https://doi.org/10.1103/3hnz-bysr,2025,preprint,TRUE,Physical Review Applied,https://openalex.org/S2764453006,2331-7019,https://openalex.org/P4310320261,American Physical Society,https://doi.org/10.1103/3hnz-bysr,NA,cc-by,publishedVersion
,https://doi.org/10.26434/chemrxiv-2025-rd23r,2025,article,TRUE,ChemRxiv,https://openalex.org/S4393918830,2573-2293,NA,NA,https://doi.org/10.26434/chemrxiv-2025-rd23r,NA,cc-by,acceptedVersion
,https://doi.org/10.1007/s00120-025-02681-8,2025,editorial,TRUE,Die Urologie,https://openalex.org/S4387280488,2731-7064,https://openalex.org/P4310319900,Springer Nature,https://doi.org/10.1007/s00120-025-02681-8,https://link.springer.com/content/pdf/10.1007/s00120-025-02681-8.pdf,NA,publishedVersion
,https://doi.org/10.1038/s41392-025-02424-3,2025,article,TRUE,Signal Transduction and Targeted Therapy,https://openalex.org/S2739142469,2059-3635,https://openalex.org/P4310319965,Springer Nature,https://doi.org/10.1038/s41392-025-02424-3,https://www.nature.com/articles/s41392-025-02424-3.pdf,cc-by,publishedVersion
,https://doi.org/10.1186/s12906-025-05087-3,2025,article,TRUE,BMC Complementary Medicine and Therapies,https://openalex.org/S4210199159,2662-7671,https://openalex.org/P4310320256,Springer Nature,https://doi.org/10.1186/s12906-025-05087-3,https://bmccomplementmedtherapies.biomedcentral.com/counter/pdf/10.1186/s12906-025-05087-3,cc-by,publishedVersion
,https://doi.org/10.1111/dme.70112,2025,article,TRUE,Diabetic Medicine,https://openalex.org/S72944096,0742-3071,https://openalex.org/P4310320595,Wiley,https://doi.org/10.1111/dme.70112,https://onlinelibrary.wiley.com/doi/pdfdirect/10.1111/dme.70112,cc-by,publishedVersion
,https://doi.org/10.63878/jalt1296,2025,article,TRUE,Journal of Applied Linguistics and TESOL (JALT),https://openalex.org/S5407023067,2709-8265,NA,NA,https://doi.org/10.63878/jalt1296,https://jalt.com.pk/index.php/jalt/article/download/1296/1036,cc-by-nc-nd,publishedVersion
,https://doi.org/10.1088/1361-6463/ae06ae,2025,article,FALSE,Journal of Physics D Applied Physics,https://openalex.org/S111927887,0022-3727,https://openalex.org/P4310311669,Institute of Physics,https://doi.org/10.1088/1361-6463/ae06ae,NA,NA,publishedVersion
,https://doi.org/10.1093/neuonc/noaf193.565,2025,article,TRUE,Neuro-Oncology,https://openalex.org/S106908163,1522-8517,https://openalex.org/P4310311648,Oxford University Press,https://doi.org/10.1093/neuonc/noaf193.565,https://academic.oup.com/neuro-oncology/article-pdf/27/Supplement_3/iii168/64484069/noaf193.565.pdf,NA,publishedVersion
,https://doi.org/10.1093/neuonc/noaf193.428,2025,article,TRUE,Neuro-Oncology,https://openalex.org/S106908163,1522-8517,https://openalex.org/P4310311648,Oxford University Press,https://doi.org/10.1093/neuonc/noaf193.428,https://academic.oup.com/neuro-oncology/article-pdf/27/Supplement_3/iii128/64483798/noaf193.428.pdf,NA,publishedVersion
,https://doi.org/10.1101/2025.10.01.679664,2025,preprint,TRUE,bioRxiv (Cold Spring Harbor Laboratory),https://openalex.org/S4306402567,NA,https://openalex.org/I2750212522,Cold Spring Harbor Laboratory,https://doi.org/10.1101/2025.10.01.679664,https://www.biorxiv.org/content/biorxiv/early/2025/10/02/2025.10.01.679664.full.pdf,cc-by-nc-nd,acceptedVersion
,https://doi.org/10.1093/neuonc/noaf193.566,2025,article,TRUE,Neuro-Oncology,https://openalex.org/S106908163,1522-8517,https://openalex.org/P4310311648,Oxford University Press,https://doi.org/10.1093/neuonc/noaf193.566,https://academic.oup.com/neuro-oncology/article-pdf/27/Supplement_3/iii168/64484067/noaf193.566.pdf,NA,publishedVersion
,https://doi.org/10.1093/neuonc/noaf193.584,2025,article,TRUE,Neuro-Oncology,https://openalex.org/S106908163,1522-8517,https://openalex.org/P4310311648,Oxford University Press,https://doi.org/10.1093/neuonc/noaf193.584,https://academic.oup.com/neuro-oncology/article-pdf/27/Supplement_3/iii173/64483782/noaf193.584.pdf,NA,publishedVersion
,https://doi.org/10.1093/neuonc/noaf193.319,2025,article,TRUE,Neuro-Oncology,https://openalex.org/S106908163,1522-8517,https://openalex.org/P4310311648,Oxford University Press,https://doi.org/10.1093/neuonc/noaf193.319,https://academic.oup.com/neuro-oncology/article-pdf/27/Supplement_3/iii96/64482345/noaf193.319.pdf,NA,publishedVersion
,https://doi.org/10.3389/fonc.2025.1645509,2025,article,TRUE,Frontiers in Oncology,https://openalex.org/S2596394214,2234-943X,https://openalex.org/P4310320527,Frontiers Media,https://doi.org/10.3389/fonc.2025.1645509,https://www.frontiersin.org/journals/oncology/articles/10.3389/fonc.2025.1645509/pdf,cc-by,publishedVersion
,https://doi.org/10.1007/s10405-025-00637-5,2025,article,FALSE,Zeitschrift für Pneumologie,https://openalex.org/S4387280721,2731-7404,https://openalex.org/P4310319900,Springer Nature,https://doi.org/10.1007/s10405-025-00637-5,NA,NA,publishedVersion
,https://doi.org/10.21203/rs.3.rs-7309668/v1,2025,preprint,TRUE,Research Square,https://openalex.org/S4306525896,NA,NA,NA,https://doi.org/10.21203/rs.3.rs-7309668/v1,https://www.researchsquare.com/article/rs-7309668/latest.pdf,cc-by,acceptedVersion
,https://doi.org/10.1021/acs.jpcc.5c04653,2025,article,FALSE,The Journal of Physical Chemistry C,https://openalex.org/S95739953,1932-7447,https://openalex.org/P4310320006,American Chemical Society,https://doi.org/10.1021/acs.jpcc.5c04653,NA,NA,publishedVersion
,https://doi.org/10.1145/3763087,2025,article,TRUE,Proceedings of the ACM on Programming Languages,https://openalex.org/S4210216081,2475-1421,https://openalex.org/P4310319798,Association for Computing Machinery,https://doi.org/10.1145/3763087,NA,cc-by,publishedVersion
,https://doi.org/10.26434/chemrxiv-2025-glvc2,2025,article,FALSE,ChemRxiv,https://openalex.org/S4393918830,2573-2293,NA,NA,https://doi.org/10.26434/chemrxiv-2025-glvc2,NA,NA,acceptedVersion
,https://doi.org/10.1016/j.spinee.2025.08.272,2025,article,FALSE,The Spine Journal,https://openalex.org/S112180307,1529-9430,https://openalex.org/P4310320990,Elsevier BV,https://doi.org/10.1016/j.spinee.2025.08.272,NA,NA,publishedVersion
,https://doi.org/10.1007/978-3-032-19096-3_17,2026,preprint,FALSE,Communications in computer and information science,https://openalex.org/S2764900261,1865-0929,https://openalex.org/P4310319900,Springer Nature,https://doi.org/10.1007/978-3-032-19096-3_17,NA,NA,publishedVersion
,https://doi.org/10.1016/j.jelechem.2025.119522,2025,article,TRUE,Journal of Electroanalytical Chemistry,https://openalex.org/S143604795,1572-6657,https://openalex.org/P4310320990,Elsevier BV,https://doi.org/10.1016/j.jelechem.2025.119522,NA,cc-by,publishedVersion
,https://doi.org/10.1364/boe.576585,2025,article,TRUE,Biomedical Optics Express,https://openalex.org/S104118869,2156-7085,https://openalex.org/P4310315679,Optica Publishing Group,https://doi.org/10.1364/boe.576585,NA,cc-by,publishedVersion
,https://doi.org/10.26434/chemrxiv-2025-vtj3k,2025,article,TRUE,ChemRxiv,https://openalex.org/S4393918830,2573-2293,NA,NA,https://doi.org/10.26434/chemrxiv-2025-vtj3k,NA,cc-by,acceptedVersion
,https://doi.org/10.1021/acsomega.5c07236,2025,article,TRUE,ACS Omega,https://openalex.org/S4210239500,2470-1343,https://openalex.org/P4310320006,American Chemical Society,https://doi.org/10.1021/acsomega.5c07236,NA,NA,publishedVersion
,https://doi.org/10.1186/s12974-025-03584-3,2025,article,TRUE,Journal of Neuroinflammation,https://openalex.org/S199572710,1742-2094,https://openalex.org/P4310320256,Springer Nature,https://doi.org/10.1186/s12974-025-03584-3,https://jneuroinflammation.biomedcentral.com/counter/pdf/10.1186/s12974-025-03584-3,cc-by,publishedVersion
,https://doi.org/10.1111/mec.70146,2025,article,TRUE,Molecular Ecology,https://openalex.org/S22454499,0962-1083,https://openalex.org/P4310320595,Wiley,https://doi.org/10.1111/mec.70146,NA,cc-by,publishedVersion
,https://doi.org/10.1002/alz.70741,2025,article,TRUE,Alzheimer s & Dementia,https://openalex.org/S108427512,1552-5260,https://openalex.org/P4310320595,Wiley,https://doi.org/10.1002/alz.70741,https://onlinelibrary.wiley.com/doi/pdfdirect/10.1002/alz.70741,cc-by,publishedVersion
,https://doi.org/10.1016/j.neubiorev.2025.106393,2025,review,TRUE,Neuroscience & Biobehavioral Reviews,https://openalex.org/S170052170,0149-7634,https://openalex.org/P4310320990,Elsevier BV,https://doi.org/10.1016/j.neubiorev.2025.106393,NA,cc-by,publishedVersion
,https://doi.org/10.1055/a-2663-2010,2025,article,FALSE,Aktuelle Dermatologie,https://openalex.org/S9749920,0340-2541,https://openalex.org/P4310320000,Thieme Medical Publishers (Germany),https://doi.org/10.1055/a-2663-2010,NA,NA,publishedVersion
,https://doi.org/10.21203/rs.3.rs-7697174/v1,2025,preprint,TRUE,Research Square,https://openalex.org/S4306525896,NA,NA,NA,https://doi.org/10.21203/rs.3.rs-7697174/v1,https://www.researchsquare.com/article/rs-7697174/latest.pdf,cc-by,acceptedVersion
,https://doi.org/10.2174/0117450179395261251006055231,2025,article,TRUE,Clinical Practice and Epidemiology in Mental Health,https://openalex.org/S41760973,1745-0179,https://openalex.org/P4310320079,Bentham Science Publishers,https://doi.org/10.2174/0117450179395261251006055231,NA,cc-by,publishedVersion
,https://doi.org/10.1007/s00415-025-13310-x,2025,article,TRUE,Journal of Neurology,https://openalex.org/S175814247,0340-5354,https://openalex.org/P4310319900,Springer Nature,https://doi.org/10.1007/s00415-025-13310-x,https://link.springer.com/content/pdf/10.1007/s00415-025-13310-x.pdf,cc-by,publishedVersion
,https://doi.org/10.6019/s-bsst2239,2025,dataset,FALSE,NA,NA,NA,NA,NA,https://doi.org/10.6019/s-bsst2239,NA,NA,publishedVersion
,https://doi.org/10.1007/s11060-025-05279-4,2025,article,TRUE,Journal of Neuro-Oncology,https://openalex.org/S175922936,0167-594X,https://openalex.org/P4310319900,Springer Nature,https://doi.org/10.1007/s11060-025-05279-4,https://link.springer.com/content/pdf/10.1007/s11060-025-05279-4.pdf,cc-by,publishedVersion
,https://doi.org/10.26434/chemrxiv-2024-srqv5-v3,2025,article,TRUE,ChemRxiv,https://openalex.org/S4393918830,2573-2293,NA,NA,https://doi.org/10.26434/chemrxiv-2024-srqv5-v3,NA,cc-by,acceptedVersion
,https://doi.org/10.1007/s00292-025-01475-1,2025,article,TRUE,Die Pathologie,https://openalex.org/S4387280373,2731-7188,https://openalex.org/P4310319900,Springer Nature,https://doi.org/10.1007/s00292-025-01475-1,https://link.springer.com/content/pdf/10.1007/s00292-025-01475-1.pdf,NA,publishedVersion
,https://doi.org/10.1016/j.jcis.2025.139286,2025,article,TRUE,Journal of Colloid and Interface Science,https://openalex.org/S204609040,0021-9797,https://openalex.org/P4310320990,Elsevier BV,https://doi.org/10.1016/j.jcis.2025.139286,NA,cc-by,publishedVersion
,https://doi.org/10.1038/s41380-025-03307-3,2025,article,TRUE,Molecular Psychiatry,https://openalex.org/S71149355,1359-4184,https://openalex.org/P4310319965,Springer Nature,https://doi.org/10.1038/s41380-025-03307-3,https://www.nature.com/articles/s41380-025-03307-3.pdf,cc-by,publishedVersion
,https://doi.org/10.1055/s-0045-1812231,2025,article,FALSE,Ultraschall in der Medizin - European Journal of Ultrasound,https://openalex.org/S50260976,0172-4614,https://openalex.org/P4310321135,Thieme Medical Publishers (Germany),https://doi.org/10.1055/s-0045-1812231,NA,NA,publishedVersion
,https://doi.org/10.1055/s-0045-1812247,2025,article,FALSE,Ultraschall in der Medizin - European Journal of Ultrasound,https://openalex.org/S50260976,0172-4614,https://openalex.org/P4310321135,Thieme Medical Publishers (Germany),https://doi.org/10.1055/s-0045-1812247,NA,NA,publishedVersion
,https://doi.org/10.1093/mnras/staf1798,2025,article,TRUE,Monthly Notices of the Royal Astronomical Society,https://openalex.org/S195663288,0035-8711,https://openalex.org/P4310311648,Oxford University Press,https://doi.org/10.1093/mnras/staf1798,NA,cc-by,publishedVersion
,https://doi.org/10.1101/2025.10.18.683237,2025,preprint,TRUE,bioRxiv (Cold Spring Harbor Laboratory),https://openalex.org/S4306402567,NA,https://openalex.org/I2750212522,Cold Spring Harbor Laboratory,https://doi.org/10.1101/2025.10.18.683237,https://www.biorxiv.org/content/biorxiv/early/2025/10/20/2025.10.18.683237.full.pdf,cc-by-nc-nd,acceptedVersion
,https://doi.org/10.1088/1367-2630/ae15b7,2025,article,TRUE,New Journal of Physics,https://openalex.org/S148121101,1367-2630,https://openalex.org/P4310320083,Institute of Physics,https://doi.org/10.1088/1367-2630/ae15b7,NA,cc-by,publishedVersion
,https://doi.org/10.3390/ai6100275,2025,article,TRUE,AI,https://openalex.org/S4210200511,2673-2688,https://openalex.org/P4310310987,Multidisciplinary Digital Publishing Institute,https://doi.org/10.3390/ai6100275,https://www.mdpi.com/2673-2688/6/10/275/pdf?version=1761059973,cc-by,publishedVersion
,https://doi.org/10.1007/s10049-025-01638-w,2025,article,TRUE,Notfall + Rettungsmedizin,https://openalex.org/S205749764,1434-6222,https://openalex.org/P4310319900,Springer Nature,https://doi.org/10.1007/s10049-025-01638-w,https://link.springer.com/content/pdf/10.1007/s10049-025-01638-w.pdf,cc-by,publishedVersion
,https://doi.org/10.1063/5.0286998,2025,article,TRUE,APL Photonics,https://openalex.org/S4210226744,2378-0967,https://openalex.org/P4310320061,American Institute of Physics,https://doi.org/10.1063/5.0286998,https://pubs.aip.org/aip/app/article-pdf/doi/10.1063/5.0286998/20770020/106120_1_5.0286998.pdf,cc-by,publishedVersion
,https://doi.org/10.1016/j.jacc.2025.09.1183,2025,article,FALSE,Journal of the American College of Cardiology,https://openalex.org/S60865174,0735-1097,https://openalex.org/P4310320990,Elsevier BV,https://doi.org/10.1016/j.jacc.2025.09.1183,NA,NA,publishedVersion
,https://doi.org/10.1016/j.jacc.2025.09.306,2025,article,FALSE,Journal of the American College of Cardiology,https://openalex.org/S60865174,0735-1097,https://openalex.org/P4310320990,Elsevier BV,https://doi.org/10.1016/j.jacc.2025.09.306,NA,NA,publishedVersion
,https://doi.org/10.1016/j.jacc.2025.09.090,2025,article,FALSE,Journal of the American College of Cardiology,https://openalex.org/S60865174,0735-1097,https://openalex.org/P4310320990,Elsevier BV,https://doi.org/10.1016/j.jacc.2025.09.090,NA,NA,publishedVersion
,https://doi.org/10.1016/j.jacc.2025.09.1068,2025,article,FALSE,Journal of the American College of Cardiology,https://openalex.org/S60865174,0735-1097,https://openalex.org/P4310320990,Elsevier BV,https://doi.org/10.1016/j.jacc.2025.09.1068,NA,NA,publishedVersion
,https://doi.org/10.1016/j.jacc.2025.09.1016,2025,article,FALSE,Journal of the American College of Cardiology,https://openalex.org/S60865174,0735-1097,https://openalex.org/P4310320990,Elsevier BV,https://doi.org/10.1016/j.jacc.2025.09.1016,NA,NA,publishedVersion
,https://doi.org/10.1016/j.jacc.2025.09.076,2025,article,FALSE,Journal of the American College of Cardiology,https://openalex.org/S60865174,0735-1097,https://openalex.org/P4310320990,Elsevier BV,https://doi.org/10.1016/j.jacc.2025.09.076,NA,NA,publishedVersion
,https://doi.org/10.1016/j.jacc.2025.09.1066,2025,article,FALSE,Journal of the American College of Cardiology,https://openalex.org/S60865174,0735-1097,https://openalex.org/P4310320990,Elsevier BV,https://doi.org/10.1016/j.jacc.2025.09.1066,NA,NA,publishedVersion
,https://doi.org/10.3390/ijerph22111607,2025,article,TRUE,International Journal of Environmental Research and Public Health,https://openalex.org/S15239247,1660-4601,https://openalex.org/P4310310987,Multidisciplinary Digital Publishing Institute,https://doi.org/10.3390/ijerph22111607,https://www.mdpi.com/1660-4601/22/11/1607/pdf?version=1761125627,cc-by,publishedVersion
,https://doi.org/10.1021/acs.jpcb.5c03518,2025,article,TRUE,The Journal of Physical Chemistry B,https://openalex.org/S185621672,1520-5207,https://openalex.org/P4310320006,American Chemical Society,https://doi.org/10.1021/acs.jpcb.5c03518,NA,cc-by,publishedVersion
,https://doi.org/10.1016/j.eclinm.2025.103600,2025,erratum,TRUE,EClinicalMedicine,https://openalex.org/S2898347799,2589-5370,https://openalex.org/P4310320990,Elsevier BV,https://doi.org/10.1016/j.eclinm.2025.103600,https://www.thelancet.com/pdfs/journals/eclinm/PIIS2589-5370(25)00534-6.pdf,NA,publishedVersion
,https://doi.org/10.2337/dc25-1195,2025,article,FALSE,Diabetes Care,https://openalex.org/S49878492,0149-5992,https://openalex.org/P4310320274,American Diabetes Association,https://doi.org/10.2337/dc25-1195,NA,NA,publishedVersion
,https://doi.org/10.3389/fmicb.2025.1669022,2025,article,TRUE,Frontiers in Microbiology,https://openalex.org/S2484704948,1664-302X,https://openalex.org/P4310320527,Frontiers Media,https://doi.org/10.3389/fmicb.2025.1669022,https://public-pages-files-2025.frontiersin.org/journals/microbiology/articles/10.3389/fmicb.2025.1669022/pdf,cc-by,publishedVersion
,https://doi.org/10.1007/s00112-025-02289-4,2025,article,FALSE,Monatsschrift Kinderheilkunde,https://openalex.org/S202200076,0026-9298,https://openalex.org/P4310320090,Springer Nature,https://doi.org/10.1007/s00112-025-02289-4,NA,NA,publishedVersion
,https://doi.org/10.1016/j.isci.2025.113847,2025,article,TRUE,iScience,https://openalex.org/S2898358376,2589-0042,https://openalex.org/P4310315673,Elsevier BV,https://doi.org/10.1016/j.isci.2025.113847,NA,NA,publishedVersion
,https://doi.org/10.1145/3746027.3755018,2025,article,TRUE,NA,NA,NA,NA,NA,https://doi.org/10.1145/3746027.3755018,NA,cc-by,publishedVersion
,https://doi.org/10.1016/j.biopha.2025.118693,2025,article,TRUE,Biomedicine & Pharmacotherapy,https://openalex.org/S15111687,0753-3322,https://openalex.org/P4310320990,Elsevier BV,https://doi.org/10.1016/j.biopha.2025.118693,NA,cc-by-nc-nd,publishedVersion
,https://doi.org/10.1007/s00787-025-02902-7,2025,article,TRUE,European Child & Adolescent Psychiatry,https://openalex.org/S159275680,1018-8827,https://openalex.org/P4310319900,Springer Nature,https://doi.org/10.1007/s00787-025-02902-7,https://link.springer.com/content/pdf/10.1007/s00787-025-02902-7.pdf,cc-by,publishedVersion
,https://doi.org/10.1109/radarconf2559087.2025.11204890,2025,article,FALSE,NA,NA,NA,NA,NA,https://doi.org/10.1109/radarconf2559087.2025.11204890,NA,NA,publishedVersion
,https://doi.org/10.1101/2025.10.27.684809,2025,preprint,TRUE,bioRxiv (Cold Spring Harbor Laboratory),https://openalex.org/S4306402567,NA,https://openalex.org/I2750212522,Cold Spring Harbor Laboratory,https://doi.org/10.1101/2025.10.27.684809,https://www.biorxiv.org/content/biorxiv/early/2025/10/27/2025.10.27.684809.full.pdf,cc-by,acceptedVersion
,https://doi.org/10.1101/2025.10.27.684817,2025,preprint,TRUE,bioRxiv (Cold Spring Harbor Laboratory),https://openalex.org/S4306402567,NA,https://openalex.org/I2750212522,Cold Spring Harbor Laboratory,https://doi.org/10.1101/2025.10.27.684817,https://www.biorxiv.org/content/biorxiv/early/2025/10/27/2025.10.27.684817.full.pdf,cc-by,acceptedVersion
,https://doi.org/10.1016/j.phytol.2025.103927,2025,article,FALSE,Phytochemistry Letters,https://openalex.org/S127984601,1874-3900,https://openalex.org/P4310320990,Elsevier BV,https://doi.org/10.1016/j.phytol.2025.103927,NA,NA,publishedVersion
,https://doi.org/10.1007/s00068-025-02993-6,2025,article,TRUE,European Journal of Trauma and Emergency Surgery,https://openalex.org/S90626604,1863-9933,https://openalex.org/P4310319900,Springer Nature,https://doi.org/10.1007/s00068-025-02993-6,https://link.springer.com/content/pdf/10.1007/s00068-025-02993-6.pdf,cc-by,publishedVersion
,https://doi.org/10.1186/s13073-025-01564-z,2025,article,TRUE,Genome Medicine,https://openalex.org/S149201819,1756-994X,https://openalex.org/P4310320256,Springer Nature,https://doi.org/10.1186/s13073-025-01564-z,https://genomemedicine.biomedcentral.com/counter/pdf/10.1186/s13073-025-01564-z,cc-by,publishedVersion
,https://doi.org/10.1007/s00129-025-05427-x,2025,article,FALSE,Die Gynäkologie,https://openalex.org/S4387280369,2731-7102,https://openalex.org/P4310319900,Springer Nature,https://doi.org/10.1007/s00129-025-05427-x,NA,NA,publishedVersion
,https://doi.org/10.1016/j.biopha.2025.118705,2025,article,TRUE,Biomedicine & Pharmacotherapy,https://openalex.org/S15111687,0753-3322,https://openalex.org/P4310320990,Elsevier BV,https://doi.org/10.1016/j.biopha.2025.118705,NA,cc-by-nc-nd,publishedVersion
,https://doi.org/10.1002/hem3.70246,2025,letter,TRUE,HemaSphere,https://openalex.org/S4210211592,2572-9241,https://openalex.org/P4310318547,Wolters Kluwer,https://doi.org/10.1002/hem3.70246,https://onlinelibrary.wiley.com/doi/pdfdirect/10.1002/hem3.70246,cc-by-nc-nd,publishedVersion
,https://doi.org/10.1088/2053-1583/ae1848,2025,article,FALSE,2D Materials,https://openalex.org/S4210229423,2053-1583,https://openalex.org/P4310320083,Institute of Physics,https://doi.org/10.1088/2053-1583/ae1848,NA,NA,publishedVersion
,https://doi.org/10.1101/2025.10.28.684997,2025,preprint,TRUE,bioRxiv (Cold Spring Harbor Laboratory),https://openalex.org/S4306402567,NA,https://openalex.org/I2750212522,Cold Spring Harbor Laboratory,https://doi.org/10.1101/2025.10.28.684997,https://www.biorxiv.org/content/biorxiv/early/2025/10/28/2025.10.28.684997.full.pdf,cc-by,acceptedVersion
,https://doi.org/10.3390/jfb16110399,2025,article,TRUE,Journal of Functional Biomaterials,https://openalex.org/S86392829,2079-4983,https://openalex.org/P4310310987,Multidisciplinary Digital Publishing Institute,https://doi.org/10.3390/jfb16110399,NA,cc-by,publishedVersion
,https://doi.org/10.21203/rs.3.rs-7796547/v1,2025,preprint,TRUE,Research Square,https://openalex.org/S4306525896,NA,NA,NA,https://doi.org/10.21203/rs.3.rs-7796547/v1,https://www.researchsquare.com/article/rs-7796547/latest.pdf,cc-by,acceptedVersion
,https://doi.org/10.1101/2025.10.28.685013,2025,preprint,TRUE,bioRxiv (Cold Spring Harbor Laboratory),https://openalex.org/S4306402567,NA,https://openalex.org/I2750212522,Cold Spring Harbor Laboratory,https://doi.org/10.1101/2025.10.28.685013,https://www.biorxiv.org/content/biorxiv/early/2025/10/28/2025.10.28.685013.full.pdf,cc-by-nc-nd,acceptedVersion
,https://doi.org/10.3390/curroncol32110597,2025,review,TRUE,Current Oncology,https://openalex.org/S113449754,1198-0052,https://openalex.org/P4310310987,Multidisciplinary Digital Publishing Institute,https://doi.org/10.3390/curroncol32110597,https://www.mdpi.com/1718-7729/32/11/597/pdf?version=1761302697,cc-by,publishedVersion
,https://doi.org/10.1177/08977151251386008,2025,article,TRUE,Journal of Neurotrauma,https://openalex.org/S85864898,0897-7151,https://openalex.org/P4310320443,"Mary Ann Liebert, Inc.",https://doi.org/10.1177/08977151251386008,NA,cc-by,publishedVersion
,https://doi.org/10.1007/s41666-025-00216-6,2025,article,TRUE,Journal of Healthcare Informatics Research,https://openalex.org/S4210196546,2509-4971,https://openalex.org/P4310319900,Springer Nature,https://doi.org/10.1007/s41666-025-00216-6,https://link.springer.com/content/pdf/10.1007/s41666-025-00216-6.pdf,cc-by,publishedVersion
,https://doi.org/10.1002/bimj.70082,2025,article,TRUE,Biometrical Journal,https://openalex.org/S126457381,0323-3847,https://openalex.org/P4310320595,Wiley,https://doi.org/10.1002/bimj.70082,https://onlinelibrary.wiley.com/doi/pdfdirect/10.1002/bimj.70082,cc-by,publishedVersion
,https://doi.org/10.1101/2025.10.28.685010,2025,preprint,TRUE,bioRxiv (Cold Spring Harbor Laboratory),https://openalex.org/S4306402567,NA,https://openalex.org/I2750212522,Cold Spring Harbor Laboratory,https://doi.org/10.1101/2025.10.28.685010,https://www.biorxiv.org/content/biorxiv/early/2025/10/29/2025.10.28.685010.full.pdf,cc-by,acceptedVersion
,https://doi.org/10.1016/j.bpsc.2025.10.012,2025,article,TRUE,Biological Psychiatry Cognitive Neuroscience and Neuroimaging,https://openalex.org/S2898601774,2451-9022,https://openalex.org/P4310320990,Elsevier BV,https://doi.org/10.1016/j.bpsc.2025.10.012,NA,cc-by,publishedVersion
,https://doi.org/10.1016/j.cose.2025.104732,2025,article,TRUE,Computers & Security,https://openalex.org/S12529635,0167-4048,https://openalex.org/P4310320990,Elsevier BV,https://doi.org/10.1016/j.cose.2025.104732,NA,cc-by,publishedVersion
,https://doi.org/10.1007/s00292-025-01490-2,2025,article,FALSE,Die Pathologie,https://openalex.org/S4387280373,2731-7188,https://openalex.org/P4310319900,Springer Nature,https://doi.org/10.1007/s00292-025-01490-2,NA,NA,publishedVersion
,https://doi.org/10.1186/s40478-025-02129-2,2025,article,TRUE,Acta Neuropathologica Communications,https://openalex.org/S2764650462,2051-5960,https://openalex.org/P4310319900,Springer Nature,https://doi.org/10.1186/s40478-025-02129-2,https://actaneurocomms.biomedcentral.com/counter/pdf/10.1186/s40478-025-02129-2,cc-by,publishedVersion
,https://doi.org/10.1186/s12880-025-02006-3,2025,article,TRUE,BMC Medical Imaging,https://openalex.org/S6505649,1471-2342,https://openalex.org/P4310320256,Springer Nature,https://doi.org/10.1186/s12880-025-02006-3,https://bmcmedimaging.biomedcentral.com/counter/pdf/10.1186/s12880-025-02006-3,cc-by,publishedVersion
,https://doi.org/10.1097/shk.0000000000002745,2025,article,FALSE,Shock,https://openalex.org/S174819509,1073-2322,https://openalex.org/P4310315671,Wolters Kluwer,https://doi.org/10.1097/shk.0000000000002745,NA,NA,publishedVersion
,https://doi.org/10.1016/j.ijpx.2025.100432,2025,article,TRUE,International Journal of Pharmaceutics X,https://openalex.org/S4210204060,2590-1567,https://openalex.org/P4310320990,Elsevier BV,https://doi.org/10.1016/j.ijpx.2025.100432,NA,cc-by-nc-nd,publishedVersion
,https://doi.org/10.3390/jcm14217703,2025,article,TRUE,Journal of Clinical Medicine,https://openalex.org/S2737969411,2077-0383,https://openalex.org/P4310310987,Multidisciplinary Digital Publishing Institute,https://doi.org/10.3390/jcm14217703,NA,cc-by,publishedVersion
,https://doi.org/10.2340/actadv.v105.43176,2025,article,TRUE,Acta Dermato Venereologica,https://openalex.org/S4210210846,0001-5555,https://openalex.org/P4310317100,Soc for Publication of Acta Dermato-Venereologica,https://doi.org/10.2340/actadv.v105.43176,https://medicaljournalssweden.se/actadv/article/download/43176/51879,cc-by-nc,publishedVersion
,https://doi.org/10.1111/1365-2656.70168,2025,article,TRUE,Journal of Animal Ecology,https://openalex.org/S33456383,0021-8790,https://openalex.org/P4310320595,Wiley,https://doi.org/10.1111/1365-2656.70168,https://onlinelibrary.wiley.com/doi/pdfdirect/10.1111/1365-2656.70168,cc-by,publishedVersion
,https://doi.org/10.21037/jtd-2025-655,2025,article,TRUE,Journal of Thoracic Disease,https://openalex.org/S2754193772,2072-1439,https://openalex.org/P4310321814,AME Publishing Company,https://doi.org/10.21037/jtd-2025-655,NA,cc-by-nc-nd,publishedVersion
,https://doi.org/10.1182/bloodadvances.2025017541,2025,article,TRUE,Blood Advances,https://openalex.org/S2764683450,2473-9529,https://openalex.org/P4310320990,Elsevier BV,https://doi.org/10.1182/bloodadvances.2025017541,https://ashpublications.org/bloodadvances/article-pdf/doi/10.1182/bloodadvances.2025017541/2418974/bloodadvances.2025017541.pdf,cc-by-nc-nd,publishedVersion
,https://doi.org/10.1016/j.pan.2025.07.156,2025,article,FALSE,Pancreatology,https://openalex.org/S193617204,1424-3903,https://openalex.org/P4310320990,Elsevier BV,https://doi.org/10.1016/j.pan.2025.07.156,NA,NA,publishedVersion
,https://doi.org/10.1016/j.pan.2025.07.109,2025,article,FALSE,Pancreatology,https://openalex.org/S193617204,1424-3903,https://openalex.org/P4310320990,Elsevier BV,https://doi.org/10.1016/j.pan.2025.07.109,NA,NA,publishedVersion
,https://doi.org/10.1016/j.pan.2025.07.398,2025,article,FALSE,Pancreatology,https://openalex.org/S193617204,1424-3903,https://openalex.org/P4310320990,Elsevier BV,https://doi.org/10.1016/j.pan.2025.07.398,NA,NA,publishedVersion
,https://doi.org/10.1109/bcicts63111.2025.11211499,2025,article,FALSE,NA,NA,NA,NA,NA,https://doi.org/10.1109/bcicts63111.2025.11211499,NA,NA,publishedVersion
,https://doi.org/10.1099/jgv.0.002160,2025,article,TRUE,Journal of General Virology,https://openalex.org/S103035011,0022-1317,https://openalex.org/P4310320497,Microbiology Society,https://doi.org/10.1099/jgv.0.002160,NA,cc-by,publishedVersion
,https://doi.org/10.1007/s10664-025-10724-z,2025,article,TRUE,Empirical Software Engineering,https://openalex.org/S109852484,1382-3256,https://openalex.org/P4310319900,Springer Nature,https://doi.org/10.1007/s10664-025-10724-z,https://link.springer.com/content/pdf/10.1007/s10664-025-10724-z.pdf,cc-by,publishedVersion
,https://doi.org/10.3389/fbinf.2025.1665892,2025,article,TRUE,Frontiers in Bioinformatics,https://openalex.org/S4210219554,2673-7647,https://openalex.org/P4310320527,Frontiers Media,https://doi.org/10.3389/fbinf.2025.1665892,https://public-pages-files-2025.frontiersin.org/journals/bioinformatics/articles/10.3389/fbinf.2025.1665892/pdf,cc-by,publishedVersion
,https://doi.org/10.1038/s41598-025-21475-8,2025,article,TRUE,Scientific Reports,https://openalex.org/S196734849,2045-2322,https://openalex.org/P4310319908,Springer Nature,https://doi.org/10.1038/s41598-025-21475-8,https://www.nature.com/articles/s41598-025-21475-8.pdf,cc-by,publishedVersion
,https://doi.org/10.1007/s00586-025-09506-4,2025,article,FALSE,European Spine Journal,https://openalex.org/S100227592,0940-6719,https://openalex.org/P4310319900,Springer Nature,https://doi.org/10.1007/s00586-025-09506-4,NA,NA,publishedVersion
,https://doi.org/10.1016/j.archger.2025.106076,2025,article,TRUE,Archives of Gerontology and Geriatrics,https://openalex.org/S153378518,0167-4943,https://openalex.org/P4310320990,Elsevier BV,https://doi.org/10.1016/j.archger.2025.106076,NA,cc-by,publishedVersion
,https://doi.org/10.37236/13629,2025,article,TRUE,The Electronic Journal of Combinatorics,https://openalex.org/S38448739,1077-8926,https://openalex.org/P4310317970,Electronic Journal of Combinatorics,https://doi.org/10.37236/13629,https://www.combinatorics.org/ojs/index.php/eljc/article/download/v32i4p25/pdf,cc-by,publishedVersion
,https://doi.org/10.1016/j.cogsys.2025.101417,2025,article,TRUE,Cognitive Systems Research,https://openalex.org/S96254641,1389-0417,https://openalex.org/P4310320990,Elsevier BV,https://doi.org/10.1016/j.cogsys.2025.101417,NA,cc-by,publishedVersion
,https://doi.org/10.1055/a-2717-7930,2025,article,TRUE,Geburtshilfe und Frauenheilkunde,https://openalex.org/S146294059,0016-5751,https://openalex.org/P4310320000,Thieme Medical Publishers (Germany),https://doi.org/10.1055/a-2717-7930,http://www.thieme-connect.de/products/ejournals/pdf/10.1055/a-2717-7930.pdf,cc-by-nc-nd,publishedVersion
,https://doi.org/10.1007/s43630-025-00803-x,2025,article,TRUE,Photochemical & Photobiological Sciences,https://openalex.org/S65504228,1474-905X,https://openalex.org/P4310319900,Springer Nature,https://doi.org/10.1007/s43630-025-00803-x,https://link.springer.com/content/pdf/10.1007/s43630-025-00803-x.pdf,cc-by,publishedVersion
,https://doi.org/10.1016/j.ejcped.2025.100412,2025,article,TRUE,EJC Paediatric Oncology,https://openalex.org/S4220651948,2772-610X,https://openalex.org/P4310320990,Elsevier BV,https://doi.org/10.1016/j.ejcped.2025.100412,https://www.ejcped.com/article/S2772-610X(25)00201-6/pdf,NA,publishedVersion
,https://doi.org/10.1111/all.70130,2025,article,TRUE,Allergy,https://openalex.org/S68090385,0105-4538,https://openalex.org/P4310320595,Wiley,https://doi.org/10.1111/all.70130,https://onlinelibrary.wiley.com/doi/pdfdirect/10.1111/all.70130,cc-by,publishedVersion
,https://doi.org/10.1007/s10902-025-00967-4,2025,article,TRUE,Journal of Happiness Studies,https://openalex.org/S202734349,1389-4978,https://openalex.org/P4310319900,Springer Nature,https://doi.org/10.1007/s10902-025-00967-4,https://link.springer.com/content/pdf/10.1007/s10902-025-00967-4.pdf,cc-by,publishedVersion
,https://doi.org/10.1007/s41449-025-00492-3,2025,article,TRUE,Zeitschrift für Arbeitswissenschaft,https://openalex.org/S4210175799,0340-2444,https://openalex.org/P4310319900,Springer Nature,https://doi.org/10.1007/s41449-025-00492-3,https://link.springer.com/content/pdf/10.1007/s41449-025-00492-3.pdf,cc-by,publishedVersion
,https://doi.org/10.48550/arxiv.2510.19886,2025,preprint,TRUE,ArXiv.org,https://openalex.org/S4393918464,2331-8422,NA,NA,http://arxiv.org/abs/2510.19886,https://arxiv.org/pdf/2510.19886,NA,submittedVersion
,https://doi.org/10.1002/aic.70119,2025,article,TRUE,AIChE Journal,https://openalex.org/S147177414,0001-1541,https://openalex.org/P4310320595,Wiley,https://doi.org/10.1002/aic.70119,https://onlinelibrary.wiley.com/doi/pdfdirect/10.1002/aic.70119,cc-by,publishedVersion
,https://doi.org/10.1021/acs.est.5c04956,2025,article,TRUE,Environmental Science & Technology,https://openalex.org/S13479253,0013-936X,https://openalex.org/P4310320006,American Chemical Society,https://doi.org/10.1021/acs.est.5c04956,NA,cc-by,publishedVersion
,https://doi.org/10.1515/medgen-2025-2030,2025,article,TRUE,Medizinische Genetik,https://openalex.org/S182554291,0936-5931,https://openalex.org/P4310319965,Springer Nature,https://doi.org/10.1515/medgen-2025-2030,https://www.degruyterbrill.com/document/doi/10.1515/medgen-2025-2030/pdf,cc-by,publishedVersion
,https://doi.org/10.1515/medgen-2025-2029,2025,article,TRUE,Medizinische Genetik,https://openalex.org/S182554291,0936-5931,https://openalex.org/P4310319965,Springer Nature,https://doi.org/10.1515/medgen-2025-2029,https://www.degruyterbrill.com/document/doi/10.1515/medgen-2025-2029/pdf,cc-by,publishedVersion
,https://doi.org/10.1515/medgen-2025-2042,2025,article,TRUE,Medizinische Genetik,https://openalex.org/S182554291,0936-5931,https://openalex.org/P4310319965,Springer Nature,https://doi.org/10.1515/medgen-2025-2042,https://www.degruyterbrill.com/document/doi/10.1515/medgen-2025-2042/pdf,cc-by,publishedVersion
,https://doi.org/10.1371/journal.pone.0336209,2025,article,TRUE,PLoS ONE,https://openalex.org/S202381698,1932-6203,https://openalex.org/P4310315706,Public Library of Science,https://doi.org/10.1371/journal.pone.0336209,NA,cc-by,publishedVersion
,https://doi.org/10.26434/chemrxiv-2025-snzm5,2025,article,TRUE,ChemRxiv,https://openalex.org/S4393918830,2573-2293,NA,NA,https://doi.org/10.26434/chemrxiv-2025-snzm5,NA,cc-by,acceptedVersion
,https://doi.org/10.1055/a-2628-5810,2025,article,TRUE,Nervenheilkunde,https://openalex.org/S143149996,0722-1541,https://openalex.org/P4310321135,Thieme Medical Publishers (Germany),https://doi.org/10.1055/a-2628-5810,http://www.thieme-connect.de/products/ejournals/pdf/10.1055/a-2628-5810.pdf,NA,publishedVersion
,https://doi.org/10.1016/j.joca.2025.11.002,2025,article,TRUE,Osteoarthritis and Cartilage,https://openalex.org/S13054843,1063-4584,https://openalex.org/P4310320990,Elsevier BV,https://doi.org/10.1016/j.joca.2025.11.002,NA,cc-by,publishedVersion
,https://doi.org/10.1103/wgmf-88lv,2026,preprint,TRUE,Physical review. D/Physical review. D.,https://openalex.org/S4210238307,2470-0010,https://openalex.org/P4310320261,American Physical Society,https://doi.org/10.1103/wgmf-88lv,NA,cc-by,publishedVersion
,https://doi.org/10.1111/ene.70424,2025,article,TRUE,European Journal of Neurology,https://openalex.org/S162635963,1351-5101,https://openalex.org/P4310320595,Wiley,https://doi.org/10.1111/ene.70424,https://onlinelibrary.wiley.com/doi/pdfdirect/10.1111/ene.70424,cc-by,publishedVersion
,https://doi.org/10.3389/fpsyt.2025.1624474,2025,article,TRUE,Frontiers in Psychiatry,https://openalex.org/S92766711,1664-0640,https://openalex.org/P4310320527,Frontiers Media,https://doi.org/10.3389/fpsyt.2025.1624474,https://public-pages-files-2025.frontiersin.org/journals/psychiatry/articles/10.3389/fpsyt.2025.1624474/pdf,cc-by,publishedVersion
,https://doi.org/10.3390/bioengineering12111228,2025,article,TRUE,Bioengineering,https://openalex.org/S4210179121,2306-5354,https://openalex.org/P4310310987,Multidisciplinary Digital Publishing Institute,https://doi.org/10.3390/bioengineering12111228,https://www.mdpi.com/2306-5354/12/11/1228/pdf,cc-by,publishedVersion
,https://doi.org/10.1111/jch.70174,2025,article,TRUE,Journal of Clinical Hypertension,https://openalex.org/S154226970,1524-6175,https://openalex.org/P4310320595,Wiley,https://doi.org/10.1111/jch.70174,https://onlinelibrary.wiley.com/doi/pdfdirect/10.1111/jch.70174,cc-by-nc-nd,publishedVersion
,https://doi.org/10.1101/2025.11.08.687092,2025,preprint,TRUE,bioRxiv (Cold Spring Harbor Laboratory),https://openalex.org/S4306402567,NA,https://openalex.org/I2750212522,Cold Spring Harbor Laboratory,https://doi.org/10.1101/2025.11.08.687092,https://www.biorxiv.org/content/biorxiv/early/2025/11/09/2025.11.08.687092.full.pdf,cc-by-nc,acceptedVersion
,https://doi.org/10.1002/1878-0261.70148,2025,article,TRUE,Molecular Oncology,https://openalex.org/S80282989,1574-7891,https://openalex.org/P4310320990,Elsevier BV,https://doi.org/10.1002/1878-0261.70148,NA,cc-by,publishedVersion
,https://doi.org/10.1002/cssc.202501463,2025,article,TRUE,ChemSusChem,https://openalex.org/S193447295,1864-5631,https://openalex.org/P4310320595,Wiley,https://doi.org/10.1002/cssc.202501463,https://onlinelibrary.wiley.com/doi/pdfdirect/10.1002/cssc.202501463,cc-by,publishedVersion
,https://doi.org/10.1128/spectrum.01971-25,2025,article,TRUE,Microbiology Spectrum,https://openalex.org/S2764766708,2165-0497,https://openalex.org/P4310320263,American Society for Microbiology,https://doi.org/10.1128/spectrum.01971-25,NA,cc-by,publishedVersion
,https://doi.org/10.1093/neuonc/noaf201.1726,2025,article,TRUE,Neuro-Oncology,https://openalex.org/S106908163,1522-8517,https://openalex.org/P4310311648,Oxford University Press,https://doi.org/10.1093/neuonc/noaf201.1726,https://academic.oup.com/neuro-oncology/article-pdf/27/Supplement_5/v436/65258359/noaf201.1726.pdf,NA,publishedVersion
,https://doi.org/10.1093/neuonc/noaf201.0028,2025,article,FALSE,Neuro-Oncology,https://openalex.org/S106908163,1522-8517,https://openalex.org/P4310311648,Oxford University Press,https://doi.org/10.1093/neuonc/noaf201.0028,NA,NA,publishedVersion
,https://doi.org/10.1002/ppul.71335,2025,article,TRUE,Pediatric Pulmonology,https://openalex.org/S144578311,1099-0496,https://openalex.org/P4310320595,Wiley,https://doi.org/10.1002/ppul.71335,https://onlinelibrary.wiley.com/doi/pdfdirect/10.1002/ppul.71335,cc-by,publishedVersion
,https://doi.org/10.1007/s00117-025-01536-9,2025,article,FALSE,Die Radiologie,https://openalex.org/S4387280104,2731-7048,https://openalex.org/P4310319900,Springer Nature,https://doi.org/10.1007/s00117-025-01536-9,NA,NA,publishedVersion
,https://doi.org/10.1186/s12886-025-04496-9,2025,article,TRUE,BMC Ophthalmology,https://openalex.org/S49440999,1471-2415,https://openalex.org/P4310320256,Springer Nature,https://doi.org/10.1186/s12886-025-04496-9,https://bmcophthalmol.biomedcentral.com/counter/pdf/10.1186/s12886-025-04496-9,cc-by,publishedVersion
,https://doi.org/10.1159/000548783,2025,article,TRUE,Complementary Medicine Research,https://openalex.org/S2764745268,2504-2092,NA,NA,https://doi.org/10.1159/000548783,https://karger.com/cmr/article-pdf/doi/10.1159/000548783/4465622/000548783.pdf,cc-by-nc,publishedVersion
,https://doi.org/10.1364/boe.579246,2025,article,TRUE,Biomedical Optics Express,https://openalex.org/S104118869,2156-7085,https://openalex.org/P4310315679,Optica Publishing Group,https://doi.org/10.1364/boe.579246,NA,cc-by,publishedVersion
,https://doi.org/10.21203/rs.3.rs-7933370/v1,2025,preprint,TRUE,Research Square,https://openalex.org/S4306525896,NA,NA,NA,https://doi.org/10.21203/rs.3.rs-7933370/v1,https://www.researchsquare.com/article/rs-7933370/latest.pdf,cc-by,acceptedVersion
,https://doi.org/10.1186/s13034-025-00994-2,2025,article,TRUE,Child and Adolescent Psychiatry and Mental Health,https://openalex.org/S133884896,1753-2000,https://openalex.org/P4310320256,Springer Nature,https://doi.org/10.1186/s13034-025-00994-2,https://capmh.biomedcentral.com/counter/pdf/10.1186/s13034-025-00994-2,cc-by,publishedVersion
,https://doi.org/10.1007/s00436-025-08593-y,2025,article,TRUE,Parasitology Research,https://openalex.org/S155128447,0932-0113,https://openalex.org/P4310319900,Springer Nature,https://doi.org/10.1007/s00436-025-08593-y,NA,cc-by,publishedVersion
,https://doi.org/10.1161/circinterventions.125.016067,2025,article,FALSE,Circulation Cardiovascular Interventions,https://openalex.org/S177226689,1941-7632,https://openalex.org/P4310315671,Wolters Kluwer,https://doi.org/10.1161/circinterventions.125.016067,NA,NA,publishedVersion
,https://doi.org/10.1200/po-25-00529,2025,article,FALSE,JCO Precision Oncology,https://openalex.org/S4210227748,2473-4284,https://openalex.org/P4310315671,Wolters Kluwer,https://doi.org/10.1200/po-25-00529,NA,NA,publishedVersion
,https://doi.org/10.1186/s12913-025-13559-y,2025,article,TRUE,BMC Health Services Research,https://openalex.org/S12898181,1472-6963,https://openalex.org/P4310320256,Springer Nature,https://doi.org/10.1186/s12913-025-13559-y,https://bmchealthservres.biomedcentral.com/counter/pdf/10.1186/s12913-025-13559-y,cc-by,publishedVersion
,https://doi.org/10.1002/adfm.202521387,2025,article,TRUE,Advanced Functional Materials,https://openalex.org/S135204980,1616-301X,https://openalex.org/P4310320595,Wiley,https://doi.org/10.1002/adfm.202521387,NA,cc-by,publishedVersion
,https://doi.org/10.1007/s11634-025-00660-7,2025,article,FALSE,Advances in Data Analysis and Classification,https://openalex.org/S4210175730,1862-5347,https://openalex.org/P4310319900,Springer Nature,https://doi.org/10.1007/s11634-025-00660-7,NA,NA,publishedVersion
,https://doi.org/10.1101/gr.279487.124,2025,preprint,FALSE,Genome Research,https://openalex.org/S43092948,1088-9051,https://openalex.org/P4310315909,Cold Spring Harbor Laboratory Press,https://doi.org/10.1101/gr.279487.124,NA,NA,publishedVersion
,https://doi.org/10.1038/s41598-025-25453-y,2025,article,TRUE,Scientific Reports,https://openalex.org/S196734849,2045-2322,https://openalex.org/P4310319908,Springer Nature,https://doi.org/10.1038/s41598-025-25453-y,https://www.nature.com/articles/s41598-025-25453-y.pdf,cc-by,publishedVersion
,https://doi.org/10.1038/s41598-025-28217-w,2025,article,TRUE,Scientific Reports,https://openalex.org/S196734849,2045-2322,https://openalex.org/P4310319908,Springer Nature,https://doi.org/10.1038/s41598-025-28217-w,https://www.nature.com/articles/s41598-025-28217-w.pdf,cc-by,publishedVersion
,https://doi.org/10.1109/norcas66540.2025.11231273,2025,article,FALSE,NA,NA,NA,NA,NA,https://doi.org/10.1109/norcas66540.2025.11231273,NA,NA,publishedVersion
,https://doi.org/10.1021/acs.jpclett.5c03047,2025,article,FALSE,The Journal of Physical Chemistry Letters,https://openalex.org/S123480357,1948-7185,https://openalex.org/P4310320006,American Chemical Society,https://doi.org/10.1021/acs.jpclett.5c03047,NA,NA,publishedVersion
,https://doi.org/10.1007/s00104-025-02393-x,2025,article,TRUE,Die Chirurgie,https://openalex.org/S4387280403,2731-6971,https://openalex.org/P4310319900,Springer Nature,https://doi.org/10.1007/s00104-025-02393-x,https://link.springer.com/content/pdf/10.1007/s00104-025-02393-x.pdf,other-oa,publishedVersion
,https://doi.org/10.1177/13872877251393414,2025,article,TRUE,Journal of Alzheimer s Disease,https://openalex.org/S25155249,1387-2877,https://openalex.org/P4310318577,SAGE Publishing,https://doi.org/10.1177/13872877251393414,NA,cc-by-nc,publishedVersion
,https://doi.org/10.1007/s41666-025-00225-5,2025,article,TRUE,Journal of Healthcare Informatics Research,https://openalex.org/S4210196546,2509-4971,https://openalex.org/P4310319900,Springer Nature,https://doi.org/10.1007/s41666-025-00225-5,https://link.springer.com/content/pdf/10.1007/s41666-025-00225-5.pdf,cc-by,publishedVersion
,https://doi.org/10.1016/j.forsciint.2025.112729,2025,article,TRUE,Forensic Science International,https://openalex.org/S15336283,0379-0738,https://openalex.org/P4310320990,Elsevier BV,https://doi.org/10.1016/j.forsciint.2025.112729,NA,cc-by,publishedVersion
,https://doi.org/10.1002/ange.202520990,2025,article,TRUE,Angewandte Chemie,https://openalex.org/S4210200754,0044-8249,https://openalex.org/P4310320595,Wiley,https://doi.org/10.1002/ange.202520990,NA,cc-by,publishedVersion
,https://doi.org/10.1002/anie.202510031,2025,article,TRUE,Angewandte Chemie International Edition,https://openalex.org/S67393510,1433-7851,https://openalex.org/P4310320595,Wiley,https://doi.org/10.1002/anie.202510031,NA,cc-by,publishedVersion
,https://doi.org/10.3390/brainsci15111240,2025,article,TRUE,Brain Sciences,https://openalex.org/S122317144,2076-3425,https://openalex.org/P4310310987,Multidisciplinary Digital Publishing Institute,https://doi.org/10.3390/brainsci15111240,https://www.mdpi.com/2076-3425/15/11/1240/pdf?version=1763549145,cc-by,publishedVersion
,https://doi.org/10.1016/j.jgo.2025.102472,2025,article,FALSE,Journal of Geriatric Oncology,https://openalex.org/S199414623,1879-4068,https://openalex.org/P4310320990,Elsevier BV,https://doi.org/10.1016/j.jgo.2025.102472,NA,NA,publishedVersion
,https://doi.org/10.1016/j.jgo.2025.102674,2025,article,FALSE,Journal of Geriatric Oncology,https://openalex.org/S199414623,1879-4068,https://openalex.org/P4310320990,Elsevier BV,https://doi.org/10.1016/j.jgo.2025.102674,NA,NA,publishedVersion
,https://doi.org/10.48550/arxiv.2510.08030,2025,preprint,TRUE,ArXiv.org,https://openalex.org/S4393918464,2331-8422,NA,NA,http://arxiv.org/abs/2510.08030,https://arxiv.org/pdf/2510.08030,cc-by,submittedVersion
,https://doi.org/10.1002/ange.202510031,2025,article,TRUE,Angewandte Chemie,https://openalex.org/S4210200754,0044-8249,https://openalex.org/P4310320595,Wiley,https://doi.org/10.1002/ange.202510031,NA,cc-by,publishedVersion
,https://doi.org/10.1038/s41375-025-02808-y,2025,article,TRUE,Leukemia,https://openalex.org/S149476849,0887-6924,https://openalex.org/P4310319965,Springer Nature,https://doi.org/10.1038/s41375-025-02808-y,https://www.nature.com/articles/s41375-025-02808-y.pdf,cc-by,publishedVersion
,https://doi.org/10.21203/rs.3.rs-8006895/v1,2025,preprint,TRUE,Research Square,https://openalex.org/S4306525896,NA,NA,NA,https://doi.org/10.21203/rs.3.rs-8006895/v1,https://www.researchsquare.com/article/rs-8006895/latest.pdf,cc-by,acceptedVersion
,https://doi.org/10.1038/s41386-025-02285-y,2025,article,FALSE,Neuropsychopharmacology,https://openalex.org/S175030738,0893-133X,https://openalex.org/P4310319965,Springer Nature,https://doi.org/10.1038/s41386-025-02285-y,NA,NA,publishedVersion
,https://doi.org/10.30965/29498570-20250148,2025,article,FALSE,Zeitschrift für medizinische Ethik,https://openalex.org/S4306535618,0944-7652,NA,NA,https://doi.org/10.30965/29498570-20250148,NA,NA,publishedVersion
,https://doi.org/10.1007/s00761-025-01844-8,2025,article,TRUE,Die Onkologie,https://openalex.org/S4387280361,2731-7226,https://openalex.org/P4310319900,Springer Nature,https://doi.org/10.1007/s00761-025-01844-8,https://link.springer.com/content/pdf/10.1007/s00761-025-01844-8.pdf,other-oa,publishedVersion
,https://doi.org/10.1111/1758-2229.70235,2025,article,TRUE,Environmental Microbiology Reports,https://openalex.org/S56987637,1758-2229,https://openalex.org/P4310320595,Wiley,https://doi.org/10.1111/1758-2229.70235,https://onlinelibrary.wiley.com/doi/pdfdirect/10.1111/1758-2229.70235,cc-by,publishedVersion
,https://doi.org/10.1186/s12880-025-02037-w,2025,article,TRUE,BMC Medical Imaging,https://openalex.org/S6505649,1471-2342,https://openalex.org/P4310320256,Springer Nature,https://doi.org/10.1186/s12880-025-02037-w,NA,cc-by,publishedVersion
,https://doi.org/10.3390/e27121182,2025,article,TRUE,Entropy,https://openalex.org/S195231649,1099-4300,https://openalex.org/P4310310987,Multidisciplinary Digital Publishing Institute,https://doi.org/10.3390/e27121182,https://www.mdpi.com/1099-4300/27/12/1182/pdf?version=1763725241,cc-by,publishedVersion
,https://doi.org/10.1080/09553002.2025.2588402,2025,article,FALSE,International Journal of Radiation Biology,https://openalex.org/S44383424,0955-3002,https://openalex.org/P4310320547,Taylor & Francis,https://doi.org/10.1080/09553002.2025.2588402,NA,NA,publishedVersion
,https://doi.org/10.1117/12.3074816,2025,article,FALSE,NA,NA,NA,NA,NA,https://doi.org/10.1117/12.3074816,NA,NA,publishedVersion
,https://doi.org/10.1016/j.jcrysgro.2025.128425,2025,article,FALSE,Journal of Crystal Growth,https://openalex.org/S10719676,0022-0248,https://openalex.org/P4310320990,Elsevier BV,https://doi.org/10.1016/j.jcrysgro.2025.128425,NA,NA,publishedVersion
,https://doi.org/10.1016/j.micron.2025.103963,2025,article,TRUE,Micron,https://openalex.org/S141109035,0968-4328,https://openalex.org/P4310320990,Elsevier BV,https://doi.org/10.1016/j.micron.2025.103963,NA,cc-by,publishedVersion
,https://doi.org/10.1038/s41388-025-03628-1,2025,article,TRUE,Oncogene,https://openalex.org/S128439998,0950-9232,https://openalex.org/P4310319965,Springer Nature,https://doi.org/10.1038/s41388-025-03628-1,https://www.nature.com/articles/s41388-025-03628-1.pdf,NA,publishedVersion
,https://doi.org/10.1007/s00392-025-02802-5,2025,article,TRUE,Clinical Research in Cardiology,https://openalex.org/S81098524,1861-0684,https://openalex.org/P4310319900,Springer Nature,https://doi.org/10.1007/s00392-025-02802-5,https://link.springer.com/content/pdf/10.1007/s00392-025-02802-5.pdf,cc-by,publishedVersion
,https://doi.org/10.1149/ma2025-02663102mtgabs,2025,article,FALSE,ECS Meeting Abstracts,https://openalex.org/S4210168594,1091-8213,https://openalex.org/P4310311669,Institute of Physics,https://doi.org/10.1149/ma2025-02663102mtgabs,NA,NA,publishedVersion
,https://doi.org/10.1002/mco2.70484,2025,article,TRUE,MedComm,https://openalex.org/S4210236862,2688-2663,https://openalex.org/P4310320595,Wiley,https://doi.org/10.1002/mco2.70484,https://onlinelibrary.wiley.com/doi/pdfdirect/10.1002/mco2.70484,cc-by,publishedVersion
,https://doi.org/10.1016/j.jid.2025.10.455,2025,article,FALSE,Journal of Investigative Dermatology,https://openalex.org/S28607811,0022-202X,https://openalex.org/P4310320990,Elsevier BV,https://doi.org/10.1016/j.jid.2025.10.455,NA,NA,publishedVersion
,https://doi.org/10.1055/s-0045-1811376,2025,article,FALSE,physioscience,https://openalex.org/S16937057,1860-3092,https://openalex.org/P4310321135,Thieme Medical Publishers (Germany),https://doi.org/10.1055/s-0045-1811376,NA,NA,publishedVersion
,https://doi.org/10.1128/jvi.01663-25,2025,article,TRUE,Journal of Virology,https://openalex.org/S96615428,0022-538X,https://openalex.org/P4310320263,American Society for Microbiology,https://doi.org/10.1128/jvi.01663-25,NA,cc-by,publishedVersion
,https://doi.org/10.26434/chemrxiv-2025-q99tk,2025,article,FALSE,ChemRxiv,https://openalex.org/S4393918830,2573-2293,NA,NA,https://doi.org/10.26434/chemrxiv-2025-q99tk,NA,NA,acceptedVersion
,https://doi.org/10.1149/ma2025-022347mtgabs,2025,article,FALSE,ECS Meeting Abstracts,https://openalex.org/S4210168594,1091-8213,https://openalex.org/P4310311669,Institute of Physics,https://doi.org/10.1149/ma2025-022347mtgabs,NA,NA,publishedVersion
,https://doi.org/10.1016/j.isci.2025.114217,2025,article,TRUE,iScience,https://openalex.org/S2898358376,2589-0042,https://openalex.org/P4310315673,Elsevier BV,https://doi.org/10.1016/j.isci.2025.114217,NA,cc-by,publishedVersion
,https://doi.org/10.1093/brain/awaf443,2025,article,TRUE,Brain,https://openalex.org/S118357697,0006-8950,https://openalex.org/P4310311648,Oxford University Press,https://doi.org/10.1093/brain/awaf443,NA,cc-by,publishedVersion
,https://doi.org/10.1016/j.inpm.2025.100705,2025,editorial,TRUE,Interventional Pain Medicine,https://openalex.org/S4210225249,2772-5944,https://openalex.org/P4310320990,Elsevier BV,https://doi.org/10.1016/j.inpm.2025.100705,NA,cc-by-nc-nd,publishedVersion
,https://doi.org/10.1016/j.ijlp.2025.102171,2025,article,TRUE,International Journal of Law and Psychiatry,https://openalex.org/S44052652,0160-2527,https://openalex.org/P4310320990,Elsevier BV,https://doi.org/10.1016/j.ijlp.2025.102171,NA,cc-by,publishedVersion
,https://doi.org/10.1055/a-2708-3562,2025,article,FALSE,Experimental and Clinical Endocrinology & Diabetes,https://openalex.org/S67343978,0947-7349,https://openalex.org/P4310320000,Thieme Medical Publishers (Germany),https://doi.org/10.1055/a-2708-3562,NA,NA,publishedVersion
,https://doi.org/10.1007/s00482-025-00913-6,2025,article,TRUE,Der Schmerz,https://openalex.org/S42225297,0932-433X,https://openalex.org/P4310319900,Springer Nature,https://doi.org/10.1007/s00482-025-00913-6,https://link.springer.com/content/pdf/10.1007/s00482-025-00913-6.pdf,cc-by,publishedVersion
,https://doi.org/10.21203/rs.3.rs-7924782/v1,2025,preprint,TRUE,Research Square,https://openalex.org/S4306525896,NA,NA,NA,https://doi.org/10.21203/rs.3.rs-7924782/v1,https://www.researchsquare.com/article/rs-7924782/latest.pdf,cc-by,acceptedVersion
,https://doi.org/10.1002/bcp.70367,2025,article,TRUE,British Journal of Clinical Pharmacology,https://openalex.org/S13842274,0306-5251,https://openalex.org/P4310320595,Wiley,https://doi.org/10.1002/bcp.70367,https://onlinelibrary.wiley.com/doi/pdfdirect/10.1002/bcp.70367,NA,publishedVersion
,https://doi.org/10.3389/fendo.2025.1699831,2025,article,TRUE,Frontiers in Endocrinology,https://openalex.org/S2597401208,1664-2392,https://openalex.org/P4310320527,Frontiers Media,https://doi.org/10.3389/fendo.2025.1699831,https://public-pages-files-2025.frontiersin.org/journals/endocrinology/articles/10.3389/fendo.2025.1699831/pdf,cc-by,publishedVersion
,https://doi.org/10.1055/a-2739-2703,2025,article,TRUE,Notarzt,https://openalex.org/S92491618,0177-2309,https://openalex.org/P4310321135,Thieme Medical Publishers (Germany),https://doi.org/10.1055/a-2739-2703,http://www.thieme-connect.de/products/ejournals/pdf/10.1055/a-2739-2703.pdf,cc-by,publishedVersion
,https://doi.org/10.1007/s00292-025-01507-w,2025,article,FALSE,Die Pathologie,https://openalex.org/S4387280373,2731-7188,https://openalex.org/P4310319900,Springer Nature,https://doi.org/10.1007/s00292-025-01507-w,NA,NA,publishedVersion
,https://doi.org/10.1038/s41598-025-30105-2,2025,article,TRUE,Scientific Reports,https://openalex.org/S196734849,2045-2322,https://openalex.org/P4310319908,Springer Nature,https://doi.org/10.1038/s41598-025-30105-2,https://www.nature.com/articles/s41598-025-30105-2_reference.pdf,cc-by,publishedVersion
,https://doi.org/10.1159/000549194,2025,article,TRUE,Hormone Research in Paediatrics,https://openalex.org/S159506102,1663-2818,https://openalex.org/P4310317820,Karger Publishers,https://doi.org/10.1159/000549194,NA,cc-by,publishedVersion
,https://doi.org/10.26434/chemrxiv-2025-xtrvv,2025,article,FALSE,ChemRxiv,https://openalex.org/S4393918830,2573-2293,NA,NA,https://doi.org/10.26434/chemrxiv-2025-xtrvv,NA,NA,acceptedVersion
,https://doi.org/10.3897/rio.11.e177037,2025,article,TRUE,Research Ideas and Outcomes,https://openalex.org/S2738614666,2367-7163,https://openalex.org/P4310321056,Pensoft Publishers,https://doi.org/10.3897/rio.11.e177037,https://riojournal.com/article/177037/download/pdf/,cc-by,publishedVersion
,https://doi.org/10.1002/smll.71271,2025,article,TRUE,Small,https://openalex.org/S94619837,1613-6810,https://openalex.org/P4310320595,Wiley,https://doi.org/10.1002/smll.71271,https://onlinelibrary.wiley.com/doi/pdfdirect/10.1002/smll.71271,NA,publishedVersion
,https://doi.org/10.1186/s12983-025-00590-2,2025,article,TRUE,Frontiers in Zoology,https://openalex.org/S166185052,1742-9994,https://openalex.org/P4310320256,Springer Nature,https://doi.org/10.1186/s12983-025-00590-2,https://link.springer.com/content/pdf/10.1186/s12983-025-00590-2.pdf,cc-by,publishedVersion
,https://doi.org/10.1186/s12910-025-01350-x,2025,article,TRUE,BMC Medical Ethics,https://openalex.org/S17537316,1472-6939,https://openalex.org/P4310320256,Springer Nature,https://doi.org/10.1186/s12910-025-01350-x,NA,cc-by,publishedVersion
,https://doi.org/10.1038/s41598-025-29038-7,2025,article,TRUE,Scientific Reports,https://openalex.org/S196734849,2045-2322,https://openalex.org/P4310319908,Springer Nature,https://doi.org/10.1038/s41598-025-29038-7,https://www.nature.com/articles/s41598-025-29038-7_reference.pdf,cc-by,publishedVersion
,https://doi.org/10.1038/s41598-025-28909-3,2025,article,TRUE,Scientific Reports,https://openalex.org/S196734849,2045-2322,https://openalex.org/P4310319908,Springer Nature,https://doi.org/10.1038/s41598-025-28909-3,NA,cc-by,publishedVersion
,https://doi.org/10.1038/s41590-025-02375-5,2025,article,TRUE,Nature Immunology,https://openalex.org/S41063453,1529-2908,https://openalex.org/P4310319908,Springer Nature,https://doi.org/10.1038/s41590-025-02375-5,https://www.nature.com/articles/s41590-025-02375-5.pdf,NA,publishedVersion
,https://doi.org/10.1016/j.cca.2025.120752,2025,article,TRUE,Clinica Chimica Acta,https://openalex.org/S207549998,0009-8981,https://openalex.org/P4310320990,Elsevier BV,https://doi.org/10.1016/j.cca.2025.120752,NA,cc-by,publishedVersion
,https://doi.org/10.1177/15209156251403566,2025,article,FALSE,Diabetes Technology & Therapeutics,https://openalex.org/S67495602,1520-9156,https://openalex.org/P4310320443,"Mary Ann Liebert, Inc.",https://doi.org/10.1177/15209156251403566,NA,NA,publishedVersion
,https://doi.org/10.1136/bmjopen-2025-105969,2025,article,TRUE,BMJ Open,https://openalex.org/S79054089,2044-6055,https://openalex.org/P4310319945,BMJ,https://doi.org/10.1136/bmjopen-2025-105969,NA,cc-by-nc,publishedVersion
,https://doi.org/10.1002/ppsc.202500172,2025,article,TRUE,Particle & Particle Systems Characterization,https://openalex.org/S2437199,0934-0866,https://openalex.org/P4310320595,Wiley,https://doi.org/10.1002/ppsc.202500172,NA,cc-by,publishedVersion
,https://doi.org/10.1145/3771882.3771888,2025,article,TRUE,NA,NA,NA,NA,NA,https://doi.org/10.1145/3771882.3771888,NA,cc-by,publishedVersion
,https://doi.org/10.1002/jclp.70073,2025,article,FALSE,Journal of Clinical Psychology,https://openalex.org/S640450,0021-9762,https://openalex.org/P4310320595,Wiley,https://doi.org/10.1002/jclp.70073,NA,NA,publishedVersion
,https://doi.org/10.21203/rs.3.rs-8056528/v1,2025,preprint,TRUE,Research Square,https://openalex.org/S4306525896,NA,NA,NA,https://doi.org/10.21203/rs.3.rs-8056528/v1,https://www.researchsquare.com/article/rs-8056528/latest.pdf,cc-by,acceptedVersion
,https://doi.org/10.1007/s12312-025-01517-y,2025,article,FALSE,Forum,https://openalex.org/S4210228950,0947-0255,https://openalex.org/P4310319900,Springer Nature,https://doi.org/10.1007/s12312-025-01517-y,NA,NA,publishedVersion
,https://doi.org/10.1101/2025.11.29.691160,2025,preprint,TRUE,bioRxiv (Cold Spring Harbor Laboratory),https://openalex.org/S4306402567,NA,https://openalex.org/I2750212522,Cold Spring Harbor Laboratory,https://doi.org/10.1101/2025.11.29.691160,NA,cc-by,acceptedVersion
,https://doi.org/10.1055/s-0045-1812336,2025,article,FALSE,Klinische Pädiatrie,https://openalex.org/S186178718,0300-8630,https://openalex.org/P4310320000,Thieme Medical Publishers (Germany),https://doi.org/10.1055/s-0045-1812336,NA,NA,publishedVersion
,https://doi.org/10.26434/chemrxiv-2025-54lbn,2025,article,TRUE,ChemRxiv,https://openalex.org/S4393918830,2573-2293,NA,NA,https://doi.org/10.26434/chemrxiv-2025-54lbn,NA,cc-by,acceptedVersion
,https://doi.org/10.3205/zma001785,2025,article,FALSE,PubMed,https://openalex.org/S4306525036,NA,https://openalex.org/I1299303238,National Institutes of Health,https://pubmed.ncbi.nlm.nih.gov/41321809,NA,NA,publishedVersion
,https://doi.org/10.3390/ph18121837,2025,article,TRUE,Pharmaceuticals,https://openalex.org/S16322639,1424-8247,https://openalex.org/P4310310987,Multidisciplinary Digital Publishing Institute,https://doi.org/10.3390/ph18121837,https://www.mdpi.com/1424-8247/18/12/1837/pdf?version=1764672404,cc-by,publishedVersion
,https://doi.org/10.1038/s41598-025-31073-3,2025,article,TRUE,Scientific Reports,https://openalex.org/S196734849,2045-2322,https://openalex.org/P4310319908,Springer Nature,https://doi.org/10.1038/s41598-025-31073-3,https://www.nature.com/articles/s41598-025-31073-3_reference.pdf,cc-by,publishedVersion
,https://doi.org/10.1055/s-0045-1812966,2025,article,FALSE,Klinische Pädiatrie,https://openalex.org/S186178718,0300-8630,https://openalex.org/P4310320000,Thieme Medical Publishers (Germany),https://doi.org/10.1055/s-0045-1812966,NA,NA,publishedVersion
,https://doi.org/10.1055/s-0045-1812945,2025,article,FALSE,Klinische Pädiatrie,https://openalex.org/S186178718,0300-8630,https://openalex.org/P4310320000,Thieme Medical Publishers (Germany),https://doi.org/10.1055/s-0045-1812945,NA,NA,publishedVersion
,https://doi.org/10.1016/j.eujim.2025.102594,2025,article,TRUE,European Journal of Integrative Medicine,https://openalex.org/S131488450,1876-3820,https://openalex.org/P4310320990,Elsevier BV,https://doi.org/10.1016/j.eujim.2025.102594,NA,cc-by-nc-nd,publishedVersion
,https://doi.org/10.1007/s00292-025-01519-6,2025,article,TRUE,Die Pathologie,https://openalex.org/S4387280373,2731-7188,https://openalex.org/P4310319900,Springer Nature,https://doi.org/10.1007/s00292-025-01519-6,https://link.springer.com/content/pdf/10.1007/s00292-025-01519-6.pdf,NA,publishedVersion
,https://doi.org/10.1007/s00120-025-02736-w,2025,article,FALSE,Die Urologie,https://openalex.org/S4387280488,2731-7064,https://openalex.org/P4310319900,Springer Nature,https://doi.org/10.1007/s00120-025-02736-w,NA,NA,publishedVersion
,https://doi.org/10.1007/s00292-025-01518-7,2025,article,FALSE,Die Pathologie,https://openalex.org/S4387280373,2731-7188,https://openalex.org/P4310319900,Springer Nature,https://doi.org/10.1007/s00292-025-01518-7,NA,NA,publishedVersion
,https://doi.org/10.1183/13993003.01672-2025,2025,article,FALSE,European Respiratory Journal,https://openalex.org/S4210207896,0903-1936,https://openalex.org/P4310317833,European Respiratory Society,https://doi.org/10.1183/13993003.01672-2025,NA,NA,publishedVersion
,https://doi.org/10.1007/s00394-025-03851-2,2025,article,TRUE,European Journal of Nutrition,https://openalex.org/S4210183135,1436-6207,https://openalex.org/P4310319900,Springer Nature,https://doi.org/10.1007/s00394-025-03851-2,https://link.springer.com/content/pdf/10.1007/s00394-025-03851-2.pdf,cc-by,publishedVersion
,https://doi.org/10.1182/blood-2025-90,2025,article,FALSE,Blood,https://openalex.org/S200071133,0006-4971,https://openalex.org/P4310320990,Elsevier BV,https://doi.org/10.1182/blood-2025-90,NA,NA,publishedVersion
,https://doi.org/10.1182/blood-2025-3152,2025,article,FALSE,Blood,https://openalex.org/S200071133,0006-4971,https://openalex.org/P4310320990,Elsevier BV,https://doi.org/10.1182/blood-2025-3152,NA,NA,publishedVersion
,https://doi.org/10.1182/blood-2025-1750,2025,article,TRUE,Blood,https://openalex.org/S200071133,0006-4971,https://openalex.org/P4310320990,Elsevier BV,https://doi.org/10.1182/blood-2025-1750,https://ashpublications.org/blood/article-pdf/146/Supplement 1/1750/2447695/blood-4497-main.pdf,NA,publishedVersion
,https://doi.org/10.1182/blood-2025-3583,2025,article,TRUE,Blood,https://openalex.org/S200071133,0006-4971,https://openalex.org/P4310320990,Elsevier BV,https://doi.org/10.1182/blood-2025-3583,https://ashpublications.org/blood/article-pdf/146/Supplement 1/3583/2449529/blood-6330-main.pdf,NA,publishedVersion
,https://doi.org/10.1182/blood-2025-949,2025,article,FALSE,Blood,https://openalex.org/S200071133,0006-4971,https://openalex.org/P4310320990,Elsevier BV,https://doi.org/10.1182/blood-2025-949,NA,NA,publishedVersion
,https://doi.org/10.1182/blood-2025-911,2025,article,TRUE,Blood,https://openalex.org/S200071133,0006-4971,https://openalex.org/P4310320990,Elsevier BV,https://doi.org/10.1182/blood-2025-911,https://ashpublications.org/blood/article-pdf/146/Supplement 1/911/2458122/blood-3486-main.pdf,NA,publishedVersion
,https://doi.org/10.1182/blood-2025-3895,2025,article,TRUE,Blood,https://openalex.org/S200071133,0006-4971,https://openalex.org/P4310320990,Elsevier BV,https://doi.org/10.1182/blood-2025-3895,https://ashpublications.org/blood/article-pdf/146/Supplement 1/3895/2449755/blood-6642-main.pdf,NA,publishedVersion
,https://doi.org/10.3389/fimmu.2025.1703579,2025,article,TRUE,Frontiers in Immunology,https://openalex.org/S2595292759,1664-3224,https://openalex.org/P4310320527,Frontiers Media,https://doi.org/10.3389/fimmu.2025.1703579,https://public-pages-files-2025.frontiersin.org/journals/immunology/articles/10.3389/fimmu.2025.1703579/pdf,cc-by,publishedVersion
,https://doi.org/10.1182/blood-2025-6238,2025,article,TRUE,Blood,https://openalex.org/S200071133,0006-4971,https://openalex.org/P4310320990,Elsevier BV,https://doi.org/10.1182/blood-2025-6238,https://ashpublications.org/blood/article-pdf/146/Supplement 1/6238/2464706/blood-8985-main.pdf,NA,publishedVersion
,https://doi.org/10.1182/blood-2025-5299,2025,article,TRUE,Blood,https://openalex.org/S200071133,0006-4971,https://openalex.org/P4310320990,Elsevier BV,https://doi.org/10.1182/blood-2025-5299,https://ashpublications.org/blood/article-pdf/146/Supplement 1/5299/2460074/blood-8046-main.pdf,NA,publishedVersion
,https://doi.org/10.1038/s41598-025-27172-w,2025,article,TRUE,Scientific Reports,https://openalex.org/S196734849,2045-2322,https://openalex.org/P4310319908,Springer Nature,https://doi.org/10.1038/s41598-025-27172-w,https://www.nature.com/articles/s41598-025-27172-w.pdf,cc-by-nc-nd,publishedVersion
,https://doi.org/10.1111/ahg.70030,2025,article,TRUE,Annals of Human Genetics,https://openalex.org/S131700781,0003-4800,https://openalex.org/P4310320595,Wiley,https://doi.org/10.1111/ahg.70030,https://onlinelibrary.wiley.com/doi/pdfdirect/10.1111/ahg.70030,other-oa,publishedVersion
,https://doi.org/10.1080/17441692.2025.2579686,2025,article,TRUE,Global Public Health,https://openalex.org/S156279819,1744-1692,https://openalex.org/P4310320547,Taylor & Francis,https://doi.org/10.1080/17441692.2025.2579686,NA,cc-by,publishedVersion
,https://doi.org/10.1038/s41467-025-67028-5,2025,article,TRUE,Nature Communications,https://openalex.org/S64187185,2041-1723,https://openalex.org/P4310319908,Springer Nature,https://doi.org/10.1038/s41467-025-67028-5,https://www.nature.com/articles/s41467-025-67028-5_reference.pdf,cc-by,publishedVersion
,https://doi.org/10.1103/ltfw-4fwn,2026,article,TRUE,Physical Review Letters,https://openalex.org/S24807848,0031-9007,https://openalex.org/P4310320261,American Physical Society,https://doi.org/10.1103/ltfw-4fwn,NA,cc-by,publishedVersion
,https://doi.org/10.1111/ejh.70075,2025,article,TRUE,European Journal Of Haematology,https://openalex.org/S159715054,0902-4441,https://openalex.org/P4310320595,Wiley,https://doi.org/10.1111/ejh.70075,https://onlinelibrary.wiley.com/doi/pdfdirect/10.1111/ejh.70075,cc-by,publishedVersion
,https://doi.org/10.1007/s10549-025-07850-z,2025,article,TRUE,Breast Cancer Research and Treatment,https://openalex.org/S142211178,0167-6806,https://openalex.org/P4310319900,Springer Nature,https://doi.org/10.1007/s10549-025-07850-z,https://link.springer.com/content/pdf/10.1007/s10549-025-07850-z.pdf,cc-by,publishedVersion
,https://doi.org/10.64898/2025.12.02.691836,2025,article,FALSE,bioRxiv (Cold Spring Harbor Laboratory),https://openalex.org/S4306402567,NA,https://openalex.org/I2750212522,Cold Spring Harbor Laboratory,https://doi.org/10.64898/2025.12.02.691836,NA,NA,acceptedVersion
,https://doi.org/10.64898/2025.11.30.691409,2025,article,TRUE,bioRxiv (Cold Spring Harbor Laboratory),https://openalex.org/S4306402567,NA,https://openalex.org/I2750212522,Cold Spring Harbor Laboratory,https://doi.org/10.64898/2025.11.30.691409,NA,cc-by,acceptedVersion
,https://doi.org/10.1002/ksa.70225,2025,article,TRUE,Knee Surgery Sports Traumatology Arthroscopy,https://openalex.org/S51654951,0942-2056,https://openalex.org/P4310319900,Springer Nature,https://doi.org/10.1002/ksa.70225,https://onlinelibrary.wiley.com/doi/pdfdirect/10.1002/ksa.70225,cc-by,publishedVersion
,https://doi.org/10.1128/jvi.01567-25,2025,article,TRUE,Journal of Virology,https://openalex.org/S96615428,0022-538X,https://openalex.org/P4310320263,American Society for Microbiology,https://doi.org/10.1128/jvi.01567-25,NA,cc-by,publishedVersion
,https://doi.org/10.1182/bloodadvances.2025016931,2025,article,TRUE,Blood Advances,https://openalex.org/S2764683450,2473-9529,https://openalex.org/P4310320990,Elsevier BV,https://doi.org/10.1182/bloodadvances.2025016931,https://ashpublications.org/bloodadvances/article-pdf/doi/10.1182/bloodadvances.2025016931/2474184/bloodadvances.2025016931.pdf,cc-by-nc-nd,publishedVersion
,https://doi.org/10.1186/s12889-025-25864-6,2025,article,TRUE,BMC Public Health,https://openalex.org/S200437886,1471-2458,https://openalex.org/P4310320256,Springer Nature,https://doi.org/10.1186/s12889-025-25864-6,NA,cc-by,publishedVersion
,https://doi.org/10.1111/exsy.70179,2025,article,TRUE,Expert Systems,https://openalex.org/S72232612,0266-4720,https://openalex.org/P4310320595,Wiley,https://doi.org/10.1111/exsy.70179,NA,cc-by,publishedVersion
,https://doi.org/10.1002/anie.202522950,2025,article,TRUE,Angewandte Chemie International Edition,https://openalex.org/S67393510,1433-7851,https://openalex.org/P4310320595,Wiley,https://doi.org/10.1002/anie.202522950,https://onlinelibrary.wiley.com/doi/pdfdirect/10.1002/anie.202522950,cc-by,publishedVersion
,https://doi.org/10.26434/chemrxiv-2025-gh50b,2025,article,FALSE,ChemRxiv,https://openalex.org/S4393918830,2573-2293,NA,NA,https://doi.org/10.26434/chemrxiv-2025-gh50b,NA,NA,acceptedVersion
,https://doi.org/10.1002/ange.202522950,2025,article,TRUE,Angewandte Chemie,https://openalex.org/S4210200754,0044-8249,https://openalex.org/P4310320595,Wiley,https://doi.org/10.1002/ange.202522950,NA,cc-by,publishedVersion
,https://doi.org/10.1055/s-0045-1813799,2025,article,FALSE,Zeitschrift für Geburtshilfe und Neonatologie,https://openalex.org/S72845316,0948-2393,https://openalex.org/P4310320000,Thieme Medical Publishers (Germany),https://doi.org/10.1055/s-0045-1813799,NA,NA,publishedVersion
,https://doi.org/10.1055/s-0045-1813800,2025,article,FALSE,Zeitschrift für Geburtshilfe und Neonatologie,https://openalex.org/S72845316,0948-2393,https://openalex.org/P4310320000,Thieme Medical Publishers (Germany),https://doi.org/10.1055/s-0045-1813800,NA,NA,publishedVersion
,https://doi.org/10.1055/s-0045-1813788,2025,article,FALSE,Zeitschrift für Geburtshilfe und Neonatologie,https://openalex.org/S72845316,0948-2393,https://openalex.org/P4310320000,Thieme Medical Publishers (Germany),https://doi.org/10.1055/s-0045-1813788,NA,NA,publishedVersion
,https://doi.org/10.21203/rs.3.rs-8205080/v1,2025,preprint,TRUE,Research Square,https://openalex.org/S4306525896,NA,NA,NA,https://doi.org/10.21203/rs.3.rs-8205080/v1,https://www.researchsquare.com/article/rs-8205080/latest.pdf,cc-by,acceptedVersion
,https://doi.org/10.1186/s40658-025-00818-4,2025,erratum,TRUE,EJNMMI Physics,https://openalex.org/S2737569433,2197-7364,https://openalex.org/P4310319900,Springer Nature,https://doi.org/10.1186/s40658-025-00818-4,https://link.springer.com/content/pdf/10.1186/s40658-025-00818-4.pdf,cc-by,publishedVersion
,https://doi.org/10.1016/j.isci.2025.114378,2025,article,TRUE,iScience,https://openalex.org/S2898358376,2589-0042,https://openalex.org/P4310315673,Elsevier BV,https://doi.org/10.1016/j.isci.2025.114378,NA,cc-by,publishedVersion
,https://doi.org/10.1016/j.mad.2025.112143,2025,article,TRUE,Mechanisms of Ageing and Development,https://openalex.org/S6761461,0047-6374,https://openalex.org/P4310320990,Elsevier BV,https://doi.org/10.1016/j.mad.2025.112143,NA,cc-by,publishedVersion
,https://doi.org/10.1093/brain/awaf460,2025,article,TRUE,Brain,https://openalex.org/S118357697,0006-8950,https://openalex.org/P4310311648,Oxford University Press,https://doi.org/10.1093/brain/awaf460,https://academic.oup.com/brain/advance-article-pdf/doi/10.1093/brain/awaf460/65837534/awaf460.pdf,cc-by,publishedVersion
,https://doi.org/10.64898/2025.12.10.693424,2025,article,TRUE,bioRxiv (Cold Spring Harbor Laboratory),https://openalex.org/S4306402567,NA,https://openalex.org/I2750212522,Cold Spring Harbor Laboratory,https://doi.org/10.64898/2025.12.10.693424,NA,cc-by-nc-nd,acceptedVersion
,https://doi.org/10.1016/j.etap.2025.104905,2025,article,TRUE,Environmental Toxicology and Pharmacology,https://openalex.org/S108944336,1382-6689,https://openalex.org/P4310320990,Elsevier BV,https://doi.org/10.1016/j.etap.2025.104905,NA,cc-by,publishedVersion
,https://doi.org/10.26434/chemrxiv-2025-x68mq,2025,preprint,FALSE,ChemRxiv,https://openalex.org/S4393918830,2573-2293,NA,NA,https://doi.org/10.26434/chemrxiv-2025-x68mq,NA,NA,acceptedVersion
,https://doi.org/10.1186/s13046-025-03603-4,2025,article,TRUE,Journal of Experimental & Clinical Cancer Research,https://openalex.org/S33781645,1756-9966,https://openalex.org/P4310320256,Springer Nature,https://doi.org/10.1186/s13046-025-03603-4,NA,cc-by,publishedVersion
,https://doi.org/10.1103/mrpz-xq28,2025,article,TRUE,"Physical review. A/Physical review, A",https://openalex.org/S4210182288,2469-9926,https://openalex.org/P4310320261,American Physical Society,https://doi.org/10.1103/mrpz-xq28,http://link.aps.org/pdf/10.1103/mrpz-xq28,cc-by,publishedVersion
,https://doi.org/10.1103/5l43-22dp,2025,article,TRUE,Physical Review Research,https://openalex.org/S4210240247,2643-1564,https://openalex.org/P4310320261,American Physical Society,https://doi.org/10.1103/5l43-22dp,NA,cc-by,publishedVersion
,https://doi.org/10.1080/21505594.2025.2597576,2025,article,TRUE,Virulence,https://openalex.org/S2484688887,2150-5594,https://openalex.org/P4310320547,Taylor & Francis,https://doi.org/10.1080/21505594.2025.2597576,NA,cc-by,publishedVersion
,https://doi.org/10.1158/2643-3230.bcd-25-0390,2025,article,FALSE,Blood Cancer Discovery,https://openalex.org/S4210239195,2643-3230,https://openalex.org/P4310320273,American Association for Cancer Research,https://doi.org/10.1158/2643-3230.bcd-25-0390,NA,NA,publishedVersion
,https://doi.org/10.1038/s41598-025-32189-2,2025,article,TRUE,Scientific Reports,https://openalex.org/S196734849,2045-2322,https://openalex.org/P4310319908,Springer Nature,https://doi.org/10.1038/s41598-025-32189-2,https://www.nature.com/articles/s41598-025-32189-2_reference.pdf,cc-by,publishedVersion
,https://doi.org/10.1002/aesr.202500428,2025,article,TRUE,Advanced Energy and Sustainability Research,https://openalex.org/S4210231858,2699-9412,https://openalex.org/P4310320595,Wiley,https://doi.org/10.1002/aesr.202500428,NA,cc-by,publishedVersion
,https://doi.org/10.64898/2025.12.12.693864,2025,preprint,TRUE,bioRxiv (Cold Spring Harbor Laboratory),https://openalex.org/S4306402567,NA,https://openalex.org/I2750212522,Cold Spring Harbor Laboratory,https://doi.org/10.64898/2025.12.12.693864,NA,cc-by,acceptedVersion
,https://doi.org/10.1186/s13005-025-00558-x,2025,article,TRUE,Head & Face Medicine,https://openalex.org/S4480651,1746-160X,https://openalex.org/P4310320256,Springer Nature,https://doi.org/10.1186/s13005-025-00558-x,https://link.springer.com/content/pdf/10.1186/s13005-025-00558-x.pdf,cc-by,publishedVersion
,https://doi.org/10.1016/j.jmbbm.2025.107312,2025,article,TRUE,Journal of the mechanical behavior of biomedical materials/Journal of mechanical behavior of biomedical materials,https://openalex.org/S100249163,1751-6161,https://openalex.org/P4310320990,Elsevier BV,https://doi.org/10.1016/j.jmbbm.2025.107312,NA,cc-by,publishedVersion
,https://doi.org/10.1109/eeae65901.2025.11273385,2025,article,FALSE,NA,NA,NA,NA,NA,https://doi.org/10.1109/eeae65901.2025.11273385,NA,NA,publishedVersion
,https://doi.org/10.1055/a-2718-0932,2025,article,FALSE,B&G Bewegungstherapie und Gesundheitssport,https://openalex.org/S4210172491,1613-0863,https://openalex.org/P4310321135,Thieme Medical Publishers (Germany),https://doi.org/10.1055/a-2718-0932,NA,NA,publishedVersion
,https://doi.org/10.64898/2025.12.16.694556,2025,article,TRUE,bioRxiv (Cold Spring Harbor Laboratory),https://openalex.org/S4306402567,NA,https://openalex.org/I2750212522,Cold Spring Harbor Laboratory,https://doi.org/10.64898/2025.12.16.694556,https://www.biorxiv.org/content/biorxiv/early/2025/12/16/2025.12.16.694556.full.pdf,cc-by,acceptedVersion
,https://doi.org/10.1186/s12877-025-06833-5,2025,article,TRUE,BMC Geriatrics,https://openalex.org/S14643628,1471-2318,https://openalex.org/P4310320256,Springer Nature,https://doi.org/10.1186/s12877-025-06833-5,NA,cc-by,publishedVersion
,https://doi.org/10.1002/cphc.202500397,2025,article,TRUE,ChemPhysChem,https://openalex.org/S169445072,1439-4235,https://openalex.org/P4310320595,Wiley,https://doi.org/10.1002/cphc.202500397,NA,cc-by,publishedVersion
,https://doi.org/10.20944/preprints202512.1376.v1,2025,preprint,TRUE,Preprints.org,https://openalex.org/S6309402219,NA,NA,NA,https://doi.org/10.20944/preprints202512.1376.v1,https://www.preprints.org/frontend/manuscript/aad52a2aaa25a64dd8568b2ce119f6cf/download_pub,cc-by,acceptedVersion
,https://doi.org/10.20944/preprints202512.1416.v1,2025,preprint,TRUE,Preprints.org,https://openalex.org/S6309402219,NA,NA,NA,https://doi.org/10.20944/preprints202512.1416.v1,https://www.preprints.org/frontend/manuscript/d4848449177fb01dee02f45eb777bf64/download_pub,cc-by,acceptedVersion
,https://doi.org/10.26434/chemrxiv-2025-x08bz,2025,article,FALSE,ChemRxiv,https://openalex.org/S4393918830,2573-2293,NA,NA,https://doi.org/10.26434/chemrxiv-2025-x08bz,NA,NA,acceptedVersion
,https://doi.org/10.48550/arxiv.2512.13851,2025,preprint,TRUE,ArXiv.org,https://openalex.org/S4393918464,2331-8422,NA,NA,http://arxiv.org/abs/2512.13851,https://arxiv.org/pdf/2512.13851,NA,submittedVersion
,https://doi.org/10.1080/00220388.2025.2595045,2025,article,TRUE,The Journal of Development Studies,https://openalex.org/S61808140,0022-0388,https://openalex.org/P4310320547,Taylor & Francis,https://doi.org/10.1080/00220388.2025.2595045,NA,cc-by,publishedVersion
,https://doi.org/10.1016/j.puhip.2025.100718,2025,article,TRUE,Public Health in Practice,https://openalex.org/S4210186739,2666-5352,https://openalex.org/P4310320990,Elsevier BV,https://doi.org/10.1016/j.puhip.2025.100718,NA,cc-by,publishedVersion
,https://doi.org/10.1002/adem.202501499,2025,article,TRUE,Advanced Engineering Materials,https://openalex.org/S156255550,1438-1656,https://openalex.org/P4310320595,Wiley,https://doi.org/10.1002/adem.202501499,https://onlinelibrary.wiley.com/doi/pdfdirect/10.1002/adem.202501499,cc-by-nc,publishedVersion
,https://doi.org/10.1007/s41999-025-01382-x,2025,article,TRUE,European Geriatric Medicine,https://openalex.org/S24649050,1878-7649,https://openalex.org/P4310320990,Elsevier BV,https://doi.org/10.1007/s41999-025-01382-x,https://link.springer.com/content/pdf/10.1007/s41999-025-01382-x.pdf,cc-by,publishedVersion
,https://doi.org/10.64898/2025.12.16.694652,2025,article,TRUE,bioRxiv (Cold Spring Harbor Laboratory),https://openalex.org/S4306402567,NA,https://openalex.org/I2750212522,Cold Spring Harbor Laboratory,https://doi.org/10.64898/2025.12.16.694652,NA,cc-by-nc,acceptedVersion
,https://doi.org/10.26434/chemrxiv-2025-1nsr5,2025,preprint,FALSE,ChemRxiv,https://openalex.org/S4393918830,2573-2293,NA,NA,https://doi.org/10.26434/chemrxiv-2025-1nsr5,NA,NA,acceptedVersion
,https://doi.org/10.1111/all.70159,2025,review,TRUE,Allergy,https://openalex.org/S68090385,0105-4538,https://openalex.org/P4310320595,Wiley,https://doi.org/10.1111/all.70159,https://onlinelibrary.wiley.com/doi/pdfdirect/10.1111/all.70159,cc-by,publishedVersion
,https://doi.org/10.1055/a-2734-3580,2025,other,FALSE,PubMed,https://openalex.org/S4306525036,NA,https://openalex.org/I1299303238,National Institutes of Health,https://pubmed.ncbi.nlm.nih.gov/41412186,NA,NA,publishedVersion
,https://doi.org/10.1007/s00216-025-06292-2,2025,article,TRUE,Analytical and Bioanalytical Chemistry,https://openalex.org/S18188872,1618-2642,https://openalex.org/P4310319900,Springer Nature,https://doi.org/10.1007/s00216-025-06292-2,https://link.springer.com/content/pdf/10.1007/s00216-025-06292-2.pdf,cc-by,publishedVersion
,https://doi.org/10.3205/25gmds028,2025,article,TRUE,German Medical Science (German Research Foundation),https://openalex.org/S4306402251,NA,https://openalex.org/I4210126796,German Heart Research Foundation,https://doi.org/10.3205/25gmds028,NA,cc-by,NA
,https://doi.org/10.5061/dryad.wdbrv1633,2025,dataset,TRUE,Open MIND,https://openalex.org/S4406922384,NA,NA,NA,NA,NA,public-domain,submittedVersion
,https://doi.org/10.3205/25gmds164,2025,article,TRUE,German Medical Science (German Research Foundation),https://openalex.org/S4306402251,NA,https://openalex.org/I4210126796,German Heart Research Foundation,https://doi.org/10.3205/25gmds164,NA,cc-by,NA
,https://doi.org/10.5281/zenodo.17353648,2025,other,TRUE,Zenodo (CERN European Organization for Nuclear Research),https://openalex.org/S4306400562,NA,https://openalex.org/I67311998,European Organization for Nuclear Research,https://doi.org/10.5281/zenodo.17353648,NA,NA,NA
,https://doi.org/10.5281/zenodo.17517128,2025,dataset,TRUE,Zenodo (CERN European Organization for Nuclear Research),https://openalex.org/S4306400562,NA,https://openalex.org/I67311998,European Organization for Nuclear Research,https://doi.org/10.5281/zenodo.17517128,NA,cc-by,NA
,https://doi.org/10.5281/zenodo.17353647,2025,other,TRUE,Zenodo (CERN European Organization for Nuclear Research),https://openalex.org/S4306400562,NA,https://openalex.org/I67311998,European Organization for Nuclear Research,https://doi.org/10.5281/zenodo.17353647,NA,NA,NA
,https://doi.org/10.15151/esrf-es-2237627366,2025,dataset,TRUE,European Synchrotron Radiation Facility,https://openalex.org/S7407051764,NA,NA,NA,https://doi.org/10.15151/esrf-es-2237627366,NA,cc-by,NA
,https://doi.org/10.15151/esrf-es-2278503101,2025,dataset,TRUE,European Synchrotron Radiation Facility,https://openalex.org/S7407051764,NA,NA,NA,https://doi.org/10.15151/esrf-es-2278503101,NA,cc-by,NA
,https://doi.org/10.5281/zenodo.17597371,2025,other,TRUE,Zenodo (CERN European Organization for Nuclear Research),https://openalex.org/S4306400562,NA,https://openalex.org/I67311998,European Organization for Nuclear Research,https://doi.org/10.5281/zenodo.17597371,NA,cc-by,NA
,https://doi.org/10.5281/zenodo.17597372,2025,other,TRUE,Zenodo (CERN European Organization for Nuclear Research),https://openalex.org/S4306400562,NA,https://openalex.org/I67311998,European Organization for Nuclear Research,https://doi.org/10.5281/zenodo.17597372,NA,cc-by,NA
,https://doi.org/10.15151/esrf-es-2241564825,2025,dataset,TRUE,European Synchrotron Radiation Facility,https://openalex.org/S7407051764,NA,NA,NA,https://doi.org/10.15151/esrf-es-2241564825,NA,cc-by,NA
,https://doi.org/10.5281/zenodo.17608696,2025,dataset,TRUE,Zenodo (CERN European Organization for Nuclear Research),https://openalex.org/S4306400562,NA,https://openalex.org/I67311998,European Organization for Nuclear Research,https://doi.org/10.5281/zenodo.17608696,NA,cc-by,NA
,https://doi.org/10.5281/zenodo.17608695,2026,dataset,TRUE,Zenodo (CERN European Organization for Nuclear Research),https://openalex.org/S4306400562,NA,https://openalex.org/I67311998,European Organization for Nuclear Research,https://doi.org/10.5281/zenodo.17608695,NA,cc-by,NA
,https://doi.org/10.6084/m9.figshare.30645007.v1,2025,other,TRUE,Figshare,https://openalex.org/S4377196282,NA,https://openalex.org/I4210132348,Figshare (United Kingdom),NA,NA,cc-by,submittedVersion
,https://doi.org/10.5281/zenodo.17608992,2025,dataset,TRUE,Zenodo (CERN European Organization for Nuclear Research),https://openalex.org/S4306400562,NA,https://openalex.org/I67311998,European Organization for Nuclear Research,https://doi.org/10.5281/zenodo.17608992,NA,cc-by,NA
,https://doi.org/10.6084/m9.figshare.30645007,2025,other,TRUE,Figshare,https://openalex.org/S4377196282,NA,https://openalex.org/I4210132348,Figshare (United Kingdom),https://doi.org/10.6084/m9.figshare.30645007,NA,cc-by,NA
,https://doi.org/10.5281/zenodo.17608991,2025,dataset,TRUE,Zenodo (CERN European Organization for Nuclear Research),https://openalex.org/S4306400562,NA,https://openalex.org/I67311998,European Organization for Nuclear Research,https://doi.org/10.5281/zenodo.17608991,NA,cc-by,NA
,https://doi.org/10.5281/zenodo.17646507,2025,article,TRUE,Zenodo (CERN European Organization for Nuclear Research),https://openalex.org/S4306400562,NA,https://openalex.org/I67311998,European Organization for Nuclear Research,https://doi.org/10.5281/zenodo.17646507,NA,cc-by,NA
,https://doi.org/10.5281/zenodo.17646506,2025,article,TRUE,Zenodo (CERN European Organization for Nuclear Research),https://openalex.org/S4306400562,NA,https://openalex.org/I67311998,European Organization for Nuclear Research,https://doi.org/10.5281/zenodo.17646506,NA,cc-by,NA
,https://doi.org/10.5281/zenodo.17591856,2025,article,TRUE,Zenodo (CERN European Organization for Nuclear Research),https://openalex.org/S4306400562,NA,https://openalex.org/I67311998,European Organization for Nuclear Research,https://doi.org/10.5281/zenodo.17591856,NA,cc-by,NA
,https://doi.org/10.5281/zenodo.17591857,2025,article,TRUE,Zenodo (CERN European Organization for Nuclear Research),https://openalex.org/S4306400562,NA,https://openalex.org/I67311998,European Organization for Nuclear Research,https://doi.org/10.5281/zenodo.17591857,NA,cc-by,NA
,https://doi.org/10.1016/j.jcoa.2025.100290,2025,article,TRUE,Journal of Chromatography Open,https://openalex.org/S4210211886,2772-3917,https://openalex.org/P4310320990,Elsevier BV,https://doi.org/10.1016/j.jcoa.2025.100290,NA,cc-by-nc-nd,publishedVersion
,https://doi.org/10.5281/zenodo.17748892,2025,dataset,TRUE,Zenodo (CERN European Organization for Nuclear Research),https://openalex.org/S4306400562,NA,https://openalex.org/I67311998,European Organization for Nuclear Research,https://doi.org/10.5281/zenodo.17748892,NA,cc-by,NA
,https://doi.org/10.5281/zenodo.17748893,2025,dataset,TRUE,Zenodo (CERN European Organization for Nuclear Research),https://openalex.org/S4306400562,NA,https://openalex.org/I67311998,European Organization for Nuclear Research,https://doi.org/10.5281/zenodo.17748893,NA,cc-by,NA
,https://doi.org/10.5281/zenodo.17800614,2025,dataset,TRUE,Zenodo (CERN European Organization for Nuclear Research),https://openalex.org/S4306400562,NA,https://openalex.org/I67311998,European Organization for Nuclear Research,https://doi.org/10.5281/zenodo.17800614,NA,NA,NA
,https://doi.org/10.1182/blood-2025-2875,2025,article,TRUE,Blood,https://openalex.org/S200071133,0006-4971,https://openalex.org/P4310320990,Elsevier BV,https://doi.org/10.1182/blood-2025-2875,https://ashpublications.org/blood/article-pdf/146/Supplement 1/2875/2448119/blood-5622-main.pdf,NA,publishedVersion
,https://doi.org/10.5281/zenodo.17800615,2025,dataset,TRUE,Zenodo (CERN European Organization for Nuclear Research),https://openalex.org/S4306400562,NA,https://openalex.org/I67311998,European Organization for Nuclear Research,https://doi.org/10.5281/zenodo.17800615,NA,NA,NA
,https://doi.org/10.1182/blood-2025-6818,2025,article,TRUE,Blood,https://openalex.org/S200071133,0006-4971,https://openalex.org/P4310320990,Elsevier BV,https://doi.org/10.1182/blood-2025-6818,https://ashpublications.org/blood/article-pdf/146/Supplement 1/6818/2447487/blood-9565-main.pdf,NA,publishedVersion
,https://doi.org/10.1182/blood-2025-2107,2025,article,TRUE,Blood,https://openalex.org/S200071133,0006-4971,https://openalex.org/P4310320990,Elsevier BV,https://doi.org/10.1182/blood-2025-2107,https://ashpublications.org/blood/article-pdf/146/Supplement 1/2107/2443847/blood-4854-main.pdf,NA,publishedVersion
,https://doi.org/10.1182/blood-2025-3280,2025,article,TRUE,Blood,https://openalex.org/S200071133,0006-4971,https://openalex.org/P4310320990,Elsevier BV,https://doi.org/10.1182/blood-2025-3280,https://ashpublications.org/blood/article-pdf/146/Supplement 1/3280/2448487/blood-6027-main.pdf,NA,publishedVersion
,https://doi.org/10.17632/wrkrs83rm8,2025,dataset,TRUE,Mendeley Data,https://openalex.org/S7407050775,NA,NA,NA,https://doi.org/10.17632/wrkrs83rm8,NA,cc-by,NA
,https://doi.org/10.17632/wrkrs83rm8.1,2025,dataset,TRUE,Mendeley Data,https://openalex.org/S7407050775,NA,NA,NA,https://doi.org/10.17632/wrkrs83rm8.1,NA,cc-by,NA
,https://doi.org/10.1103/3jjy-8f99,2025,article,TRUE,"Physical review. A/Physical review, A",https://openalex.org/S4210182288,2469-9926,https://openalex.org/P4310320261,American Physical Society,https://doi.org/10.1103/3jjy-8f99,NA,cc-by,publishedVersion
,https://doi.org/10.7910/dvn/uhqaha,2025,dataset,TRUE,Harvard Dataverse,https://openalex.org/S4377196806,NA,https://openalex.org/I136199984,Harvard University,https://doi.org/10.7910/dvn/uhqaha,NA,public-domain,NA
,https://doi.org/10.5281/zenodo.17896896,2025,article,TRUE,Zenodo (CERN European Organization for Nuclear Research),https://openalex.org/S4306400562,NA,https://openalex.org/I67311998,European Organization for Nuclear Research,https://doi.org/10.5281/zenodo.17896896,NA,cc-by,NA
,https://doi.org/10.3390/make7040165,2025,article,TRUE,Machine Learning and Knowledge Extraction,https://openalex.org/S4210213891,2504-4990,https://openalex.org/P4310310987,Multidisciplinary Digital Publishing Institute,https://doi.org/10.3390/make7040165,https://www.mdpi.com/2504-4990/7/4/165/pdf?version=1765545239,cc-by,publishedVersion
,https://doi.org/10.5281/zenodo.17896895,2025,article,TRUE,Zenodo (CERN European Organization for Nuclear Research),https://openalex.org/S4306400562,NA,https://openalex.org/I67311998,European Organization for Nuclear Research,https://doi.org/10.5281/zenodo.17896895,NA,cc-by,NA
,https://doi.org/10.1002/cite.70055,2025,article,TRUE,Chemie Ingenieur Technik,https://openalex.org/S125795645,0009-286X,https://openalex.org/P4310320595,Wiley,https://doi.org/10.1002/cite.70055,https://onlinelibrary.wiley.com/doi/pdfdirect/10.1002/cite.70055,cc-by,publishedVersion
,https://doi.org/10.5281/zenodo.17940218,2025,article,TRUE,Zenodo (CERN European Organization for Nuclear Research),https://openalex.org/S4306400562,NA,https://openalex.org/I67311998,European Organization for Nuclear Research,https://doi.org/10.5281/zenodo.17940218,NA,cc-by,NA
,https://doi.org/10.5281/zenodo.17493526,2025,dataset,TRUE,Zenodo (CERN European Organization for Nuclear Research),https://openalex.org/S4306400562,NA,https://openalex.org/I67311998,European Organization for Nuclear Research,https://doi.org/10.5281/zenodo.17493526,NA,cc-by,NA
,https://doi.org/10.5281/zenodo.17493527,2025,dataset,TRUE,Zenodo (CERN European Organization for Nuclear Research),https://openalex.org/S4306400562,NA,https://openalex.org/I67311998,European Organization for Nuclear Research,https://doi.org/10.5281/zenodo.17493527,NA,cc-by,NA
,https://doi.org/10.3171/case25357,2025,article,FALSE,Journal of Neurosurgery Case Lessons,https://openalex.org/S4210221338,2694-1902,NA,NA,https://doi.org/10.3171/case25357,NA,NA,publishedVersion
,https://doi.org/10.26434/chemrxiv-2025-tzphq,2025,article,TRUE,ChemRxiv,https://openalex.org/S4393918830,2573-2293,NA,NA,https://doi.org/10.26434/chemrxiv-2025-tzphq,NA,cc-by,acceptedVersion
,https://doi.org/10.2147/prom.s554524,2025,article,TRUE,Patient Related Outcome Measures,https://openalex.org/S2764672344,1179-271X,https://openalex.org/P4310320348,Taylor & Francis,https://doi.org/10.2147/prom.s554524,https://www.dovepress.com/article/download/110120,cc-by-nc,publishedVersion
,https://doi.org/10.5281/zenodo.17866132,2025,dataset,TRUE,Zenodo (CERN European Organization for Nuclear Research),https://openalex.org/S4306400562,NA,https://openalex.org/I67311998,European Organization for Nuclear Research,https://doi.org/10.5281/zenodo.17866132,NA,cc-by,NA
,https://doi.org/10.5281/zenodo.17866131,2025,dataset,TRUE,Zenodo (CERN European Organization for Nuclear Research),https://openalex.org/S4306400562,NA,https://openalex.org/I67311998,European Organization for Nuclear Research,https://doi.org/10.5281/zenodo.17866131,NA,cc-by,NA
,https://doi.org/10.1016/j.anbehav.2025.123423,2025,article,TRUE,Animal Behaviour,https://openalex.org/S157690423,0003-3472,https://openalex.org/P4310320990,Elsevier BV,https://doi.org/10.1016/j.anbehav.2025.123423,NA,cc-by,publishedVersion
,https://doi.org/10.1016/j.inpm.2025.100720,2025,article,TRUE,Interventional Pain Medicine,https://openalex.org/S4210225249,2772-5944,https://openalex.org/P4310320990,Elsevier BV,https://doi.org/10.1016/j.inpm.2025.100720,NA,cc-by-nc-nd,publishedVersion
,https://doi.org/10.21203/rs.3.rs-8256899/v1,2025,preprint,TRUE,Research Square,https://openalex.org/S4306525896,NA,NA,NA,https://doi.org/10.21203/rs.3.rs-8256899/v1,https://www.researchsquare.com/article/rs-8256899/latest.pdf,cc-by,acceptedVersion
,https://doi.org/10.1016/j.jpowsour.2025.239108,2025,article,FALSE,Journal of Power Sources,https://openalex.org/S177147899,0378-7753,https://openalex.org/P4310320990,Elsevier BV,https://doi.org/10.1016/j.jpowsour.2025.239108,NA,NA,publishedVersion
,https://doi.org/10.26434/chemrxiv-2025-jd7c8,2025,article,FALSE,ChemRxiv,https://openalex.org/S4393918830,2573-2293,NA,NA,https://doi.org/10.26434/chemrxiv-2025-jd7c8,NA,NA,acceptedVersion
,https://doi.org/10.26434/chemrxiv-2025-13f16,2025,article,FALSE,ChemRxiv,https://openalex.org/S4393918830,2573-2293,NA,NA,https://doi.org/10.26434/chemrxiv-2025-13f16,NA,NA,acceptedVersion
,https://doi.org/10.1007/s00415-025-13574-3,2025,article,TRUE,Journal of Neurology,https://openalex.org/S175814247,0340-5354,https://openalex.org/P4310319900,Springer Nature,https://doi.org/10.1007/s00415-025-13574-3,https://link.springer.com/content/pdf/10.1007/s00415-025-13574-3.pdf,cc-by,publishedVersion
,https://doi.org/10.26434/chemrxiv-2025-78dls,2025,article,FALSE,ChemRxiv,https://openalex.org/S4393918830,2573-2293,NA,NA,https://doi.org/10.26434/chemrxiv-2025-78dls,NA,NA,acceptedVersion
,https://doi.org/10.26434/chemrxiv-2025-3tz9z,2025,article,TRUE,ChemRxiv,https://openalex.org/S4393918830,2573-2293,NA,NA,https://doi.org/10.26434/chemrxiv-2025-3tz9z,NA,cc-by,acceptedVersion
,https://doi.org/10.5281/zenodo.18023065,2025,dataset,TRUE,Zenodo (CERN European Organization for Nuclear Research),https://openalex.org/S4306400562,NA,https://openalex.org/I67311998,European Organization for Nuclear Research,https://doi.org/10.5281/zenodo.18023065,NA,cc-by,NA
,https://doi.org/10.26434/chemrxiv-2025-z8nc0,2025,article,TRUE,ChemRxiv,https://openalex.org/S4393918830,2573-2293,NA,NA,https://doi.org/10.26434/chemrxiv-2025-z8nc0,NA,cc-by,acceptedVersion
,https://doi.org/10.5281/zenodo.18023176,2025,dataset,TRUE,Zenodo (CERN European Organization for Nuclear Research),https://openalex.org/S4306400562,NA,https://openalex.org/I67311998,European Organization for Nuclear Research,https://doi.org/10.5281/zenodo.18023176,NA,cc-by,NA
,https://doi.org/10.1002/alz70863_110652,2025,article,TRUE,Alzheimer s & Dementia,https://openalex.org/S108427512,1552-5260,https://openalex.org/P4310320595,Wiley,https://doi.org/10.1002/alz70863_110652,https://onlinelibrary.wiley.com/doi/pdfdirect/10.1002/alz70863_110652,cc-by,publishedVersion
,https://doi.org/10.1039/d5sc08675b,2025,article,TRUE,Chemical Science,https://openalex.org/S184645833,2041-6520,https://openalex.org/P4310320556,Royal Society of Chemistry,https://doi.org/10.1039/d5sc08675b,https://pubs.rsc.org/en/content/articlepdf/2026/sc/d5sc08675b,cc-by,publishedVersion
,https://doi.org/10.1021/acs.jpcb.5c07040,2025,article,TRUE,The Journal of Physical Chemistry B,https://openalex.org/S185621672,1520-5207,https://openalex.org/P4310320006,American Chemical Society,https://doi.org/10.1021/acs.jpcb.5c07040,NA,cc-by,publishedVersion
,https://doi.org/10.5281/zenodo.18023175,2025,dataset,TRUE,Zenodo (CERN European Organization for Nuclear Research),https://openalex.org/S4306400562,NA,https://openalex.org/I67311998,European Organization for Nuclear Research,https://doi.org/10.5281/zenodo.18023175,NA,cc-by,NA
,https://doi.org/10.26434/chemrxiv-2025-m020t,2025,article,TRUE,ChemRxiv,https://openalex.org/S4393918830,2573-2293,NA,NA,https://doi.org/10.26434/chemrxiv-2025-m020t,NA,cc-by,acceptedVersion
,https://doi.org/10.26434/chemrxiv-2025-gtx2m,2025,article,TRUE,ChemRxiv,https://openalex.org/S4393918830,2573-2293,NA,NA,https://doi.org/10.26434/chemrxiv-2025-gtx2m,NA,cc-by,acceptedVersion
,https://doi.org/10.5281/zenodo.18023066,2025,dataset,TRUE,Zenodo (CERN European Organization for Nuclear Research),https://openalex.org/S4306400562,NA,https://openalex.org/I67311998,European Organization for Nuclear Research,https://doi.org/10.5281/zenodo.18023066,NA,cc-by,NA
,https://doi.org/10.26434/chemrxiv-2025-8x7sd,2025,article,TRUE,ChemRxiv,https://openalex.org/S4393918830,2573-2293,NA,NA,https://doi.org/10.26434/chemrxiv-2025-8x7sd,NA,cc-by,acceptedVersion
,https://doi.org/10.1186/s12877-025-06599-w,2025,article,TRUE,BMC Geriatrics,https://openalex.org/S14643628,1471-2318,https://openalex.org/P4310320256,Springer Nature,https://doi.org/10.1186/s12877-025-06599-w,NA,cc-by,publishedVersion
,https://doi.org/10.1109/brains67003.2025.11302905,2025,article,FALSE,NA,NA,NA,NA,NA,https://doi.org/10.1109/brains67003.2025.11302905,NA,NA,publishedVersion
,https://doi.org/10.1093/ehjci/jeaf363,2025,article,TRUE,European Heart Journal - Cardiovascular Imaging,https://openalex.org/S64942916,2047-2404,https://openalex.org/P4310311648,Oxford University Press,https://doi.org/10.1093/ehjci/jeaf363,https://academic.oup.com/ehjcimaging/advance-article-pdf/doi/10.1093/ehjci/jeaf363/66116756/jeaf363.pdf,NA,publishedVersion
,https://doi.org/10.5281/zenodo.17867940,2025,preprint,TRUE,Zenodo (CERN European Organization for Nuclear Research),https://openalex.org/S4306400562,NA,https://openalex.org/I67311998,European Organization for Nuclear Research,https://doi.org/10.5281/zenodo.17867940,NA,cc-by,NA
,https://doi.org/10.1002/alz70855_100163,2025,article,TRUE,Alzheimer s & Dementia,https://openalex.org/S108427512,1552-5260,https://openalex.org/P4310320595,Wiley,https://doi.org/10.1002/alz70855_100163,https://onlinelibrary.wiley.com/doi/pdfdirect/10.1002/alz70855_100163,cc-by,publishedVersion
,https://doi.org/10.5281/zenodo.17867941,2025,preprint,TRUE,Zenodo (CERN European Organization for Nuclear Research),https://openalex.org/S4306400562,NA,https://openalex.org/I67311998,European Organization for Nuclear Research,https://doi.org/10.5281/zenodo.17867941,NA,cc-by,NA
,https://doi.org/10.1016/j.spa.2025.104858,2025,article,TRUE,Stochastic Processes and their Applications,https://openalex.org/S182850260,0304-4149,https://openalex.org/P4310320990,Elsevier BV,https://doi.org/10.1016/j.spa.2025.104858,NA,cc-by,publishedVersion
,https://doi.org/10.1055/a-2592-7783,2025,article,FALSE,Diabetologie und Stoffwechsel,https://openalex.org/S26605106,1861-9002,https://openalex.org/P4310321135,Thieme Medical Publishers (Germany),https://doi.org/10.1055/a-2592-7783,NA,NA,publishedVersion
,https://doi.org/10.1016/j.jaci.2025.12.993,2025,article,TRUE,Journal of Allergy and Clinical Immunology,https://openalex.org/S108525051,0091-6749,https://openalex.org/P4310320990,Elsevier BV,https://doi.org/10.1016/j.jaci.2025.12.993,NA,cc-by,publishedVersion
,https://doi.org/10.1055/a-2592-9343,2025,article,FALSE,Diabetologie und Stoffwechsel,https://openalex.org/S26605106,1861-9002,https://openalex.org/P4310321135,Thieme Medical Publishers (Germany),https://doi.org/10.1055/a-2592-9343,NA,NA,publishedVersion
,https://doi.org/10.1002/alz70856_104274,2025,article,TRUE,Alzheimer s & Dementia,https://openalex.org/S108427512,1552-5260,https://openalex.org/P4310320595,Wiley,https://doi.org/10.1002/alz70856_104274,https://onlinelibrary.wiley.com/doi/pdfdirect/10.1002/alz70856_104274,cc-by,publishedVersion
,https://doi.org/10.1002/ange.202516208,2025,article,TRUE,Angewandte Chemie,https://openalex.org/S4210200754,0044-8249,https://openalex.org/P4310320595,Wiley,https://doi.org/10.1002/ange.202516208,NA,cc-by,publishedVersion
,https://doi.org/10.1016/j.pnpbp.2025.111600,2025,article,TRUE,Progress in Neuro-Psychopharmacology and Biological Psychiatry,https://openalex.org/S142279999,0278-5846,https://openalex.org/P4310320990,Elsevier BV,https://doi.org/10.1016/j.pnpbp.2025.111600,NA,cc-by,publishedVersion
,https://doi.org/10.1002/mp.70212,2025,article,TRUE,Medical Physics,https://openalex.org/S95522064,0094-2405,https://openalex.org/P4310320595,Wiley,https://doi.org/10.1002/mp.70212,https://onlinelibrary.wiley.com/doi/pdfdirect/10.1002/mp.70212,cc-by,publishedVersion
,https://doi.org/10.17632/kby9y39k2h.2,2025,dataset,TRUE,Mendeley Data,https://openalex.org/S7407050775,NA,NA,NA,https://doi.org/10.17632/kby9y39k2h.2,NA,cc-by,NA
,https://doi.org/10.1016/j.jpowsour.2025.239203,2025,article,FALSE,Journal of Power Sources,https://openalex.org/S177147899,0378-7753,https://openalex.org/P4310320990,Elsevier BV,https://doi.org/10.1016/j.jpowsour.2025.239203,NA,NA,publishedVersion
,https://doi.org/10.1002/alz70858_100784,2025,article,TRUE,Alzheimer s & Dementia,https://openalex.org/S108427512,1552-5260,https://openalex.org/P4310320595,Wiley,https://doi.org/10.1002/alz70858_100784,https://onlinelibrary.wiley.com/doi/pdfdirect/10.1002/alz70858_100784,cc-by,publishedVersion
,https://doi.org/10.1016/j.jss.2025.112761,2025,article,TRUE,Journal of Systems and Software,https://openalex.org/S37879656,0164-1212,https://openalex.org/P4310320990,Elsevier BV,https://doi.org/10.1016/j.jss.2025.112761,NA,cc-by,publishedVersion
,https://doi.org/10.5281/zenodo.18069697,2025,other,TRUE,Zenodo (CERN European Organization for Nuclear Research),https://openalex.org/S4306400562,NA,https://openalex.org/I67311998,European Organization for Nuclear Research,https://doi.org/10.5281/zenodo.18069697,NA,cc-by,NA
,https://doi.org/10.5281/zenodo.18069698,2025,other,TRUE,Zenodo (CERN European Organization for Nuclear Research),https://openalex.org/S4306400562,NA,https://openalex.org/I67311998,European Organization for Nuclear Research,https://doi.org/10.5281/zenodo.18069698,NA,cc-by,NA
,https://doi.org/10.1001/jamapediatrics.2025.5145,2025,article,FALSE,JAMA Pediatrics,https://openalex.org/S14226812,2168-6203,https://openalex.org/P4310320259,American Medical Association,https://doi.org/10.1001/jamapediatrics.2025.5145,NA,NA,publishedVersion
,https://doi.org/10.1007/s13300-025-01832-6,2025,article,TRUE,Diabetes Therapy,https://openalex.org/S16535137,1869-6953,https://openalex.org/P4310320330,Springer Nature,https://doi.org/10.1007/s13300-025-01832-6,https://link.springer.com/content/pdf/10.1007/s13300-025-01832-6.pdf,cc-by-nc,publishedVersion
,https://doi.org/10.2196/69127,2025,article,TRUE,Journal of Medical Internet Research,https://openalex.org/S17147534,1438-8871,https://openalex.org/P4310320608,JMIR Publications,https://doi.org/10.2196/69127,NA,cc-by,publishedVersion
,https://doi.org/10.1007/s10797-025-09930-8,2025,article,TRUE,International Tax and Public Finance,https://openalex.org/S42192170,0927-5940,https://openalex.org/P4310319900,Springer Nature,https://doi.org/10.1007/s10797-025-09930-8,https://link.springer.com/content/pdf/10.1007/s10797-025-09930-8.pdf,cc-by,publishedVersion
,https://doi.org/10.64898/2025.12.29.696582,2025,article,TRUE,bioRxiv (Cold Spring Harbor Laboratory),https://openalex.org/S4306402567,NA,https://openalex.org/I2750212522,Cold Spring Harbor Laboratory,https://doi.org/10.64898/2025.12.29.696582,https://www.biorxiv.org/content/biorxiv/early/2025/12/29/2025.12.29.696582.full.pdf,cc-by,acceptedVersion
,https://doi.org/10.21203/rs.3.rs-8237178/v1,2025,preprint,TRUE,Research Square,https://openalex.org/S4306525896,NA,NA,NA,https://doi.org/10.21203/rs.3.rs-8237178/v1,https://www.researchsquare.com/article/rs-8237178/latest.pdf,cc-by,acceptedVersion
,https://doi.org/10.1038/s41598-025-33148-7,2025,article,TRUE,Scientific Reports,https://openalex.org/S196734849,2045-2322,https://openalex.org/P4310319908,Springer Nature,https://doi.org/10.1038/s41598-025-33148-7,NA,cc-by,publishedVersion
,https://doi.org/10.1007/978-3-662-69921-8_9,2025,book-chapter,FALSE,NA,NA,NA,NA,NA,https://doi.org/10.1007/978-3-662-69921-8_9,NA,NA,publishedVersion
,https://doi.org/10.1109/jssc.2025.3648344,2025,article,TRUE,IEEE Journal of Solid-State Circuits,https://openalex.org/S83637746,0018-9200,https://openalex.org/P4310319808,Institute of Electrical and Electronics Engineers,https://doi.org/10.1109/jssc.2025.3648344,NA,cc-by,publishedVersion
,https://doi.org/10.3390/children13010057,2025,article,TRUE,Children,https://openalex.org/S2736895435,2227-9067,https://openalex.org/P4310310987,Multidisciplinary Digital Publishing Institute,https://doi.org/10.3390/children13010057,https://www.mdpi.com/2227-9067/13/1/57/pdf?version=1767107851,cc-by,publishedVersion
,https://doi.org/10.1111/ijsa.70040,2025,article,TRUE,International Journal of Selection and Assessment,https://openalex.org/S148368070,0965-075X,https://openalex.org/P4310320595,Wiley,https://doi.org/10.1111/ijsa.70040,https://onlinelibrary.wiley.com/doi/pdfdirect/10.1111/ijsa.70040,cc-by,publishedVersion
,https://doi.org/10.26434/chemrxiv-2025-tg48m,2025,article,FALSE,ChemRxiv,https://openalex.org/S4393918830,2573-2293,NA,NA,https://doi.org/10.26434/chemrxiv-2025-tg48m,NA,NA,acceptedVersion
,https://doi.org/10.1016/j.nsa.2025.105795,2026,article,TRUE,Neuroscience Applied,https://openalex.org/S4210236820,2772-4085,https://openalex.org/P4310320990,Elsevier BV,https://doi.org/10.1016/j.nsa.2025.105795,NA,cc-by-nc-nd,publishedVersion
,https://doi.org/10.1007/978-3-032-12840-9_25,2026,book-chapter,FALSE,Lecture notes in computer science,https://openalex.org/S106296714,0302-9743,https://openalex.org/P4310319900,Springer Nature,https://doi.org/10.1007/978-3-032-12840-9_25,NA,NA,publishedVersion
,https://doi.org/10.3389/fimmu.2025.1761559,2026,article,TRUE,Frontiers in Immunology,https://openalex.org/S2595292759,1664-3224,https://openalex.org/P4310320527,Frontiers Media,https://doi.org/10.3389/fimmu.2025.1761559,https://public-pages-files-2025.frontiersin.org/journals/immunology/articles/10.3389/fimmu.2025.1761559/pdf,cc-by,publishedVersion
,https://doi.org/10.1007/978-3-031-90746-3_2,2026,book-chapter,FALSE,Internet of things,https://openalex.org/S4210191760,2199-1073,https://openalex.org/P4310319900,Springer Nature,https://doi.org/10.1007/978-3-031-90746-3_2,NA,NA,publishedVersion
,https://doi.org/10.1103/5mxs-g3z8,2026,article,TRUE,Physical Review Letters,https://openalex.org/S24807848,0031-9007,https://openalex.org/P4310320261,American Physical Society,https://doi.org/10.1103/5mxs-g3z8,NA,cc-by,publishedVersion
,https://doi.org/10.17632/kby9y39k2h.3,2026,dataset,TRUE,Mendeley Data,https://openalex.org/S7407050775,NA,NA,NA,https://doi.org/10.17632/kby9y39k2h.3,NA,cc-by,NA
,https://doi.org/10.3389/fpsyt.2025.1673223,2026,article,TRUE,Frontiers in Psychiatry,https://openalex.org/S92766711,1664-0640,https://openalex.org/P4310320527,Frontiers Media,https://doi.org/10.3389/fpsyt.2025.1673223,https://public-pages-files-2025.frontiersin.org/journals/psychiatry/articles/10.3389/fpsyt.2025.1673223/pdf,cc-by,publishedVersion
,https://doi.org/10.1038/s41591-025-04117-4,2026,article,TRUE,Nature Medicine,https://openalex.org/S203256638,1078-8956,https://openalex.org/P4310319908,Springer Nature,https://doi.org/10.1038/s41591-025-04117-4,https://www.nature.com/articles/s41591-025-04117-4.pdf,cc-by-nc-nd,publishedVersion
,https://doi.org/10.1067/j.cpradiol.2025.12.001,2026,article,TRUE,Current Problems in Diagnostic Radiology,https://openalex.org/S151836202,0363-0188,https://openalex.org/P4310320990,Elsevier BV,https://doi.org/10.1067/j.cpradiol.2025.12.001,NA,cc-by,publishedVersion
,https://doi.org/10.1186/s12877-025-06943-0,2026,article,TRUE,BMC Geriatrics,https://openalex.org/S14643628,1471-2318,https://openalex.org/P4310320256,Springer Nature,https://doi.org/10.1186/s12877-025-06943-0,NA,cc-by,publishedVersion
,https://doi.org/10.3390/md24010032,2026,article,TRUE,Marine Drugs,https://openalex.org/S146563757,1660-3397,https://openalex.org/P4310310987,Multidisciplinary Digital Publishing Institute,https://doi.org/10.3390/md24010032,NA,cc-by,publishedVersion
,https://doi.org/10.1007/s00117-025-01548-5,2026,article,TRUE,Die Radiologie,https://openalex.org/S4387280104,2731-7048,https://openalex.org/P4310319900,Springer Nature,https://doi.org/10.1007/s00117-025-01548-5,https://link.springer.com/content/pdf/10.1007/s00117-025-01548-5.pdf,cc-by,publishedVersion
,https://doi.org/10.1055/a-2771-3026,2026,article,FALSE,RöFo - Fortschritte auf dem Gebiet der Röntgenstrahlen und der bildgebenden Verfahren,https://openalex.org/S4210212309,1438-9010,https://openalex.org/P4310320000,Thieme Medical Publishers (Germany),https://doi.org/10.1055/a-2771-3026,NA,NA,publishedVersion
,https://doi.org/10.3389/fpsyt.2025.1677282,2026,article,TRUE,Frontiers in Psychiatry,https://openalex.org/S92766711,1664-0640,https://openalex.org/P4310320527,Frontiers Media,https://doi.org/10.3389/fpsyt.2025.1677282,https://public-pages-files-2025.frontiersin.org/journals/psychiatry/articles/10.3389/fpsyt.2025.1677282/pdf,cc-by,publishedVersion
,https://doi.org/10.1103/185z-nxt1,2026,article,TRUE,Physical Review Applied,https://openalex.org/S2764453006,2331-7019,https://openalex.org/P4310320261,American Physical Society,https://doi.org/10.1103/185z-nxt1,NA,cc-by,publishedVersion
,https://doi.org/10.26434/chemrxiv-2026-b8lbh,2026,article,TRUE,ChemRxiv,https://openalex.org/S4393918830,2573-2293,NA,NA,https://doi.org/10.26434/chemrxiv-2026-b8lbh,NA,cc-by,acceptedVersion
,https://doi.org/10.1016/j.bja.2025.10.067,2026,article,TRUE,British Journal of Anaesthesia,https://openalex.org/S33418846,0007-0912,https://openalex.org/P4310320990,Elsevier BV,https://doi.org/10.1016/j.bja.2025.10.067,NA,cc-by,publishedVersion
,https://doi.org/10.1038/s41428-025-01136-3,2026,article,TRUE,Polymer Journal,https://openalex.org/S91170297,0032-3896,https://openalex.org/P4310319965,Springer Nature,https://doi.org/10.1038/s41428-025-01136-3,https://www.nature.com/articles/s41428-025-01136-3.pdf,cc-by,publishedVersion
,https://doi.org/10.1007/978-3-658-48132-2_49,2026,book-chapter,FALSE,NA,NA,NA,NA,NA,https://doi.org/10.1007/978-3-658-48132-2_49,NA,NA,publishedVersion
,https://doi.org/10.1007/s00117-025-01551-w,2026,article,TRUE,Die Radiologie,https://openalex.org/S4387280104,2731-7048,https://openalex.org/P4310319900,Springer Nature,https://doi.org/10.1007/s00117-025-01551-w,https://link.springer.com/content/pdf/10.1007/s00117-025-01551-w.pdf,cc-by,publishedVersion
,https://doi.org/10.1186/s13068-025-02732-4,2026,article,TRUE,Biotechnology for Biofuels and Bioproducts,https://openalex.org/S4210233465,2731-3654,https://openalex.org/P4310320256,Springer Nature,https://doi.org/10.1186/s13068-025-02732-4,NA,cc-by,publishedVersion
,https://doi.org/10.1016/j.eclinm.2025.103742,2026,article,TRUE,EClinicalMedicine,https://openalex.org/S2898347799,2589-5370,https://openalex.org/P4310320990,Elsevier BV,https://doi.org/10.1016/j.eclinm.2025.103742,NA,cc-by,publishedVersion
,https://doi.org/10.1007/s00417-025-07106-y,2026,article,TRUE,Graefe s Archive for Clinical and Experimental Ophthalmology,https://openalex.org/S93410275,0721-832X,https://openalex.org/P4310319900,Springer Nature,https://doi.org/10.1007/s00417-025-07106-y,https://link.springer.com/content/pdf/10.1007/s00417-025-07106-y.pdf,cc-by,publishedVersion
,https://doi.org/10.3390/curroncol33010036,2026,article,TRUE,Current Oncology,https://openalex.org/S113449754,1198-0052,https://openalex.org/P4310310987,Multidisciplinary Digital Publishing Institute,https://doi.org/10.3390/curroncol33010036,https://www.mdpi.com/1718-7729/33/1/36/pdf,cc-by,publishedVersion
,https://doi.org/10.5281/zenodo.18187533,2026,other,TRUE,Zenodo (CERN European Organization for Nuclear Research),https://openalex.org/S4306400562,NA,https://openalex.org/I67311998,European Organization for Nuclear Research,https://doi.org/10.5281/zenodo.18187533,NA,cc-by,NA
,https://doi.org/10.1007/s12028-025-02431-w,2026,article,TRUE,Neurocritical Care,https://openalex.org/S163185351,1541-6933,https://openalex.org/P4310319900,Springer Nature,https://doi.org/10.1007/s12028-025-02431-w,https://link.springer.com/content/pdf/10.1007/s12028-025-02431-w.pdf,cc-by,publishedVersion
,https://doi.org/10.5281/zenodo.18187532,2026,other,TRUE,Zenodo (CERN European Organization for Nuclear Research),https://openalex.org/S4306400562,NA,https://openalex.org/I67311998,European Organization for Nuclear Research,https://doi.org/10.5281/zenodo.18187532,NA,cc-by,NA
,https://doi.org/10.1038/s41598-026-35297-9,2026,article,TRUE,Scientific Reports,https://openalex.org/S196734849,2045-2322,https://openalex.org/P4310319908,Springer Nature,https://doi.org/10.1038/s41598-026-35297-9,https://www.nature.com/articles/s41598-026-35297-9_reference.pdf,cc-by,publishedVersion
,https://doi.org/10.1186/s12934-025-02911-w,2026,article,TRUE,Microbial Cell Factories,https://openalex.org/S171368329,1475-2859,https://openalex.org/P4310320256,Springer Nature,https://doi.org/10.1186/s12934-025-02911-w,NA,cc-by,publishedVersion
,https://doi.org/10.1093/jbmrpl/ziag001,2026,article,TRUE,JBMR Plus,https://openalex.org/S4210170492,2473-4039,https://openalex.org/P4310320595,Wiley,https://doi.org/10.1093/jbmrpl/ziag001,NA,cc-by,publishedVersion
,https://doi.org/10.1016/j.omton.2026.201127,2026,article,TRUE,Molecular Therapy Oncology,https://openalex.org/S5407037028,2950-3299,NA,NA,https://doi.org/10.1016/j.omton.2026.201127,NA,cc-by,publishedVersion
,https://doi.org/10.1186/s12950-026-00485-x,2026,article,TRUE,Journal of Inflammation,https://openalex.org/S24701539,1476-9255,https://openalex.org/P4310320256,Springer Nature,https://doi.org/10.1186/s12950-026-00485-x,NA,cc-by,publishedVersion
,https://doi.org/10.1016/j.biopha.2026.118989,2026,article,TRUE,Biomedicine & Pharmacotherapy,https://openalex.org/S15111687,0753-3322,https://openalex.org/P4310320990,Elsevier BV,https://doi.org/10.1016/j.biopha.2026.118989,NA,cc-by,publishedVersion
,https://doi.org/10.5281/zenodo.17867852,2025,article,TRUE,Zenodo (CERN European Organization for Nuclear Research),https://openalex.org/S4306400562,NA,https://openalex.org/I67311998,European Organization for Nuclear Research,https://doi.org/10.5281/zenodo.17867852,NA,cc-by,NA
,https://doi.org/10.3389/fonc.2025.1701388,2026,article,TRUE,Frontiers in Oncology,https://openalex.org/S2596394214,2234-943X,https://openalex.org/P4310320527,Frontiers Media,https://doi.org/10.3389/fonc.2025.1701388,https://public-pages-files-2025.frontiersin.org/journals/oncology/articles/10.3389/fonc.2025.1701388/pdf,cc-by,publishedVersion
,https://doi.org/10.5281/zenodo.17867851,2025,article,TRUE,Zenodo (CERN European Organization for Nuclear Research),https://openalex.org/S4306400562,NA,https://openalex.org/I67311998,European Organization for Nuclear Research,https://doi.org/10.5281/zenodo.17867851,NA,cc-by,NA
,https://doi.org/10.5281/zenodo.17867843,2025,article,TRUE,Zenodo (CERN European Organization for Nuclear Research),https://openalex.org/S4306400562,NA,https://openalex.org/I67311998,European Organization for Nuclear Research,https://doi.org/10.5281/zenodo.17867843,NA,cc-by,NA
,https://doi.org/10.3390/antiox15010090,2026,article,TRUE,Antioxidants,https://openalex.org/S2737566431,2076-3921,https://openalex.org/P4310310987,Multidisciplinary Digital Publishing Institute,https://doi.org/10.3390/antiox15010090,https://www.mdpi.com/2076-3921/15/1/90/pdf,cc-by,publishedVersion
,https://doi.org/10.1186/s11556-025-00396-5,2026,article,TRUE,European Review of Aging and Physical Activity,https://openalex.org/S69082098,1813-7253,https://openalex.org/P4310320256,Springer Nature,https://doi.org/10.1186/s11556-025-00396-5,NA,cc-by,publishedVersion
,https://doi.org/10.1007/s12369-025-01350-2,2026,article,TRUE,International Journal of Social Robotics,https://openalex.org/S168738021,1875-4791,https://openalex.org/P4310319900,Springer Nature,https://doi.org/10.1007/s12369-025-01350-2,https://link.springer.com/content/pdf/10.1007/s12369-025-01350-2.pdf,cc-by,publishedVersion
,https://doi.org/10.1111/nph.70895,2026,article,TRUE,New Phytologist,https://openalex.org/S58631098,0028-646X,https://openalex.org/P4310320595,Wiley,https://doi.org/10.1111/nph.70895,https://onlinelibrary.wiley.com/doi/pdfdirect/10.1111/nph.70895,cc-by,publishedVersion
,https://doi.org/10.1109/cdc57313.2025.11312109,2025,article,FALSE,NA,NA,NA,NA,NA,https://doi.org/10.1109/cdc57313.2025.11312109,NA,NA,publishedVersion
,https://doi.org/10.1002/batt.202500704,2026,article,TRUE,Batteries & Supercaps,https://openalex.org/S4210241147,2566-6223,https://openalex.org/P4310320595,Wiley,https://doi.org/10.1002/batt.202500704,NA,cc-by,publishedVersion
,https://doi.org/10.3390/biom16010142,2026,article,TRUE,Biomolecules,https://openalex.org/S4210236520,2218-273X,https://openalex.org/P4310310987,Multidisciplinary Digital Publishing Institute,https://doi.org/10.3390/biom16010142,https://www.mdpi.com/2218-273X/16/1/142/pdf?version=1768302466,cc-by,publishedVersion
,https://doi.org/10.3389/fpubh.2025.1704099,2026,article,TRUE,Frontiers in Public Health,https://openalex.org/S2595931848,2296-2565,https://openalex.org/P4310320527,Frontiers Media,https://doi.org/10.3389/fpubh.2025.1704099,https://public-pages-files-2025.frontiersin.org/journals/public-health/articles/10.3389/fpubh.2025.1704099/pdf,cc-by,publishedVersion
,https://doi.org/10.5281/zenodo.18182726,2026,dataset,TRUE,Zenodo (CERN European Organization for Nuclear Research),https://openalex.org/S4306400562,NA,https://openalex.org/I67311998,European Organization for Nuclear Research,https://doi.org/10.5281/zenodo.18182726,NA,cc-by,NA
,https://doi.org/10.1163/1568525x-bja10396,2025,article,FALSE,Mnemosyne,https://openalex.org/S47679038,0026-7074,https://openalex.org/P4310320561,De Gruyter Brill,https://doi.org/10.1163/1568525x-bja10396,NA,NA,publishedVersion
,https://doi.org/10.1002/smtd.202501766,2026,article,TRUE,Small Methods,https://openalex.org/S4210232622,2366-9608,https://openalex.org/P4310320595,Wiley,https://doi.org/10.1002/smtd.202501766,https://onlinelibrary.wiley.com/doi/pdfdirect/10.1002/smtd.202501766,cc-by,publishedVersion
,https://doi.org/10.5281/zenodo.18182727,2026,dataset,TRUE,Zenodo (CERN European Organization for Nuclear Research),https://openalex.org/S4306400562,NA,https://openalex.org/I67311998,European Organization for Nuclear Research,https://doi.org/10.5281/zenodo.18182727,NA,cc-by,NA
,https://doi.org/10.1109/mits.2025.3643199,2026,article,FALSE,IEEE Intelligent Transportation Systems Magazine,https://openalex.org/S131000621,1939-1390,https://openalex.org/P4310319808,Institute of Electrical and Electronics Engineers,https://doi.org/10.1109/mits.2025.3643199,NA,NA,publishedVersion
,https://doi.org/10.5281/zenodo.17965864,2025,other,TRUE,Zenodo (CERN European Organization for Nuclear Research),https://openalex.org/S4306400562,NA,https://openalex.org/I67311998,European Organization for Nuclear Research,https://doi.org/10.5281/zenodo.17965864,NA,cc-by,NA
,https://doi.org/10.5281/zenodo.17965863,2025,other,TRUE,Zenodo (CERN European Organization for Nuclear Research),https://openalex.org/S4306400562,NA,https://openalex.org/I67311998,European Organization for Nuclear Research,https://doi.org/10.5281/zenodo.17965863,NA,cc-by,NA
,https://doi.org/10.3205/zma001806,2026,article,FALSE,PubMed,https://openalex.org/S4306525036,NA,https://openalex.org/I1299303238,National Institutes of Health,https://pubmed.ncbi.nlm.nih.gov/41657923,NA,NA,publishedVersion
,https://doi.org/10.3390/biomedicines14010185,2026,article,TRUE,Biomedicines,https://openalex.org/S2737005842,2227-9059,https://openalex.org/P4310310987,Multidisciplinary Digital Publishing Institute,https://doi.org/10.3390/biomedicines14010185,https://www.mdpi.com/2227-9059/14/1/185/pdf?version=1768464452,cc-by,publishedVersion
,https://doi.org/10.1038/s41409-025-02789-7,2026,article,TRUE,Bone Marrow Transplantation,https://openalex.org/S183182149,0268-3369,https://openalex.org/P4310319965,Springer Nature,https://doi.org/10.1038/s41409-025-02789-7,https://www.nature.com/articles/s41409-025-02789-7.pdf,cc-by,publishedVersion
,https://doi.org/10.5281/zenodo.18268671,2026,dataset,TRUE,Zenodo (CERN European Organization for Nuclear Research),https://openalex.org/S4306400562,NA,https://openalex.org/I67311998,European Organization for Nuclear Research,https://doi.org/10.5281/zenodo.18268671,NA,cc-by,NA
,https://doi.org/10.5281/zenodo.18268670,2026,dataset,TRUE,Zenodo (CERN European Organization for Nuclear Research),https://openalex.org/S4306400562,NA,https://openalex.org/I67311998,European Organization for Nuclear Research,https://doi.org/10.5281/zenodo.18268670,NA,cc-by,NA
,https://doi.org/10.1016/j.chiabu.2026.107898,2026,article,TRUE,Child Abuse & Neglect,https://openalex.org/S53055215,0145-2134,https://openalex.org/P4310320990,Elsevier BV,https://doi.org/10.1016/j.chiabu.2026.107898,NA,cc-by,publishedVersion
,https://doi.org/10.1177/23523735251410823,2026,article,TRUE,Bladder Cancer,https://openalex.org/S4210208690,2352-3727,https://openalex.org/P4310318577,SAGE Publishing,https://doi.org/10.1177/23523735251410823,NA,cc-by-nc,publishedVersion
,https://doi.org/10.1016/j.pec.2026.109482,2026,article,TRUE,Patient Education and Counseling,https://openalex.org/S39041608,0738-3991,https://openalex.org/P4310320990,Elsevier BV,https://doi.org/10.1016/j.pec.2026.109482,NA,cc-by,publishedVersion
,https://doi.org/10.1007/s10840-025-02226-1,2026,article,FALSE,Journal of Interventional Cardiac Electrophysiology,https://openalex.org/S75756335,1383-875X,https://openalex.org/P4310319900,Springer Nature,https://doi.org/10.1007/s10840-025-02226-1,NA,NA,publishedVersion
,https://doi.org/10.1016/j.neucom.2026.132675,2026,article,TRUE,Neurocomputing,https://openalex.org/S45693802,0925-2312,https://openalex.org/P4310320990,Elsevier BV,https://doi.org/10.1016/j.neucom.2026.132675,NA,cc-by,publishedVersion
,https://doi.org/10.1186/s40658-025-00826-4,2026,article,TRUE,EJNMMI Physics,https://openalex.org/S2737569433,2197-7364,https://openalex.org/P4310319900,Springer Nature,https://doi.org/10.1186/s40658-025-00826-4,NA,cc-by,publishedVersion
,https://doi.org/10.33425/2690-8077.1218,2025,article,TRUE,Japan Journal of Research,https://openalex.org/S4210203153,2690-8077,NA,NA,https://doi.org/10.33425/2690-8077.1218,http://sciencexcel.com/articles/oxKYia8qO5frtnGDE4E0mEMFJzl7VH9cr3MWpaDZ.pdf,cc-by,publishedVersion
,https://doi.org/10.1007/s00787-025-02940-1,2026,article,TRUE,European Child & Adolescent Psychiatry,https://openalex.org/S159275680,1018-8827,https://openalex.org/P4310319900,Springer Nature,https://doi.org/10.1007/s00787-025-02940-1,https://link.springer.com/content/pdf/10.1007/s00787-025-02940-1.pdf,cc-by,publishedVersion
,https://doi.org/10.1093/ehjopen/oeag001,2026,article,TRUE,European Heart Journal Open,https://openalex.org/S4210237792,2752-4191,https://openalex.org/P4310311648,Oxford University Press,https://doi.org/10.1093/ehjopen/oeag001,NA,cc-by,publishedVersion
,https://doi.org/10.1002/cite.70063,2026,article,TRUE,Chemie Ingenieur Technik,https://openalex.org/S125795645,0009-286X,https://openalex.org/P4310320595,Wiley,https://doi.org/10.1002/cite.70063,https://onlinelibrary.wiley.com/doi/pdfdirect/10.1002/cite.70063,cc-by,publishedVersion
,https://doi.org/10.1210/jendso/bvag007,2026,article,TRUE,Journal of the Endocrine Society,https://openalex.org/S2735747656,2472-1972,https://openalex.org/P4310315851,Endocrine Society,https://doi.org/10.1210/jendso/bvag007,NA,cc-by,publishedVersion
,https://doi.org/10.1093/brain/awag011,2026,article,TRUE,Brain,https://openalex.org/S118357697,0006-8950,https://openalex.org/P4310311648,Oxford University Press,https://doi.org/10.1093/brain/awag011,NA,cc-by,publishedVersion
,https://doi.org/10.1186/s12888-025-07764-6,2026,article,TRUE,BMC Psychiatry,https://openalex.org/S94610253,1471-244X,https://openalex.org/P4310320256,Springer Nature,https://doi.org/10.1186/s12888-025-07764-6,NA,cc-by-nc-nd,publishedVersion
,https://doi.org/10.1002/hem3.70302,2026,article,TRUE,HemaSphere,https://openalex.org/S4210211592,2572-9241,https://openalex.org/P4310318547,Wolters Kluwer,https://doi.org/10.1002/hem3.70302,https://onlinelibrary.wiley.com/doi/pdfdirect/10.1002/hem3.70302,cc-by-nc-nd,publishedVersion
,https://doi.org/10.1002/ueg2.70168,2026,article,FALSE,United European Gastroenterology Journal,https://openalex.org/S2764702794,2050-6406,https://openalex.org/P4310320595,Wiley,https://doi.org/10.1002/ueg2.70168,NA,NA,publishedVersion
,https://doi.org/10.1016/j.jcrc.2025.155372,2026,article,FALSE,Journal of Critical Care,https://openalex.org/S126993733,0883-9441,https://openalex.org/P4310320990,Elsevier BV,https://doi.org/10.1016/j.jcrc.2025.155372,NA,NA,publishedVersion
,https://doi.org/10.6084/m9.figshare.31097326.v1,2026,article,TRUE,Figshare,https://openalex.org/S4377196282,NA,https://openalex.org/I4210132348,Figshare (United Kingdom),https://doi.org/10.6084/m9.figshare.31097326.v1,NA,cc-by,NA
,https://doi.org/10.6084/m9.figshare.c.8250496,2026,other,TRUE,Figshare,https://openalex.org/S4377196282,NA,https://openalex.org/I4210132348,Figshare (United Kingdom),https://doi.org/10.6084/m9.figshare.c.8250496,NA,cc-by,NA
,https://doi.org/10.6084/m9.figshare.31097326,2026,article,TRUE,Figshare,https://openalex.org/S4377196282,NA,https://openalex.org/I4210132348,Figshare (United Kingdom),https://doi.org/10.6084/m9.figshare.31097326,NA,cc-by,NA
,https://doi.org/10.6084/m9.figshare.31097158.v1,2026,article,TRUE,Figshare,https://openalex.org/S4377196282,NA,https://openalex.org/I4210132348,Figshare (United Kingdom),https://doi.org/10.6084/m9.figshare.31097158.v1,NA,cc-by,NA
,https://doi.org/10.1016/j.molp.2026.01.004,2026,article,FALSE,Molecular Plant,https://openalex.org/S150334665,1674-2052,https://openalex.org/P4310320990,Elsevier BV,https://doi.org/10.1016/j.molp.2026.01.004,NA,NA,publishedVersion
,https://doi.org/10.1093/esj/aakaf012,2026,article,TRUE,European Stroke Journal,https://openalex.org/S4210181306,2396-9873,https://openalex.org/P4310320017,SAGE Publishing,https://doi.org/10.1093/esj/aakaf012,NA,cc-by,publishedVersion
,https://doi.org/10.6084/m9.figshare.31097329.v1,2026,dataset,TRUE,Figshare,https://openalex.org/S4377196282,NA,https://openalex.org/I4210132348,Figshare (United Kingdom),https://doi.org/10.6084/m9.figshare.31097329.v1,NA,cc-by,NA
,https://doi.org/10.1038/s41598-026-36614-y,2026,article,TRUE,Scientific Reports,https://openalex.org/S196734849,2045-2322,https://openalex.org/P4310319908,Springer Nature,https://doi.org/10.1038/s41598-026-36614-y,https://www.nature.com/articles/s41598-026-36614-y.pdf,cc-by,publishedVersion
,https://doi.org/10.1007/s43440-025-00820-8,2026,article,TRUE,Pharmacological Reports,https://openalex.org/S180401253,1734-1140,https://openalex.org/P4310320990,Elsevier BV,https://doi.org/10.1007/s43440-025-00820-8,https://link.springer.com/content/pdf/10.1007/s43440-025-00820-8.pdf,cc-by,publishedVersion
,https://doi.org/10.1002/aenm.202505756,2026,article,TRUE,Advanced Energy Materials,https://openalex.org/S2502627819,1614-6832,https://openalex.org/P4310320595,Wiley,https://doi.org/10.1002/aenm.202505756,https://onlinelibrary.wiley.com/doi/pdfdirect/10.1002/aenm.202505756,cc-by,publishedVersion
,https://doi.org/10.6084/m9.figshare.c.8087358.v2,2026,other,TRUE,Figshare,https://openalex.org/S4377196282,NA,https://openalex.org/I4210132348,Figshare (United Kingdom),https://doi.org/10.6084/m9.figshare.c.8087358.v2,NA,cc-by,NA
,https://doi.org/10.6084/m9.figshare.31097158,2026,article,TRUE,Figshare,https://openalex.org/S4377196282,NA,https://openalex.org/I4210132348,Figshare (United Kingdom),https://doi.org/10.6084/m9.figshare.31097158,NA,cc-by,NA
,https://doi.org/10.6084/m9.figshare.31097329,2026,dataset,TRUE,Figshare,https://openalex.org/S4377196282,NA,https://openalex.org/I4210132348,Figshare (United Kingdom),https://doi.org/10.6084/m9.figshare.31097329,NA,cc-by,NA
,https://doi.org/10.5061/dryad.cjsxksnhm,2026,dataset,TRUE,Open MIND,https://openalex.org/S4406922384,NA,NA,NA,NA,NA,public-domain,acceptedVersion
,https://doi.org/10.6084/m9.figshare.c.8250496.v1,2026,other,TRUE,Figshare,https://openalex.org/S4377196282,NA,https://openalex.org/I4210132348,Figshare (United Kingdom),https://doi.org/10.6084/m9.figshare.c.8250496.v1,NA,cc-by,NA
,https://doi.org/10.1182/bloodadvances.2025018285,2026,article,TRUE,Blood Advances,https://openalex.org/S2764683450,2473-9529,https://openalex.org/P4310320990,Elsevier BV,https://doi.org/10.1182/bloodadvances.2025018285,https://ashpublications.org/bloodadvances/article-pdf/doi/10.1182/bloodadvances.2025018285/2499192/bloodadvances.2025018285.pdf,cc-by-nc-nd,publishedVersion
,https://doi.org/10.64898/2026.01.20.700544,2026,article,TRUE,bioRxiv (Cold Spring Harbor Laboratory),https://openalex.org/S4306402567,NA,https://openalex.org/I2750212522,Cold Spring Harbor Laboratory,https://doi.org/10.64898/2026.01.20.700544,https://www.biorxiv.org/content/biorxiv/early/2026/01/20/2026.01.20.700544.full.pdf,cc-by,acceptedVersion
,https://doi.org/10.1161/circinterventions.125.015883,2026,article,TRUE,Circulation Cardiovascular Interventions,https://openalex.org/S177226689,1941-7632,https://openalex.org/P4310315671,Wolters Kluwer,https://doi.org/10.1161/circinterventions.125.015883,NA,cc-by,publishedVersion
,https://doi.org/10.1007/s00439-025-02804-3,2026,article,TRUE,Human Genetics,https://openalex.org/S199832308,0340-6717,https://openalex.org/P4310319900,Springer Nature,https://doi.org/10.1007/s00439-025-02804-3,https://link.springer.com/content/pdf/10.1007/s00439-025-02804-3.pdf,cc-by,publishedVersion
,https://doi.org/10.5281/zenodo.18325713,2026,other,TRUE,Zenodo (CERN European Organization for Nuclear Research),https://openalex.org/S4306400562,NA,https://openalex.org/I67311998,European Organization for Nuclear Research,https://doi.org/10.5281/zenodo.18325713,NA,NA,NA
,https://doi.org/10.1016/j.stemcr.2025.102788,2026,article,TRUE,Stem Cell Reports,https://openalex.org/S2764425922,2213-6711,https://openalex.org/P4310320990,Elsevier BV,https://doi.org/10.1016/j.stemcr.2025.102788,https://www.cell.com/stem-cell-reports/pdf/S2213-6711(25)00392-3.pdf,NA,publishedVersion
,https://doi.org/10.1016/j.jcss.2026.103760,2026,article,TRUE,Journal of Computer and System Sciences,https://openalex.org/S141020589,0022-0000,https://openalex.org/P4310320990,Elsevier BV,https://doi.org/10.1016/j.jcss.2026.103760,NA,cc-by,publishedVersion
,https://doi.org/10.1021/acsami.5c21796,2026,article,FALSE,ACS Applied Materials & Interfaces,https://openalex.org/S164001016,1944-8244,https://openalex.org/P4310320006,American Chemical Society,https://doi.org/10.1021/acsami.5c21796,NA,NA,publishedVersion
,https://doi.org/10.64898/2026.01.20.700567,2026,article,TRUE,bioRxiv (Cold Spring Harbor Laboratory),https://openalex.org/S4306402567,NA,https://openalex.org/I2750212522,Cold Spring Harbor Laboratory,https://doi.org/10.64898/2026.01.20.700567,https://www.biorxiv.org/content/biorxiv/early/2026/01/21/2026.01.20.700567.full.pdf,cc-by,acceptedVersion
,https://doi.org/10.1007/978-3-032-02326-1_12,2026,book-chapter,FALSE,Trends in mathematics,https://openalex.org/S4210172747,2297-0215,https://openalex.org/P4310319965,Springer Nature,https://doi.org/10.1007/978-3-032-02326-1_12,NA,NA,publishedVersion
,https://doi.org/10.1172/jci.insight.197475,2026,article,TRUE,JCI Insight,https://openalex.org/S2764964142,2379-3708,https://openalex.org/P4310320279,American Society for Clinical Investigation,https://doi.org/10.1172/jci.insight.197475,http://insight.jci.org/articles/view/197475/files/pdf,cc-by,publishedVersion
,https://doi.org/10.1002/mabi.202500585,2026,article,TRUE,Macromolecular Bioscience,https://openalex.org/S182383103,1616-5187,https://openalex.org/P4310320595,Wiley,https://doi.org/10.1002/mabi.202500585,https://onlinelibrary.wiley.com/doi/pdfdirect/10.1002/mabi.202500585,cc-by,publishedVersion
,https://doi.org/10.17632/pvfwf6xmc5.1,2026,dataset,TRUE,Mendeley Data,https://openalex.org/S7407050775,NA,NA,NA,https://doi.org/10.17632/pvfwf6xmc5.1,NA,cc-by,NA
,https://doi.org/10.64898/2026.01.20.700344,2026,article,TRUE,bioRxiv (Cold Spring Harbor Laboratory),https://openalex.org/S4306402567,NA,https://openalex.org/I2750212522,Cold Spring Harbor Laboratory,https://doi.org/10.64898/2026.01.20.700344,https://www.biorxiv.org/content/biorxiv/early/2026/01/22/2026.01.20.700344.full.pdf,cc-by-nc,acceptedVersion
,https://doi.org/10.21203/rs.3.rs-8419449/v1,2026,preprint,TRUE,Research Square,https://openalex.org/S4306525896,NA,NA,NA,https://doi.org/10.21203/rs.3.rs-8419449/v1,https://www.researchsquare.com/article/rs-8419449/latest.pdf,cc-by,acceptedVersion
,https://doi.org/10.1002/aelm.202500525,2026,article,TRUE,Advanced Electronic Materials,https://openalex.org/S2765003236,2199-160X,https://openalex.org/P4310320595,Wiley,https://doi.org/10.1002/aelm.202500525,https://onlinelibrary.wiley.com/doi/pdfdirect/10.1002/aelm.202500525,cc-by,publishedVersion
,https://doi.org/10.17632/pvfwf6xmc5,2026,dataset,TRUE,Mendeley Data,https://openalex.org/S7407050775,NA,NA,NA,https://doi.org/10.17632/pvfwf6xmc5,NA,cc-by,NA
,https://doi.org/10.64898/2026.01.21.700829,2026,article,TRUE,bioRxiv (Cold Spring Harbor Laboratory),https://openalex.org/S4306402567,NA,https://openalex.org/I2750212522,Cold Spring Harbor Laboratory,https://doi.org/10.64898/2026.01.21.700829,https://www.biorxiv.org/content/biorxiv/early/2026/01/23/2026.01.21.700829.full.pdf,cc-by,acceptedVersion
,https://doi.org/10.1016/j.scitotenv.2026.181430,2026,article,TRUE,The Science of The Total Environment,https://openalex.org/S86852077,0048-9697,https://openalex.org/P4310320990,Elsevier BV,https://doi.org/10.1016/j.scitotenv.2026.181430,NA,cc-by,publishedVersion
,https://doi.org/10.1002/eji.70137,2026,article,TRUE,European Journal of Immunology,https://openalex.org/S126191069,0014-2980,https://openalex.org/P4310320595,Wiley,https://doi.org/10.1002/eji.70137,https://onlinelibrary.wiley.com/doi/pdfdirect/10.1002/eji.70137,cc-by,publishedVersion
,https://doi.org/10.64898/2026.01.24.701060,2026,article,TRUE,bioRxiv (Cold Spring Harbor Laboratory),https://openalex.org/S4306402567,NA,https://openalex.org/I2750212522,Cold Spring Harbor Laboratory,https://doi.org/10.64898/2026.01.24.701060,https://www.biorxiv.org/content/biorxiv/early/2026/01/26/2026.01.24.701060.full.pdf,cc-by,acceptedVersion
,https://doi.org/10.1039/d5sd00204d,2026,article,TRUE,Sensors & Diagnostics,https://openalex.org/S4210227332,2635-0998,https://openalex.org/P4310320556,Royal Society of Chemistry,https://doi.org/10.1039/d5sd00204d,https://pubs.rsc.org/en/content/articlepdf/2025/sd/d5sd00204d,cc-by,publishedVersion
,https://doi.org/10.1055/s-0045-1814293,2026,article,FALSE,Zeitschrift für Gastroenterologie,https://openalex.org/S189922908,0044-2771,https://openalex.org/P4310320000,Thieme Medical Publishers (Germany),https://doi.org/10.1055/s-0045-1814293,NA,NA,publishedVersion
,https://doi.org/10.1039/d5sc05305f,2026,article,TRUE,Chemical Science,https://openalex.org/S184645833,2041-6520,https://openalex.org/P4310320556,Royal Society of Chemistry,https://doi.org/10.1039/d5sc05305f,https://pubs.rsc.org/en/content/articlepdf/2026/sc/d5sc05305f,cc-by,publishedVersion
,https://doi.org/10.5281/zenodo.17862427,2025,article,TRUE,Zenodo (CERN European Organization for Nuclear Research),https://openalex.org/S4306400562,NA,https://openalex.org/I67311998,European Organization for Nuclear Research,https://doi.org/10.5281/zenodo.17862427,NA,cc-by,NA
,https://doi.org/10.1007/s00401-026-02979-7,2026,article,TRUE,Acta Neuropathologica,https://openalex.org/S198620474,0001-6322,https://openalex.org/P4310319900,Springer Nature,https://doi.org/10.1007/s00401-026-02979-7,https://link.springer.com/content/pdf/10.1007/s00401-026-02979-7.pdf,cc-by,publishedVersion
,https://doi.org/10.64898/2026.01.25.701526,2026,article,TRUE,bioRxiv (Cold Spring Harbor Laboratory),https://openalex.org/S4306402567,NA,https://openalex.org/I2750212522,Cold Spring Harbor Laboratory,https://doi.org/10.64898/2026.01.25.701526,https://www.biorxiv.org/content/biorxiv/early/2026/01/27/2026.01.25.701526.full.pdf,cc-by-nc,acceptedVersion
,https://doi.org/10.1038/s41420-025-02919-6,2026,article,TRUE,Cell Death Discovery,https://openalex.org/S2764515074,2058-7716,https://openalex.org/P4310319965,Springer Nature,https://doi.org/10.1038/s41420-025-02919-6,https://www.nature.com/articles/s41420-025-02919-6.pdf,cc-by,publishedVersion
,https://doi.org/10.5281/zenodo.17862428,2025,article,TRUE,Zenodo (CERN European Organization for Nuclear Research),https://openalex.org/S4306400562,NA,https://openalex.org/I67311998,European Organization for Nuclear Research,https://doi.org/10.5281/zenodo.17862428,NA,cc-by,NA
,https://doi.org/10.1103/wgmf-88lv,2026,article,TRUE,Physical review. D/Physical review. D.,https://openalex.org/S4210238307,2470-0010,https://openalex.org/P4310320261,American Physical Society,https://doi.org/10.1103/wgmf-88lv,NA,cc-by,publishedVersion
,https://doi.org/10.1007/s00009-026-03048-9,2026,article,FALSE,Mediterranean Journal of Mathematics,https://openalex.org/S28615201,1660-5446,https://openalex.org/P4310320186,Springer Nature,https://doi.org/10.1007/s00009-026-03048-9,NA,NA,publishedVersion
,https://doi.org/10.1038/s41598-026-35555-w,2026,article,TRUE,Scientific Reports,https://openalex.org/S196734849,2045-2322,https://openalex.org/P4310319908,Springer Nature,https://doi.org/10.1038/s41598-026-35555-w,NA,cc-by,publishedVersion
,https://doi.org/10.5285/6ecfd160-4740-491e-a8b3-8cbb3a4c8701,2026,dataset,FALSE,Open MIND,https://openalex.org/S4406922384,NA,NA,NA,NA,NA,NA,submittedVersion
,https://doi.org/10.6084/m9.figshare.c.8265447,2026,other,TRUE,Figshare,https://openalex.org/S4377196282,NA,https://openalex.org/I4210132348,Figshare (United Kingdom),https://doi.org/10.6084/m9.figshare.c.8265447,NA,cc-by,NA
,https://doi.org/10.6084/m9.figshare.31166283,2026,other,TRUE,Figshare,https://openalex.org/S4377196282,NA,https://openalex.org/I4210132348,Figshare (United Kingdom),https://doi.org/10.6084/m9.figshare.31166283,NA,cc-by,NA
,https://doi.org/10.6084/m9.figshare.c.8265571.v1,2026,other,TRUE,Figshare,https://openalex.org/S4377196282,NA,https://openalex.org/I4210132348,Figshare (United Kingdom),https://doi.org/10.6084/m9.figshare.c.8265571.v1,NA,cc-by,NA
,https://doi.org/10.6084/m9.figshare.31166289,2026,article,TRUE,Figshare,https://openalex.org/S4377196282,NA,https://openalex.org/I4210132348,Figshare (United Kingdom),https://doi.org/10.6084/m9.figshare.31166289,NA,cc-by,NA
,https://doi.org/10.3389/fnins.2026.1736957,2026,article,TRUE,Frontiers in Neuroscience,https://openalex.org/S115201632,1662-453X,https://openalex.org/P4310320527,Frontiers Media,https://doi.org/10.3389/fnins.2026.1736957,https://public-pages-files-2025.frontiersin.org/journals/neuroscience/articles/10.3389/fnins.2026.1736957/pdf,cc-by,publishedVersion
,https://doi.org/10.6084/m9.figshare.31166286.v1,2026,other,TRUE,Figshare,https://openalex.org/S4377196282,NA,https://openalex.org/I4210132348,Figshare (United Kingdom),https://doi.org/10.6084/m9.figshare.31166286.v1,NA,cc-by,NA
,https://doi.org/10.6084/m9.figshare.31166289.v1,2026,article,TRUE,Figshare,https://openalex.org/S4377196282,NA,https://openalex.org/I4210132348,Figshare (United Kingdom),https://doi.org/10.6084/m9.figshare.31166289.v1,NA,cc-by,NA
,https://doi.org/10.1681/asn.0000001006,2026,article,TRUE,Journal of the American Society of Nephrology,https://openalex.org/S115693375,1046-6673,https://openalex.org/P4310315620,American Society of Nephrology,https://doi.org/10.1681/asn.0000001006,NA,cc-by,publishedVersion
,https://doi.org/10.6084/m9.figshare.c.8265447.v1,2026,other,TRUE,Figshare,https://openalex.org/S4377196282,NA,https://openalex.org/I4210132348,Figshare (United Kingdom),https://doi.org/10.6084/m9.figshare.c.8265447.v1,NA,cc-by,NA
,https://doi.org/10.6084/m9.figshare.31166494,2026,article,TRUE,Open MIND,https://openalex.org/S4406922384,NA,NA,NA,NA,NA,cc-by,submittedVersion
,https://doi.org/10.1007/s00603-025-05239-4,2026,article,FALSE,Rock Mechanics and Rock Engineering,https://openalex.org/S39260535,0723-2632,https://openalex.org/P4310319900,Springer Nature,https://doi.org/10.1007/s00603-025-05239-4,NA,NA,publishedVersion
,https://doi.org/10.2139/ssrn.6143791,2026,preprint,TRUE,SSRN Electronic Journal,https://openalex.org/S4210172589,1556-5068,https://openalex.org/I1318003438,RELX Group (Netherlands),https://doi.org/10.2139/ssrn.6143791,NA,NA,acceptedVersion
,https://doi.org/10.6084/m9.figshare.31166283.v1,2026,other,TRUE,Figshare,https://openalex.org/S4377196282,NA,https://openalex.org/I4210132348,Figshare (United Kingdom),https://doi.org/10.6084/m9.figshare.31166283.v1,NA,cc-by,NA
,https://doi.org/10.6084/m9.figshare.31166494.v1,2026,article,TRUE,Figshare,https://openalex.org/S4377196282,NA,https://openalex.org/I4210132348,Figshare (United Kingdom),https://doi.org/10.6084/m9.figshare.31166494.v1,NA,cc-by,NA
,https://doi.org/10.6084/m9.figshare.31166286,2026,other,TRUE,Figshare,https://openalex.org/S4377196282,NA,https://openalex.org/I4210132348,Figshare (United Kingdom),https://doi.org/10.6084/m9.figshare.31166286,NA,cc-by,NA
,https://doi.org/10.5489/cuaj.9518,2026,article,TRUE,Canadian Urological Association Journal,https://openalex.org/S4210173140,1911-6470,NA,NA,https://doi.org/10.5489/cuaj.9518,https://cuaj.ca/index.php/journal/article/download/9518/6735,NA,publishedVersion
,https://doi.org/10.6084/m9.figshare.c.8265571,2026,other,TRUE,Figshare,https://openalex.org/S4377196282,NA,https://openalex.org/I4210132348,Figshare (United Kingdom),https://doi.org/10.6084/m9.figshare.c.8265571,NA,cc-by,NA
,https://doi.org/10.1002/advs.202417135,2026,article,TRUE,Advanced Science,https://openalex.org/S2737737698,2198-3844,https://openalex.org/P4310320595,Wiley,https://doi.org/10.1002/advs.202417135,https://onlinelibrary.wiley.com/doi/pdfdirect/10.1002/advs.202417135,cc-by,publishedVersion
,https://doi.org/10.1002/ckon.70006,2026,article,TRUE,CHEMKON,https://openalex.org/S98546363,0944-5846,https://openalex.org/P4310320595,Wiley,https://doi.org/10.1002/ckon.70006,https://onlinelibrary.wiley.com/doi/pdfdirect/10.1002/ckon.70006,cc-by,publishedVersion
,https://doi.org/10.5281/zenodo.18370646,2026,dataset,TRUE,Open MIND,https://openalex.org/S4406922384,NA,NA,NA,NA,NA,cc-by,submittedVersion
,https://doi.org/10.5281/zenodo.18371192,2026,dataset,TRUE,Open MIND,https://openalex.org/S4406922384,NA,NA,NA,NA,NA,cc-by,submittedVersion
,https://doi.org/10.5281/zenodo.18418528,2026,article,TRUE,Open MIND,https://openalex.org/S4406922384,NA,NA,NA,NA,NA,cc-by,submittedVersion
,https://doi.org/10.1002/ana.78167,2026,article,TRUE,Annals of Neurology,https://openalex.org/S114530997,0364-5134,https://openalex.org/P4310320595,Wiley,https://doi.org/10.1002/ana.78167,https://onlinelibrary.wiley.com/doi/pdfdirect/10.1002/ana.78167,cc-by,publishedVersion
,https://doi.org/10.6084/m9.figshare.31176444,2026,article,TRUE,Open MIND,https://openalex.org/S4406922384,NA,NA,NA,NA,NA,cc-by,submittedVersion
,https://doi.org/10.5281/zenodo.18338291,2026,dataset,TRUE,Open MIND,https://openalex.org/S4406922384,NA,NA,NA,NA,NA,cc-by,submittedVersion
,https://doi.org/10.5281/zenodo.18338290,2026,dataset,TRUE,Zenodo (CERN European Organization for Nuclear Research),https://openalex.org/S4306400562,NA,https://openalex.org/I67311998,European Organization for Nuclear Research,https://doi.org/10.5281/zenodo.18338290,NA,cc-by,NA
,https://doi.org/10.5281/zenodo.17867873,2025,article,TRUE,Open MIND,https://openalex.org/S4406922384,NA,NA,NA,NA,NA,cc-by,submittedVersion
,https://doi.org/10.6084/m9.figshare.c.8267838,2026,other,TRUE,Figshare,https://openalex.org/S4377196282,NA,https://openalex.org/I4210132348,Figshare (United Kingdom),https://doi.org/10.6084/m9.figshare.c.8267838,NA,cc-by,NA
,https://doi.org/10.5281/zenodo.18370645,2026,dataset,TRUE,Zenodo (CERN European Organization for Nuclear Research),https://openalex.org/S4306400562,NA,https://openalex.org/I67311998,European Organization for Nuclear Research,https://doi.org/10.5281/zenodo.18370645,NA,cc-by,NA
,https://doi.org/10.1109/access.2026.3659192,2026,article,TRUE,IEEE Access,https://openalex.org/S2485537415,2169-3536,https://openalex.org/P4310319808,Institute of Electrical and Electronics Engineers,https://doi.org/10.1109/access.2026.3659192,NA,cc-by,publishedVersion
,https://doi.org/10.1002/hrdq.70011,2026,article,TRUE,Human Resource Development Quarterly,https://openalex.org/S191693275,1044-8004,https://openalex.org/P4310320595,Wiley,https://doi.org/10.1002/hrdq.70011,NA,cc-by,publishedVersion
,https://doi.org/10.6084/m9.figshare.31176444.v1,2026,article,TRUE,Figshare,https://openalex.org/S4377196282,NA,https://openalex.org/I4210132348,Figshare (United Kingdom),https://doi.org/10.6084/m9.figshare.31176444.v1,NA,cc-by,NA
,https://doi.org/10.5281/zenodo.18371193,2026,dataset,TRUE,Zenodo (CERN European Organization for Nuclear Research),https://openalex.org/S4306400562,NA,https://openalex.org/I67311998,European Organization for Nuclear Research,https://doi.org/10.5281/zenodo.18371193,NA,cc-by,NA
,https://doi.org/10.5281/zenodo.17867874,2025,article,TRUE,Zenodo (CERN European Organization for Nuclear Research),https://openalex.org/S4306400562,NA,https://openalex.org/I67311998,European Organization for Nuclear Research,https://doi.org/10.5281/zenodo.17867874,NA,cc-by,NA
,https://doi.org/10.5281/zenodo.18418529,2026,article,TRUE,Zenodo (CERN European Organization for Nuclear Research),https://openalex.org/S4306400562,NA,https://openalex.org/I67311998,European Organization for Nuclear Research,https://doi.org/10.5281/zenodo.18418529,NA,cc-by,NA
,https://doi.org/10.6084/m9.figshare.c.8267838.v1,2026,other,TRUE,Figshare,https://openalex.org/S4377196282,NA,https://openalex.org/I4210132348,Figshare (United Kingdom),https://doi.org/10.6084/m9.figshare.c.8267838.v1,NA,cc-by,NA
,https://doi.org/10.6084/m9.figshare.31199303,2026,article,TRUE,Figshare,https://openalex.org/S4377196282,NA,https://openalex.org/I4210132348,Figshare (United Kingdom),https://doi.org/10.6084/m9.figshare.31199303,NA,cc-by,NA
,https://doi.org/10.6084/m9.figshare.31216749,2026,article,TRUE,Figshare,https://openalex.org/S4377196282,NA,https://openalex.org/I4210132348,Figshare (United Kingdom),https://doi.org/10.6084/m9.figshare.31216749,NA,cc-by,NA
,https://doi.org/10.6084/m9.figshare.c.8281439,2026,other,TRUE,Figshare,https://openalex.org/S4377196282,NA,https://openalex.org/I4210132348,Figshare (United Kingdom),https://doi.org/10.6084/m9.figshare.c.8281439,NA,cc-by,NA
,https://doi.org/10.1002/ana.78090,2026,article,TRUE,Annals of Neurology,https://openalex.org/S114530997,0364-5134,https://openalex.org/P4310320595,Wiley,https://doi.org/10.1002/ana.78090,https://onlinelibrary.wiley.com/doi/pdfdirect/10.1002/ana.78090,cc-by-nc-nd,publishedVersion
,https://doi.org/10.6084/m9.figshare.31199315.v1,2026,article,TRUE,Figshare,https://openalex.org/S4377196282,NA,https://openalex.org/I4210132348,Figshare (United Kingdom),https://doi.org/10.6084/m9.figshare.31199315.v1,NA,cc-by,NA
,https://doi.org/10.21203/rs.3.rs-8503671/v1,2026,preprint,TRUE,Research Square,https://openalex.org/S4306525896,NA,NA,NA,https://doi.org/10.21203/rs.3.rs-8503671/v1,https://www.researchsquare.com/article/rs-8503671/latest.pdf,cc-by,acceptedVersion
,https://doi.org/10.64898/2026.01.28.26344700,2026,article,TRUE,medRxiv,https://openalex.org/S3005729997,NA,NA,NA,https://doi.org/10.64898/2026.01.28.26344700,https://www.medrxiv.org/content/medrxiv/early/2026/01/30/2026.01.28.26344700.full.pdf,cc-by,acceptedVersion
,https://doi.org/10.6084/m9.figshare.31216749.v1,2026,article,TRUE,Figshare,https://openalex.org/S4377196282,NA,https://openalex.org/I4210132348,Figshare (United Kingdom),https://doi.org/10.6084/m9.figshare.31216749.v1,NA,cc-by,NA
,https://doi.org/10.6084/m9.figshare.31216743,2026,article,TRUE,Figshare,https://openalex.org/S4377196282,NA,https://openalex.org/I4210132348,Figshare (United Kingdom),https://doi.org/10.6084/m9.figshare.31216743,NA,cc-by,NA
,https://doi.org/10.6084/m9.figshare.31199315,2026,article,TRUE,Figshare,https://openalex.org/S4377196282,NA,https://openalex.org/I4210132348,Figshare (United Kingdom),https://doi.org/10.6084/m9.figshare.31199315,NA,cc-by,NA
,https://doi.org/10.6084/m9.figshare.31199297.v1,2026,article,TRUE,Figshare,https://openalex.org/S4377196282,NA,https://openalex.org/I4210132348,Figshare (United Kingdom),https://doi.org/10.6084/m9.figshare.31199297.v1,NA,cc-by,NA
,https://doi.org/10.6084/m9.figshare.31199303.v1,2026,article,TRUE,Figshare,https://openalex.org/S4377196282,NA,https://openalex.org/I4210132348,Figshare (United Kingdom),https://doi.org/10.6084/m9.figshare.31199303.v1,NA,cc-by,NA
,https://doi.org/10.6084/m9.figshare.31199321,2026,article,TRUE,Figshare,https://openalex.org/S4377196282,NA,https://openalex.org/I4210132348,Figshare (United Kingdom),https://doi.org/10.6084/m9.figshare.31199321,NA,cc-by,NA
,https://doi.org/10.6084/m9.figshare.c.8281439.v1,2026,other,TRUE,Figshare,https://openalex.org/S4377196282,NA,https://openalex.org/I4210132348,Figshare (United Kingdom),https://doi.org/10.6084/m9.figshare.c.8281439.v1,NA,cc-by,NA
,https://doi.org/10.6084/m9.figshare.31216838,2026,article,TRUE,Open MIND,https://openalex.org/S4406922384,NA,NA,NA,NA,NA,cc-by,submittedVersion
,https://doi.org/10.6084/m9.figshare.c.8275217.v1,2026,other,TRUE,Figshare,https://openalex.org/S4377196282,NA,https://openalex.org/I4210132348,Figshare (United Kingdom),https://doi.org/10.6084/m9.figshare.c.8275217.v1,NA,cc-by,NA
,https://doi.org/10.6084/m9.figshare.c.8281404,2026,other,TRUE,Figshare,https://openalex.org/S4377196282,NA,https://openalex.org/I4210132348,Figshare (United Kingdom),https://doi.org/10.6084/m9.figshare.c.8281404,NA,cc-by,NA
,https://doi.org/10.6084/m9.figshare.c.8281404.v1,2026,other,TRUE,Figshare,https://openalex.org/S4377196282,NA,https://openalex.org/I4210132348,Figshare (United Kingdom),https://doi.org/10.6084/m9.figshare.c.8281404.v1,NA,cc-by,NA
,https://doi.org/10.1161/jaha.125.045652,2026,article,TRUE,Journal of the American Heart Association,https://openalex.org/S2489920150,2047-9980,https://openalex.org/P4310320595,Wiley,https://doi.org/10.1161/jaha.125.045652,NA,cc-by-nc,publishedVersion
,https://doi.org/10.6084/m9.figshare.31199312.v1,2026,article,TRUE,Figshare,https://openalex.org/S4377196282,NA,https://openalex.org/I4210132348,Figshare (United Kingdom),https://doi.org/10.6084/m9.figshare.31199312.v1,NA,cc-by,NA
,https://doi.org/10.6084/m9.figshare.31199318.v1,2026,article,TRUE,Figshare,https://openalex.org/S4377196282,NA,https://openalex.org/I4210132348,Figshare (United Kingdom),https://doi.org/10.6084/m9.figshare.31199318.v1,NA,cc-by,NA
,https://doi.org/10.1097/shk.0000000000002682,2025,article,FALSE,Shock,https://openalex.org/S174819509,1073-2322,https://openalex.org/P4310315671,Wolters Kluwer,https://doi.org/10.1097/shk.0000000000002682,NA,NA,publishedVersion
,https://doi.org/10.6084/m9.figshare.31216746,2026,article,TRUE,Figshare,https://openalex.org/S4377196282,NA,https://openalex.org/I4210132348,Figshare (United Kingdom),https://doi.org/10.6084/m9.figshare.31216746,NA,cc-by,NA
,https://doi.org/10.6084/m9.figshare.31199309.v1,2026,article,TRUE,Figshare,https://openalex.org/S4377196282,NA,https://openalex.org/I4210132348,Figshare (United Kingdom),https://doi.org/10.6084/m9.figshare.31199309.v1,NA,cc-by,NA
,https://doi.org/10.6084/m9.figshare.31199306,2026,article,TRUE,Figshare,https://openalex.org/S4377196282,NA,https://openalex.org/I4210132348,Figshare (United Kingdom),https://doi.org/10.6084/m9.figshare.31199306,NA,cc-by,NA
,https://doi.org/10.6084/m9.figshare.31199300.v1,2026,article,TRUE,Figshare,https://openalex.org/S4377196282,NA,https://openalex.org/I4210132348,Figshare (United Kingdom),https://doi.org/10.6084/m9.figshare.31199300.v1,NA,cc-by,NA
,https://doi.org/10.6084/m9.figshare.31199300,2026,article,TRUE,Figshare,https://openalex.org/S4377196282,NA,https://openalex.org/I4210132348,Figshare (United Kingdom),https://doi.org/10.6084/m9.figshare.31199300,NA,cc-by,NA
,https://doi.org/10.6084/m9.figshare.31199297,2026,article,TRUE,Figshare,https://openalex.org/S4377196282,NA,https://openalex.org/I4210132348,Figshare (United Kingdom),https://doi.org/10.6084/m9.figshare.31199297,NA,cc-by,NA
,https://doi.org/10.6084/m9.figshare.31199294,2026,article,TRUE,Figshare,https://openalex.org/S4377196282,NA,https://openalex.org/I4210132348,Figshare (United Kingdom),https://doi.org/10.6084/m9.figshare.31199294,NA,cc-by,NA
,https://doi.org/10.3389/fbioe.2026.1750646,2026,article,TRUE,Frontiers in Bioengineering and Biotechnology,https://openalex.org/S2595131146,2296-4185,https://openalex.org/P4310320527,Frontiers Media,https://doi.org/10.3389/fbioe.2026.1750646,https://public-pages-files-2025.frontiersin.org/journals/bioengineering-and-biotechnology/articles/10.3389/fbioe.2026.1750646/pdf,cc-by,publishedVersion
,https://doi.org/10.1016/j.sleep.2026.108814,2026,article,TRUE,Sleep Medicine,https://openalex.org/S183718435,1389-9457,https://openalex.org/P4310320990,Elsevier BV,https://doi.org/10.1016/j.sleep.2026.108814,NA,cc-by,publishedVersion
,https://doi.org/10.6084/m9.figshare.31199318,2026,article,TRUE,Figshare,https://openalex.org/S4377196282,NA,https://openalex.org/I4210132348,Figshare (United Kingdom),https://doi.org/10.6084/m9.figshare.31199318,NA,cc-by,NA
,https://doi.org/10.6084/m9.figshare.31199321.v1,2026,article,TRUE,Figshare,https://openalex.org/S4377196282,NA,https://openalex.org/I4210132348,Figshare (United Kingdom),https://doi.org/10.6084/m9.figshare.31199321.v1,NA,cc-by,NA
,https://doi.org/10.6084/m9.figshare.c.8275217,2026,other,TRUE,Figshare,https://openalex.org/S4377196282,NA,https://openalex.org/I4210132348,Figshare (United Kingdom),https://doi.org/10.6084/m9.figshare.c.8275217,NA,cc-by,NA
,https://doi.org/10.6084/m9.figshare.31199306.v1,2026,article,TRUE,Figshare,https://openalex.org/S4377196282,NA,https://openalex.org/I4210132348,Figshare (United Kingdom),https://doi.org/10.6084/m9.figshare.31199306.v1,NA,cc-by,NA
,https://doi.org/10.6084/m9.figshare.31199312,2026,article,TRUE,Figshare,https://openalex.org/S4377196282,NA,https://openalex.org/I4210132348,Figshare (United Kingdom),https://doi.org/10.6084/m9.figshare.31199312,NA,cc-by,NA
,https://doi.org/10.6084/m9.figshare.31216743.v1,2026,article,TRUE,Figshare,https://openalex.org/S4377196282,NA,https://openalex.org/I4210132348,Figshare (United Kingdom),https://doi.org/10.6084/m9.figshare.31216743.v1,NA,cc-by,NA
,https://doi.org/10.6084/m9.figshare.31216838.v1,2026,article,TRUE,Figshare,https://openalex.org/S4377196282,NA,https://openalex.org/I4210132348,Figshare (United Kingdom),https://doi.org/10.6084/m9.figshare.31216838.v1,NA,cc-by,NA
,https://doi.org/10.6084/m9.figshare.31199309,2026,article,TRUE,Figshare,https://openalex.org/S4377196282,NA,https://openalex.org/I4210132348,Figshare (United Kingdom),https://doi.org/10.6084/m9.figshare.31199309,NA,cc-by,NA
,https://doi.org/10.6084/m9.figshare.31216746.v1,2026,article,TRUE,Figshare,https://openalex.org/S4377196282,NA,https://openalex.org/I4210132348,Figshare (United Kingdom),https://doi.org/10.6084/m9.figshare.31216746.v1,NA,cc-by,NA
,https://doi.org/10.64898/2026.01.30.26345123,2026,article,TRUE,medRxiv,https://openalex.org/S3005729997,NA,NA,NA,https://doi.org/10.64898/2026.01.30.26345123,https://www.medrxiv.org/content/medrxiv/early/2026/01/30/2026.01.30.26345123.full.pdf,NA,acceptedVersion
,https://doi.org/10.6084/m9.figshare.31199294.v1,2026,article,TRUE,Figshare,https://openalex.org/S4377196282,NA,https://openalex.org/I4210132348,Figshare (United Kingdom),https://doi.org/10.6084/m9.figshare.31199294.v1,NA,cc-by,NA
,https://doi.org/10.6084/m9.figshare.c.8283561,2026,other,TRUE,Figshare,https://openalex.org/S4377196282,NA,https://openalex.org/I4210132348,Figshare (United Kingdom),https://doi.org/10.6084/m9.figshare.c.8283561,NA,cc-by,NA
,https://doi.org/10.6084/m9.figshare.c.8283560.v1,2026,other,TRUE,Figshare,https://openalex.org/S4377196282,NA,https://openalex.org/I4210132348,Figshare (United Kingdom),https://doi.org/10.6084/m9.figshare.c.8283560.v1,NA,cc-by,NA
,https://doi.org/10.1016/j.chroma.2026.466761,2026,article,FALSE,Journal of Chromatography A,https://openalex.org/S176136234,0021-9673,https://openalex.org/P4310320990,Elsevier BV,https://doi.org/10.1016/j.chroma.2026.466761,NA,NA,publishedVersion
,https://doi.org/10.6084/m9.figshare.31223394.v1,2026,article,TRUE,Open MIND,https://openalex.org/S4406922384,NA,NA,NA,NA,NA,cc-by,submittedVersion
,https://doi.org/10.6084/m9.figshare.31223390,2026,article,TRUE,Figshare,https://openalex.org/S4377196282,NA,https://openalex.org/I4210132348,Figshare (United Kingdom),https://doi.org/10.6084/m9.figshare.31223390,NA,cc-by,NA
,https://doi.org/10.6084/m9.figshare.31223393,2026,article,TRUE,Figshare,https://openalex.org/S4377196282,NA,https://openalex.org/I4210132348,Figshare (United Kingdom),https://doi.org/10.6084/m9.figshare.31223393,NA,cc-by,NA
,https://doi.org/10.6084/m9.figshare.31223390.v1,2026,article,TRUE,Figshare,https://openalex.org/S4377196282,NA,https://openalex.org/I4210132348,Figshare (United Kingdom),https://doi.org/10.6084/m9.figshare.31223390.v1,NA,cc-by,NA
,https://doi.org/10.6084/m9.figshare.c.8283560,2026,other,TRUE,Figshare,https://openalex.org/S4377196282,NA,https://openalex.org/I4210132348,Figshare (United Kingdom),https://doi.org/10.6084/m9.figshare.c.8283560,NA,cc-by,NA
,https://doi.org/10.6084/m9.figshare.c.8283561.v1,2026,other,TRUE,Figshare,https://openalex.org/S4377196282,NA,https://openalex.org/I4210132348,Figshare (United Kingdom),https://doi.org/10.6084/m9.figshare.c.8283561.v1,NA,cc-by,NA
,https://doi.org/10.6084/m9.figshare.31223393.v1,2026,article,TRUE,Figshare,https://openalex.org/S4377196282,NA,https://openalex.org/I4210132348,Figshare (United Kingdom),https://doi.org/10.6084/m9.figshare.31223393.v1,NA,cc-by,NA
,https://doi.org/10.6084/m9.figshare.31223394,2026,article,TRUE,Figshare,https://openalex.org/S4377196282,NA,https://openalex.org/I4210132348,Figshare (United Kingdom),https://doi.org/10.6084/m9.figshare.31223394,NA,cc-by,NA
,https://doi.org/10.1007/s00392-025-02832-z,2026,article,TRUE,Clinical Research in Cardiology,https://openalex.org/S81098524,1861-0684,https://openalex.org/P4310319900,Springer Nature,https://doi.org/10.1007/s00392-025-02832-z,https://link.springer.com/content/pdf/10.1007/s00392-025-02832-z.pdf,cc-by,publishedVersion
,https://doi.org/10.1016/j.jmva.2026.105617,2026,article,TRUE,Journal of Multivariate Analysis,https://openalex.org/S133905466,0047-259X,https://openalex.org/P4310320990,Elsevier BV,https://doi.org/10.1016/j.jmva.2026.105617,NA,cc-by,publishedVersion
,https://doi.org/10.1186/s12910-026-01393-8,2026,article,TRUE,BMC Medical Ethics,https://openalex.org/S17537316,1472-6939,https://openalex.org/P4310320256,Springer Nature,https://doi.org/10.1186/s12910-026-01393-8,NA,cc-by,publishedVersion
,https://doi.org/10.1016/j.cnsns.2026.109809,2026,article,TRUE,Communications in Nonlinear Science and Numerical Simulation,https://openalex.org/S39612629,1007-5704,https://openalex.org/P4310320990,Elsevier BV,https://doi.org/10.1016/j.cnsns.2026.109809,NA,cc-by,publishedVersion
,https://doi.org/10.1109/jcdl67857.2025.00064,2025,article,FALSE,NA,NA,NA,NA,NA,https://doi.org/10.1109/jcdl67857.2025.00064,NA,NA,publishedVersion
,https://doi.org/10.1103/55bj-gmdv,2026,article,TRUE,Physical Review Research,https://openalex.org/S4210240247,2643-1564,https://openalex.org/P4310320261,American Physical Society,https://doi.org/10.1103/55bj-gmdv,NA,cc-by,publishedVersion
,https://doi.org/10.1021/acs.jpclett.5c03949,2026,article,TRUE,The Journal of Physical Chemistry Letters,https://openalex.org/S123480357,1948-7185,https://openalex.org/P4310320006,American Chemical Society,https://doi.org/10.1021/acs.jpclett.5c03949,NA,cc-by,publishedVersion
,https://doi.org/10.1038/s43246-026-01086-0,2026,article,TRUE,Communications Materials,https://openalex.org/S4210233566,2662-4443,https://openalex.org/P4310319908,Springer Nature,https://doi.org/10.1038/s43246-026-01086-0,https://www.nature.com/articles/s43246-026-01086-0_reference.pdf,cc-by,publishedVersion
,https://doi.org/10.64898/2026.01.31.702754,2026,article,TRUE,bioRxiv (Cold Spring Harbor Laboratory),https://openalex.org/S4306402567,NA,https://openalex.org/I2750212522,Cold Spring Harbor Laboratory,https://doi.org/10.64898/2026.01.31.702754,https://www.biorxiv.org/content/biorxiv/early/2026/02/02/2026.01.31.702754.full.pdf,cc-by-nc-nd,acceptedVersion
,https://doi.org/10.5281/zenodo.18399627,2026,article,TRUE,Zenodo (CERN European Organization for Nuclear Research),https://openalex.org/S4306400562,NA,https://openalex.org/I67311998,European Organization for Nuclear Research,https://doi.org/10.5281/zenodo.18399627,NA,cc-by,NA
,https://doi.org/10.1007/s00432-025-06399-0,2026,article,TRUE,Journal of Cancer Research and Clinical Oncology,https://openalex.org/S10075937,0171-5216,https://openalex.org/P4310319900,Springer Nature,https://doi.org/10.1007/s00432-025-06399-0,https://link.springer.com/content/pdf/10.1007/s00432-025-06399-0.pdf,cc-by,publishedVersion
,https://doi.org/10.5281/zenodo.18399626,2026,article,TRUE,Zenodo (CERN European Organization for Nuclear Research),https://openalex.org/S4306400562,NA,https://openalex.org/I67311998,European Organization for Nuclear Research,https://doi.org/10.5281/zenodo.18399626,NA,cc-by,NA
,https://doi.org/10.1109/sem.2025.3646985,2026,article,FALSE,IEEE Sensors Magazine,https://openalex.org/S5407056469,3068-8604,NA,NA,https://doi.org/10.1109/sem.2025.3646985,NA,NA,publishedVersion
,https://doi.org/10.64898/2026.02.03.703544,2026,article,TRUE,bioRxiv (Cold Spring Harbor Laboratory),https://openalex.org/S4306402567,NA,https://openalex.org/I2750212522,Cold Spring Harbor Laboratory,https://doi.org/10.64898/2026.02.03.703544,https://www.biorxiv.org/content/biorxiv/early/2026/02/03/2026.02.03.703544.full.pdf,cc-by-nc-nd,acceptedVersion
,https://doi.org/10.1016/j.jpsychores.2026.112577,2026,article,TRUE,Journal of Psychosomatic Research,https://openalex.org/S151416048,0022-3999,https://openalex.org/P4310320990,Elsevier BV,https://doi.org/10.1016/j.jpsychores.2026.112577,NA,cc-by,publishedVersion
,https://doi.org/10.1111/ene.70520,2026,article,TRUE,European Journal of Neurology,https://openalex.org/S162635963,1351-5101,https://openalex.org/P4310320595,Wiley,https://doi.org/10.1111/ene.70520,https://onlinelibrary.wiley.com/doi/pdfdirect/10.1111/ene.70520,cc-by-nc,publishedVersion
,https://doi.org/10.1016/j.insmatheco.2026.103230,2026,article,FALSE,Insurance Mathematics and Economics,https://openalex.org/S198325475,0167-6687,https://openalex.org/P4310320990,Elsevier BV,https://doi.org/10.1016/j.insmatheco.2026.103230,NA,NA,publishedVersion
,https://doi.org/10.1007/s00142-026-00825-2,2026,article,FALSE,Arthroskopie,https://openalex.org/S48164011,0933-7946,https://openalex.org/P4310319900,Springer Nature,https://doi.org/10.1007/s00142-026-00825-2,NA,NA,publishedVersion
,https://doi.org/10.59814/resofro.2026.6(1)1033,2026,article,TRUE,Revista Social Fronteriza,https://openalex.org/S4387290841,2806-5913,NA,NA,https://doi.org/10.59814/resofro.2026.6(1)1033,NA,cc-by-nc-nd,publishedVersion
,https://doi.org/10.24433/co.1040081.v1,2026,other,TRUE,Code Ocean,https://openalex.org/S7407052302,NA,NA,NA,https://doi.org/10.24433/co.1040081.v1,NA,public-domain,NA
,https://doi.org/10.1038/s44358-026-00132-6,2026,article,FALSE,Nature Reviews Biodiversity,https://openalex.org/S5407042881,3005-0677,NA,NA,https://doi.org/10.1038/s44358-026-00132-6,NA,NA,publishedVersion
,https://doi.org/10.24433/co.1040081.v2,2026,other,TRUE,Code Ocean,https://openalex.org/S7407052302,NA,NA,NA,https://doi.org/10.24433/co.1040081.v2,NA,public-domain,NA
,https://doi.org/10.2196/74418,2026,article,TRUE,JMIR Formative Research,https://openalex.org/S4210234749,2561-326X,NA,NA,https://doi.org/10.2196/74418,NA,cc-by,publishedVersion
,https://doi.org/10.1103/1fh4-l1g8,2026,article,TRUE,Physical review. B./Physical review. B,https://openalex.org/S4210237713,2469-9950,https://openalex.org/P4310320261,American Physical Society,https://doi.org/10.1103/1fh4-l1g8,NA,cc-by,publishedVersion
,https://doi.org/10.5281/zenodo.18494950,2026,dataset,TRUE,Open MIND,https://openalex.org/S4406922384,NA,NA,NA,NA,NA,NA,submittedVersion
,https://doi.org/10.24433/co.1040081.v3,2026,other,TRUE,Code Ocean,https://openalex.org/S7407052302,NA,NA,NA,https://doi.org/10.24433/co.1040081.v3,NA,public-domain,NA
,https://doi.org/10.5281/zenodo.18494951,2026,dataset,TRUE,Zenodo (CERN European Organization for Nuclear Research),https://openalex.org/S4306400562,NA,https://openalex.org/I67311998,European Organization for Nuclear Research,https://doi.org/10.5281/zenodo.18494951,NA,NA,NA
,https://doi.org/10.1093/eurheartj/ehaf784.2415,2025,article,FALSE,European Heart Journal,https://openalex.org/S181568219,0195-668X,https://openalex.org/P4310311648,Oxford University Press,https://doi.org/10.1093/eurheartj/ehaf784.2415,NA,NA,publishedVersion
,https://doi.org/10.3324/haematol.2025.288847,2026,article,TRUE,Haematologica,https://openalex.org/S2752781272,0390-6078,https://openalex.org/P4310317774,Ferrata Storti Foundation,https://doi.org/10.3324/haematol.2025.288847,NA,cc-by-nc,publishedVersion
,https://doi.org/10.1123/ijspp.2025-0341,2026,article,FALSE,International Journal of Sports Physiology and Performance,https://openalex.org/S2502187214,1555-0265,https://openalex.org/P4310322142,Human Kinetics,https://doi.org/10.1123/ijspp.2025-0341,NA,NA,publishedVersion
,https://doi.org/10.1186/s40478-026-02231-z,2026,article,TRUE,Acta Neuropathologica Communications,https://openalex.org/S2764650462,2051-5960,https://openalex.org/P4310319900,Springer Nature,https://doi.org/10.1186/s40478-026-02231-z,NA,cc-by,publishedVersion
,https://doi.org/10.1007/s00464-026-12585-z,2026,article,TRUE,Surgical Endoscopy,https://openalex.org/S47192491,0930-2794,https://openalex.org/P4310319900,Springer Nature,https://doi.org/10.1007/s00464-026-12585-z,https://link.springer.com/content/pdf/10.1007/s00464-026-12585-z.pdf,cc-by,publishedVersion
,https://doi.org/10.1007/s10339-026-01331-x,2026,article,TRUE,Cognitive Processing,https://openalex.org/S99753134,1612-4782,https://openalex.org/P4310319900,Springer Nature,https://doi.org/10.1007/s10339-026-01331-x,https://link.springer.com/content/pdf/10.1007/s10339-026-01331-x.pdf,cc-by,publishedVersion
,https://doi.org/10.1186/s12889-026-26398-1,2026,article,TRUE,BMC Public Health,https://openalex.org/S200437886,1471-2458,https://openalex.org/P4310320256,Springer Nature,https://doi.org/10.1186/s12889-026-26398-1,NA,cc-by,publishedVersion
,https://doi.org/10.1007/s00120-026-02774-y,2026,article,FALSE,Die Urologie,https://openalex.org/S4387280488,2731-7064,https://openalex.org/P4310319900,Springer Nature,https://doi.org/10.1007/s00120-026-02774-y,NA,NA,publishedVersion
,https://doi.org/10.1007/s00426-025-02234-w,2026,article,TRUE,Psychological Research,https://openalex.org/S35819839,0340-0727,https://openalex.org/P4310319900,Springer Nature,https://doi.org/10.1007/s00426-025-02234-w,https://link.springer.com/content/pdf/10.1007/s00426-025-02234-w.pdf,cc-by,publishedVersion
,https://doi.org/10.1007/978-3-032-15538-2_20,2026,book-chapter,FALSE,Lecture notes in computer science,https://openalex.org/S106296714,0302-9743,https://openalex.org/P4310319900,Springer Nature,https://doi.org/10.1007/978-3-032-15538-2_20,NA,NA,publishedVersion
,https://doi.org/10.3390/ph19020286,2026,article,TRUE,Pharmaceuticals,https://openalex.org/S16322639,1424-8247,https://openalex.org/P4310310987,Multidisciplinary Digital Publishing Institute,https://doi.org/10.3390/ph19020286,https://www.mdpi.com/1424-8247/19/2/286/pdf,cc-by,publishedVersion
,https://doi.org/10.5281/zenodo.17867914,2025,article,TRUE,Open MIND,https://openalex.org/S4406922384,NA,NA,NA,NA,NA,cc-by,submittedVersion
,https://doi.org/10.5281/zenodo.17867915,2025,article,TRUE,Zenodo (CERN European Organization for Nuclear Research),https://openalex.org/S4306400562,NA,https://openalex.org/I67311998,European Organization for Nuclear Research,https://doi.org/10.5281/zenodo.17867915,NA,cc-by,NA
,https://doi.org/10.1111/acel.70398,2026,article,TRUE,Aging Cell,https://openalex.org/S174672550,1474-9718,https://openalex.org/P4310320595,Wiley,https://doi.org/10.1111/acel.70398,https://onlinelibrary.wiley.com/doi/pdfdirect/10.1111/acel.70398,cc-by,publishedVersion
,https://doi.org/10.1097/brs.0000000000005659,2026,article,FALSE,Spine,https://openalex.org/S4026894,0362-2436,https://openalex.org/P4310315671,Wolters Kluwer,https://doi.org/10.1097/brs.0000000000005659,NA,NA,publishedVersion
,https://doi.org/10.64898/2026.02.04.703023,2026,article,TRUE,bioRxiv (Cold Spring Harbor Laboratory),https://openalex.org/S4306402567,NA,https://openalex.org/I2750212522,Cold Spring Harbor Laboratory,https://doi.org/10.64898/2026.02.04.703023,https://www.biorxiv.org/content/biorxiv/early/2026/02/09/2026.02.04.703023.full.pdf,NA,acceptedVersion
,https://doi.org/10.1155/pedi/6905472,2026,article,TRUE,Pediatric Diabetes,https://openalex.org/S118758356,1399-543X,https://openalex.org/P4310320595,Wiley,https://doi.org/10.1155/pedi/6905472,https://onlinelibrary.wiley.com/doi/pdfdirect/10.1155/pedi/6905472,cc-by,publishedVersion
,https://doi.org/10.1016/j.biopsycho.2026.109214,2026,article,TRUE,Biological Psychology,https://openalex.org/S3694117,0301-0511,https://openalex.org/P4310320990,Elsevier BV,https://doi.org/10.1016/j.biopsycho.2026.109214,NA,cc-by,publishedVersion
,https://doi.org/10.1038/s41598-026-37370-9,2026,article,TRUE,Scientific Reports,https://openalex.org/S196734849,2045-2322,https://openalex.org/P4310319908,Springer Nature,https://doi.org/10.1038/s41598-026-37370-9,https://www.nature.com/articles/s41598-026-37370-9.pdf,cc-by,publishedVersion
,https://doi.org/10.4244/eij-d-25-00598,2026,article,FALSE,EuroIntervention,https://openalex.org/S104576203,1774-024X,https://openalex.org/P4323238086,European Association of Percutaneous Cardiovascular Interventions,https://doi.org/10.4244/eij-d-25-00598,NA,NA,publishedVersion
,https://doi.org/10.5281/zenodo.18595771,2026,other,TRUE,Zenodo (CERN European Organization for Nuclear Research),https://openalex.org/S4306400562,NA,https://openalex.org/I67311998,European Organization for Nuclear Research,https://doi.org/10.5281/zenodo.18595771,NA,cc-by,NA
,https://doi.org/10.5281/zenodo.18552817,2026,dataset,TRUE,Open MIND,https://openalex.org/S4406922384,NA,NA,NA,NA,NA,cc-by,submittedVersion
,https://doi.org/10.1002/batt.70242,2026,article,FALSE,Batteries & Supercaps,https://openalex.org/S4210241147,2566-6223,https://openalex.org/P4310320595,Wiley,https://doi.org/10.1002/batt.70242,NA,NA,publishedVersion
,https://doi.org/10.1007/s00787-026-02974-z,2026,article,TRUE,European Child & Adolescent Psychiatry,https://openalex.org/S159275680,1018-8827,https://openalex.org/P4310319900,Springer Nature,https://doi.org/10.1007/s00787-026-02974-z,https://link.springer.com/content/pdf/10.1007/s00787-026-02974-z.pdf,cc-by,publishedVersion
,https://doi.org/10.1001/jamanetworkopen.2025.58573,2026,article,TRUE,JAMA Network Open,https://openalex.org/S4210217848,2574-3805,https://openalex.org/P4310320259,American Medical Association,https://doi.org/10.1001/jamanetworkopen.2025.58573,https://jamanetwork.com/journals/jamanetworkopen/articlepdf/2844876/halbgebauer_2026_oi_251559_1770144436.03013.pdf,cc-by,publishedVersion
,https://doi.org/10.1038/s41574-026-01234-z,2026,article,FALSE,Nature Reviews Endocrinology,https://openalex.org/S116269268,1759-5029,https://openalex.org/P4310319908,Springer Nature,https://doi.org/10.1038/s41574-026-01234-z,NA,NA,publishedVersion
,https://doi.org/10.5281/zenodo.18552816,2026,dataset,TRUE,Zenodo (CERN European Organization for Nuclear Research),https://openalex.org/S4306400562,NA,https://openalex.org/I67311998,European Organization for Nuclear Research,https://doi.org/10.5281/zenodo.18552816,NA,cc-by,NA
,https://doi.org/10.5281/zenodo.18595770,2026,other,TRUE,Zenodo (CERN European Organization for Nuclear Research),https://openalex.org/S4306400562,NA,https://openalex.org/I67311998,European Organization for Nuclear Research,https://doi.org/10.5281/zenodo.18595770,NA,cc-by,NA
,https://doi.org/10.1007/s00053-026-00945-1,2026,article,FALSE,coloproctology,https://openalex.org/S77791401,0174-2442,https://openalex.org/P4310319900,Springer Nature,https://doi.org/10.1007/s00053-026-00945-1,NA,NA,publishedVersion
,https://doi.org/10.1016/j.nicl.2026.103964,2026,article,TRUE,NeuroImage Clinical,https://openalex.org/S2898194095,2213-1582,https://openalex.org/P4310320990,Elsevier BV,https://doi.org/10.1016/j.nicl.2026.103964,NA,cc-by,publishedVersion
,https://doi.org/10.3928/1081597x-20251217-02,2026,article,TRUE,Journal of Refractive Surgery,https://openalex.org/S69264623,1081-597X,https://openalex.org/P4320800624,Slack Incorporated (United States),https://doi.org/10.3928/1081597x-20251217-02,NA,cc-by,publishedVersion
,https://doi.org/10.3390/jemr19010021,2026,article,TRUE,Journal of Eye Movement Research,https://openalex.org/S2502673154,1995-8692,https://openalex.org/P4310317811,Bern Open Publishing,https://doi.org/10.3390/jemr19010021,NA,cc-by,publishedVersion
,https://doi.org/10.1002/advs.202510258,2026,article,TRUE,Advanced Science,https://openalex.org/S2737737698,2198-3844,https://openalex.org/P4310320595,Wiley,https://doi.org/10.1002/advs.202510258,https://onlinelibrary.wiley.com/doi/pdfdirect/10.1002/advs.202510258,cc-by,publishedVersion
,https://doi.org/10.48580/d5sx,2026,dataset,TRUE,The Catalogue of Life,https://openalex.org/S7407051464,NA,NA,NA,https://doi.org/10.48580/d5sx,NA,NA,NA
,https://doi.org/10.1016/j.ctro.2026.101121,2026,article,TRUE,Clinical and Translational Radiation Oncology,https://openalex.org/S2898297225,2405-6308,https://openalex.org/P4310320990,Elsevier BV,https://doi.org/10.1016/j.ctro.2026.101121,NA,cc-by,publishedVersion
,https://doi.org/10.1136/jnnp-2025-337186,2026,article,TRUE,Journal of Neurology Neurosurgery & Psychiatry,https://openalex.org/S134773490,0022-3050,https://openalex.org/P4310319945,BMJ,https://doi.org/10.1136/jnnp-2025-337186,https://jnnp.bmj.com/content/jnnp/early/2026/02/11/jnnp-2025-337186.full.pdf,cc-by,publishedVersion
,https://doi.org/10.1007/s10334-026-01330-1,2026,article,TRUE,Magnetic Resonance Materials in Physics Biology and Medicine,https://openalex.org/S78155443,0968-5243,https://openalex.org/P4310319900,Springer Nature,https://doi.org/10.1007/s10334-026-01330-1,https://link.springer.com/content/pdf/10.1007/s10334-026-01330-1.pdf,cc-by,publishedVersion
,https://doi.org/10.1016/j.chiabu.2026.107936,2026,article,TRUE,Child Abuse & Neglect,https://openalex.org/S53055215,0145-2134,https://openalex.org/P4310320990,Elsevier BV,https://doi.org/10.1016/j.chiabu.2026.107936,NA,cc-by,publishedVersion
,https://doi.org/10.1007/s00106-026-01731-7,2026,article,TRUE,HNO,https://openalex.org/S114599316,0017-6192,https://openalex.org/P4310319965,Springer Nature,https://doi.org/10.1007/s00106-026-01731-7,https://link.springer.com/content/pdf/10.1007/s00106-026-01731-7.pdf,cc-by,publishedVersion
,https://doi.org/10.1007/978-3-032-13412-7_25,2026,book-chapter,FALSE,World sustainability series,https://openalex.org/S4210181232,2199-7373,https://openalex.org/P4310319972,Springer Nature,https://doi.org/10.1007/978-3-032-13412-7_25,NA,NA,publishedVersion
,https://doi.org/10.48448/pph0-kf47,2026,other,FALSE,Open MIND,https://openalex.org/S4406922384,NA,NA,NA,NA,NA,NA,submittedVersion
,https://doi.org/10.1021/acs.jpcc.5c06227,2026,article,TRUE,The Journal of Physical Chemistry C,https://openalex.org/S95739953,1932-7447,https://openalex.org/P4310320006,American Chemical Society,https://doi.org/10.1021/acs.jpcc.5c06227,NA,cc-by,publishedVersion
,https://doi.org/10.1109/jmw.2026.3658926,2026,article,TRUE,IEEE Journal of Microwaves,https://openalex.org/S4210184428,2692-8388,https://openalex.org/P4310319808,Institute of Electrical and Electronics Engineers,https://doi.org/10.1109/jmw.2026.3658926,NA,cc-by,publishedVersion
,https://doi.org/10.1016/j.xpro.2026.104361,2026,article,TRUE,STAR Protocols,https://openalex.org/S4210212477,2666-1667,https://openalex.org/P4310320990,Elsevier BV,https://doi.org/10.1016/j.xpro.2026.104361,NA,cc-by-nc-nd,publishedVersion
,https://doi.org/10.48448/e0w4-pj44,2026,other,TRUE,Underline Science Inc.,https://openalex.org/S7407053148,NA,NA,NA,https://doi.org/10.48448/e0w4-pj44,NA,NA,NA
,https://doi.org/10.3389/fcvm.2026.1682381,2026,article,TRUE,Frontiers in Cardiovascular Medicine,https://openalex.org/S2595413687,2297-055X,https://openalex.org/P4310320527,Frontiers Media,https://doi.org/10.3389/fcvm.2026.1682381,https://public-pages-files-2025.frontiersin.org/journals/cardiovascular-medicine/articles/10.3389/fcvm.2026.1682381/pdf,cc-by,publishedVersion
,https://doi.org/10.1007/978-1-0716-5150-6_40,2026,book-chapter,FALSE,Springer protocols handbooks/Springer protocols,https://openalex.org/S4210224522,1949-2448,https://openalex.org/P4310315801,Humana Press,https://doi.org/10.1007/978-1-0716-5150-6_40,NA,NA,publishedVersion
,https://doi.org/10.5281/zenodo.18629790,2026,other,TRUE,Open MIND,https://openalex.org/S4406922384,NA,NA,NA,NA,NA,cc-by,submittedVersion
,https://doi.org/10.3390/jcm15041459,2026,article,TRUE,Journal of Clinical Medicine,https://openalex.org/S2737969411,2077-0383,https://openalex.org/P4310310987,Multidisciplinary Digital Publishing Institute,https://doi.org/10.3390/jcm15041459,https://www.mdpi.com/2077-0383/15/4/1459/pdf?version=1770962309,cc-by,publishedVersion
,https://doi.org/10.6084/m9.figshare.31330117,2026,article,TRUE,Open MIND,https://openalex.org/S4406922384,NA,NA,NA,NA,NA,cc-by,submittedVersion
,https://doi.org/10.1192/j.eurpsy.2026.10160,2026,article,TRUE,European Psychiatry,https://openalex.org/S87202501,0924-9338,https://openalex.org/P4310311721,Cambridge University Press,https://doi.org/10.1192/j.eurpsy.2026.10160,https://www.cambridge.org/core/services/aop-cambridge-core/content/view/9E18B8A5A3DAF726E2B54AAF89CCD610/S0924933826101606a.pdf/div-class-title-abolition-of-coercion-in-psychiatry-on-the-horizon-a-descriptive-ecologic-data-study-from-six-european-countries-div.pdf,cc-by-nc-nd,publishedVersion
,https://doi.org/10.6084/m9.figshare.c.8307748,2026,other,TRUE,Figshare,https://openalex.org/S4377196282,NA,https://openalex.org/I4210132348,Figshare (United Kingdom),https://doi.org/10.6084/m9.figshare.c.8307748,NA,cc-by,NA
,https://doi.org/10.1212/nxi.0000000000200555,2026,article,TRUE,Neurology Neuroimmunology & Neuroinflammation,https://openalex.org/S2764892302,2332-7812,https://openalex.org/P4310318547,Wolters Kluwer,https://doi.org/10.1212/nxi.0000000000200555,NA,NA,publishedVersion
,https://doi.org/10.1007/s00404-026-08354-x,2026,article,TRUE,Archives of Gynecology and Obstetrics,https://openalex.org/S568598,0932-0067,https://openalex.org/P4310319900,Springer Nature,https://doi.org/10.1007/s00404-026-08354-x,https://link.springer.com/content/pdf/10.1007/s00404-026-08354-x.pdf,cc-by,publishedVersion
,https://doi.org/10.6084/m9.figshare.31330117.v1,2026,article,TRUE,Figshare,https://openalex.org/S4377196282,NA,https://openalex.org/I4210132348,Figshare (United Kingdom),https://doi.org/10.6084/m9.figshare.31330117.v1,NA,cc-by,NA
,https://doi.org/10.6084/m9.figshare.c.8307748.v1,2026,other,TRUE,Figshare,https://openalex.org/S4377196282,NA,https://openalex.org/I4210132348,Figshare (United Kingdom),https://doi.org/10.6084/m9.figshare.c.8307748.v1,NA,cc-by,NA
,https://doi.org/10.1177/1877718x261418987,2026,article,TRUE,Journal of Parkinson s Disease,https://openalex.org/S2764943606,1877-7171,https://openalex.org/P4310318577,SAGE Publishing,https://doi.org/10.1177/1877718x261418987,NA,cc-by,publishedVersion
,https://doi.org/10.1088/2634-4386/ae45c9,2026,article,TRUE,Neuromorphic Computing and Engineering,https://openalex.org/S4210212933,2634-4386,https://openalex.org/P4310320083,Institute of Physics,https://doi.org/10.1088/2634-4386/ae45c9,NA,cc-by,publishedVersion
,https://doi.org/10.1007/s00415-026-13689-1,2026,article,TRUE,Journal of Neurology,https://openalex.org/S175814247,0340-5354,https://openalex.org/P4310319900,Springer Nature,https://doi.org/10.1007/s00415-026-13689-1,https://link.springer.com/content/pdf/10.1007/s00415-026-13689-1.pdf,cc-by,publishedVersion
,https://doi.org/10.1186/s12877-026-07124-3,2026,article,TRUE,BMC Geriatrics,https://openalex.org/S14643628,1471-2318,https://openalex.org/P4310320256,Springer Nature,https://doi.org/10.1186/s12877-026-07124-3,NA,cc-by,publishedVersion
,https://doi.org/10.1016/j.zemedi.2026.02.002,2026,article,TRUE,Zeitschrift für Medizinische Physik,https://openalex.org/S13941947,0939-3889,https://openalex.org/P4310320990,Elsevier BV,https://doi.org/10.1016/j.zemedi.2026.02.002,NA,cc-by-nc-nd,publishedVersion
,https://doi.org/10.1093/jbmrpl/ziag021,2026,article,TRUE,JBMR Plus,https://openalex.org/S4210170492,2473-4039,https://openalex.org/P4310320595,Wiley,https://doi.org/10.1093/jbmrpl/ziag021,NA,NA,publishedVersion
,https://doi.org/10.1002/pon.70401,2026,article,TRUE,Psycho-Oncology,https://openalex.org/S13506822,1057-9249,https://openalex.org/P4310320595,Wiley,https://doi.org/10.1002/pon.70401,NA,cc-by,publishedVersion
,https://doi.org/10.3390/computers15020127,2026,article,TRUE,Computers,https://openalex.org/S4210228075,2073-431X,https://openalex.org/P4310310987,Multidisciplinary Digital Publishing Institute,https://doi.org/10.3390/computers15020127,NA,cc-by,publishedVersion
,https://doi.org/10.1007/978-3-658-45276-6_20,2026,book-chapter,TRUE,NA,NA,NA,NA,NA,https://doi.org/10.1007/978-3-658-45276-6_20,https://link.springer.com/content/pdf/10.1007/978-3-658-45276-6_20.pdf,cc-by-nc-nd,publishedVersion
,https://doi.org/10.1007/978-3-658-45276-6_15,2026,book-chapter,TRUE,NA,NA,NA,NA,NA,https://doi.org/10.1007/978-3-658-45276-6_15,https://link.springer.com/content/pdf/10.1007/978-3-658-45276-6_15.pdf,cc-by-nc-nd,publishedVersion
,https://doi.org/10.1007/978-3-032-09468-1_2,2026,book-chapter,FALSE,NA,NA,NA,NA,NA,https://doi.org/10.1007/978-3-032-09468-1_2,NA,NA,publishedVersion
,https://doi.org/10.3389/fspor.2026.1713872,2026,article,TRUE,Frontiers in Sports and Active Living,https://openalex.org/S4210180255,2624-9367,https://openalex.org/P4310320527,Frontiers Media,https://doi.org/10.3389/fspor.2026.1713872,https://public-pages-files-2025.frontiersin.org/journals/sports-and-active-living/articles/10.3389/fspor.2026.1713872/pdf,cc-by,publishedVersion
,https://doi.org/10.1515/anona-2025-0141,2026,article,TRUE,Advances in Nonlinear Analysis,https://openalex.org/S2764380143,2191-9496,https://openalex.org/P4310313990,De Gruyter Brill,https://doi.org/10.1515/anona-2025-0141,NA,cc-by,publishedVersion
,https://doi.org/10.1038/s41598-026-39274-0,2026,article,TRUE,Scientific Reports,https://openalex.org/S196734849,2045-2322,https://openalex.org/P4310319908,Springer Nature,https://doi.org/10.1038/s41598-026-39274-0,https://www.nature.com/articles/s41598-026-39274-0_reference.pdf,cc-by-nc-nd,publishedVersion
,https://doi.org/10.3389/fphys.2025.1726583,2026,article,TRUE,Frontiers in Physiology,https://openalex.org/S52732750,1664-042X,https://openalex.org/P4310320527,Frontiers Media,https://doi.org/10.3389/fphys.2025.1726583,https://public-pages-files-2025.frontiersin.org/journals/physiology/articles/10.3389/fphys.2025.1726583/pdf,cc-by,publishedVersion
,https://doi.org/10.1007/978-3-032-09468-1_4,2026,book-chapter,FALSE,NA,NA,NA,NA,NA,https://doi.org/10.1007/978-3-032-09468-1_4,NA,NA,publishedVersion
,https://doi.org/10.1007/978-3-032-09468-1_1,2026,book-chapter,FALSE,NA,NA,NA,NA,NA,https://doi.org/10.1007/978-3-032-09468-1_1,NA,NA,publishedVersion
,https://doi.org/10.3390/antibiotics15020211,2026,article,TRUE,Antibiotics,https://openalex.org/S2736332253,2079-6382,https://openalex.org/P4310310987,Multidisciplinary Digital Publishing Institute,https://doi.org/10.3390/antibiotics15020211,https://www.mdpi.com/2079-6382/15/2/211/pdf,cc-by,publishedVersion
,https://doi.org/10.1007/978-3-032-09468-1_5,2026,book-chapter,FALSE,NA,NA,NA,NA,NA,https://doi.org/10.1007/978-3-032-09468-1_5,NA,NA,publishedVersion
,https://doi.org/10.1007/978-3-032-09468-1_3,2026,book-chapter,FALSE,NA,NA,NA,NA,NA,https://doi.org/10.1007/978-3-032-09468-1_3,NA,NA,publishedVersion
,https://doi.org/10.1002/elsc.70072,2026,article,TRUE,Engineering in Life Sciences,https://openalex.org/S39716790,1618-0240,https://openalex.org/P4310320595,Wiley,https://doi.org/10.1002/elsc.70072,https://onlinelibrary.wiley.com/doi/pdfdirect/10.1002/elsc.70072,cc-by,publishedVersion
,https://doi.org/10.1109/ic2nc67409.2025.11375969,2025,article,FALSE,NA,NA,NA,NA,NA,https://doi.org/10.1109/ic2nc67409.2025.11375969,NA,NA,publishedVersion
,https://doi.org/10.1038/s41746-025-02322-6,2026,article,TRUE,npj Digital Medicine,https://openalex.org/S4210195431,2398-6352,https://openalex.org/P4310319908,Springer Nature,https://doi.org/10.1038/s41746-025-02322-6,https://www.nature.com/articles/s41746-025-02322-6_reference.pdf,cc-by,publishedVersion
,https://doi.org/10.1109/ic2nc67409.2025.11376281,2025,article,FALSE,NA,NA,NA,NA,NA,https://doi.org/10.1109/ic2nc67409.2025.11376281,NA,NA,publishedVersion
,https://doi.org/10.1158/1557-3265.sabcs25-ps5-08-17,2026,article,FALSE,Clinical Cancer Research,https://openalex.org/S183149254,1078-0432,https://openalex.org/P4310320273,American Association for Cancer Research,https://doi.org/10.1158/1557-3265.sabcs25-ps5-08-17,NA,NA,publishedVersion
,https://doi.org/10.1055/s-0046-1817331,2026,article,FALSE,The Thoracic and Cardiovascular Surgeon,https://openalex.org/S81394012,0171-6425,https://openalex.org/P4310321135,Thieme Medical Publishers (Germany),https://doi.org/10.1055/s-0046-1817331,NA,NA,publishedVersion
,https://doi.org/10.1158/1557-3265.sabcs25-gs2-02,2026,article,FALSE,Clinical Cancer Research,https://openalex.org/S183149254,1078-0432,https://openalex.org/P4310320273,American Association for Cancer Research,https://doi.org/10.1158/1557-3265.sabcs25-gs2-02,NA,NA,publishedVersion
,https://doi.org/10.1158/1557-3265.sabcs25-ps5-08-12,2026,article,FALSE,Clinical Cancer Research,https://openalex.org/S183149254,1078-0432,https://openalex.org/P4310320273,American Association for Cancer Research,https://doi.org/10.1158/1557-3265.sabcs25-ps5-08-12,NA,NA,publishedVersion
,https://doi.org/10.1158/1557-3265.sabcs25-pd10-04,2026,article,FALSE,Clinical Cancer Research,https://openalex.org/S183149254,1078-0432,https://openalex.org/P4310320273,American Association for Cancer Research,https://doi.org/10.1158/1557-3265.sabcs25-pd10-04,NA,NA,publishedVersion
,https://doi.org/10.1158/1557-3265.sabcs25-ps5-12-18,2026,article,FALSE,Clinical Cancer Research,https://openalex.org/S183149254,1078-0432,https://openalex.org/P4310320273,American Association for Cancer Research,https://doi.org/10.1158/1557-3265.sabcs25-ps5-12-18,NA,NA,publishedVersion
,https://doi.org/10.1007/s00292-026-01543-0,2026,article,FALSE,Die Pathologie,https://openalex.org/S4387280373,2731-7188,https://openalex.org/P4310319900,Springer Nature,https://doi.org/10.1007/s00292-026-01543-0,NA,NA,publishedVersion
,https://doi.org/10.1109/ic2nc67409.2025.11376399,2025,article,FALSE,NA,NA,NA,NA,NA,https://doi.org/10.1109/ic2nc67409.2025.11376399,NA,NA,publishedVersion
,https://doi.org/10.1186/s13034-026-01049-w,2026,article,TRUE,Child and Adolescent Psychiatry and Mental Health,https://openalex.org/S133884896,1753-2000,https://openalex.org/P4310320256,Springer Nature,https://doi.org/10.1186/s13034-026-01049-w,NA,cc-by,publishedVersion
,https://doi.org/10.1038/s41526-026-00572-6,2026,article,TRUE,npj Microgravity,https://openalex.org/S4210211936,2373-8065,https://openalex.org/P4310319908,Springer Nature,https://doi.org/10.1038/s41526-026-00572-6,https://www.nature.com/articles/s41526-026-00572-6_reference.pdf,cc-by,publishedVersion
,https://doi.org/10.1109/apmc65046.2025.11378886,2025,article,FALSE,NA,NA,NA,NA,NA,https://doi.org/10.1109/apmc65046.2025.11378886,NA,NA,publishedVersion
,https://doi.org/10.64898/2026.02.17.706330,2026,article,TRUE,bioRxiv (Cold Spring Harbor Laboratory),https://openalex.org/S4306402567,NA,https://openalex.org/I2750212522,Cold Spring Harbor Laboratory,https://doi.org/10.64898/2026.02.17.706330,NA,cc-by-nd,acceptedVersion
,https://doi.org/10.3390/healthcare14040517,2026,article,TRUE,Healthcare,https://openalex.org/S4210214101,2227-9032,https://openalex.org/P4310310987,Multidisciplinary Digital Publishing Institute,https://doi.org/10.3390/healthcare14040517,https://www.mdpi.com/2227-9032/14/4/517/pdf,cc-by,publishedVersion
,https://doi.org/10.1007/s10143-026-04182-4,2026,article,TRUE,Neurosurgical Review,https://openalex.org/S98437390,0344-5607,https://openalex.org/P4310319900,Springer Nature,https://doi.org/10.1007/s10143-026-04182-4,https://link.springer.com/content/pdf/10.1007/s10143-026-04182-4.pdf,cc-by,publishedVersion
,https://doi.org/10.1007/s00590-026-04669-2,2026,article,TRUE,European Journal of Orthopaedic Surgery & Traumatology,https://openalex.org/S54672533,1432-1068,https://openalex.org/P4310319900,Springer Nature,https://doi.org/10.1007/s00590-026-04669-2,https://link.springer.com/content/pdf/10.1007/s00590-026-04669-2.pdf,cc-by,publishedVersion
,https://doi.org/10.1111/papt.70040,2026,article,TRUE,Psychology and Psychotherapy Theory Research and Practice,https://openalex.org/S189894822,1476-0835,https://openalex.org/P4310320595,Wiley,https://doi.org/10.1111/papt.70040,https://onlinelibrary.wiley.com/doi/pdfdirect/10.1111/papt.70040,cc-by,publishedVersion
,https://doi.org/10.1002/hem3.70290,2026,article,TRUE,HemaSphere,https://openalex.org/S4210211592,2572-9241,https://openalex.org/P4310318547,Wolters Kluwer,https://doi.org/10.1002/hem3.70290,https://onlinelibrary.wiley.com/doi/pdfdirect/10.1002/hem3.70290,cc-by-nc-nd,publishedVersion
,https://doi.org/10.1007/s40119-026-00445-9,2026,article,TRUE,Cardiology and Therapy,https://openalex.org/S2738736363,2193-6544,https://openalex.org/P4310320330,Springer Nature,https://doi.org/10.1007/s40119-026-00445-9,https://link.springer.com/content/pdf/10.1007/s40119-026-00445-9.pdf,cc-by-nc,publishedVersion
,https://doi.org/10.1002/cssc.202502118,2026,article,TRUE,ChemSusChem,https://openalex.org/S193447295,1864-5631,https://openalex.org/P4310320595,Wiley,https://doi.org/10.1002/cssc.202502118,https://onlinelibrary.wiley.com/doi/pdfdirect/10.1002/cssc.202502118,cc-by,publishedVersion
,https://doi.org/10.1016/j.accinf.2025.100758,2026,article,TRUE,International Journal of Accounting Information Systems,https://openalex.org/S38901890,1467-0895,https://openalex.org/P4310320990,Elsevier BV,https://doi.org/10.1016/j.accinf.2025.100758,NA,cc-by,publishedVersion
,https://doi.org/10.1007/978-3-032-13852-1_23,2026,book-chapter,FALSE,Communications in computer and information science,https://openalex.org/S2764900261,1865-0929,https://openalex.org/P4310319900,Springer Nature,https://doi.org/10.1007/978-3-032-13852-1_23,NA,NA,publishedVersion
,https://doi.org/10.1021/acs.molpharmaceut.5c01851,2026,article,FALSE,Molecular Pharmaceutics,https://openalex.org/S204562082,1543-8384,https://openalex.org/P4310320006,American Chemical Society,https://doi.org/10.1021/acs.molpharmaceut.5c01851,NA,NA,publishedVersion
,https://doi.org/10.1007/s11553-026-01304-0,2026,article,FALSE,Prävention und Gesundheitsförderung,https://openalex.org/S4210187245,1861-6755,https://openalex.org/P4310319900,Springer Nature,https://doi.org/10.1007/s11553-026-01304-0,NA,NA,publishedVersion
,https://doi.org/10.64898/2026.02.19.26346633,2026,article,TRUE,medRxiv,https://openalex.org/S3005729997,NA,NA,NA,https://doi.org/10.64898/2026.02.19.26346633,https://www.medrxiv.org/content/medrxiv/early/2026/02/20/2026.02.19.26346633.full.pdf,other-oa,acceptedVersion
,https://doi.org/10.1016/j.insmatheco.2026.103232,2026,article,FALSE,Insurance Mathematics and Economics,https://openalex.org/S198325475,0167-6687,https://openalex.org/P4310320990,Elsevier BV,https://doi.org/10.1016/j.insmatheco.2026.103232,NA,NA,publishedVersion
,https://doi.org/10.2139/ssrn.6276053,2026,preprint,TRUE,SSRN Electronic Journal,https://openalex.org/S4210172589,1556-5068,https://openalex.org/I1318003438,RELX Group (Netherlands),https://doi.org/10.2139/ssrn.6276053,NA,NA,acceptedVersion
,https://doi.org/10.1016/j.chiabu.2026.107896,2026,article,TRUE,Child Abuse & Neglect,https://openalex.org/S53055215,0145-2134,https://openalex.org/P4310320990,Elsevier BV,https://doi.org/10.1016/j.chiabu.2026.107896,NA,cc-by,publishedVersion
,https://doi.org/10.1016/j.jddst.2026.108171,2026,article,TRUE,Journal of Drug Delivery Science and Technology,https://openalex.org/S97205441,1773-2247,https://openalex.org/P4310320990,Elsevier BV,https://doi.org/10.1016/j.jddst.2026.108171,NA,cc-by,publishedVersion
,https://doi.org/10.64898/2026.02.19.706754,2026,article,TRUE,bioRxiv (Cold Spring Harbor Laboratory),https://openalex.org/S4306402567,NA,https://openalex.org/I2750212522,Cold Spring Harbor Laboratory,https://doi.org/10.64898/2026.02.19.706754,https://www.biorxiv.org/content/biorxiv/early/2026/02/20/2026.02.19.706754.full.pdf,cc-by-nc-nd,acceptedVersion
,https://doi.org/10.1186/s12877-026-07194-3,2026,article,TRUE,BMC Geriatrics,https://openalex.org/S14643628,1471-2318,https://openalex.org/P4310320256,Springer Nature,https://doi.org/10.1186/s12877-026-07194-3,NA,cc-by,publishedVersion
,https://doi.org/10.1038/s41598-026-37377-2,2026,article,TRUE,Scientific Reports,https://openalex.org/S196734849,2045-2322,https://openalex.org/P4310319908,Springer Nature,https://doi.org/10.1038/s41598-026-37377-2,https://www.nature.com/articles/s41598-026-37377-2.pdf,cc-by,publishedVersion
,https://doi.org/10.1055/s-0046-1816007,2026,article,FALSE,Osteologie/Osteology,https://openalex.org/S68901728,1019-1291,https://openalex.org/P4310313753,Thieme Medical Publishers (Germany),https://doi.org/10.1055/s-0046-1816007,NA,NA,publishedVersion
,https://doi.org/10.1007/s41999-026-01436-8,2026,article,TRUE,European Geriatric Medicine,https://openalex.org/S24649050,1878-7649,https://openalex.org/P4310320990,Elsevier BV,https://doi.org/10.1007/s41999-026-01436-8,https://link.springer.com/content/pdf/10.1007/s41999-026-01436-8.pdf,cc-by,publishedVersion
,https://doi.org/10.3897/jucs.154672,2026,article,TRUE,JUCS - Journal of Universal Computer Science,https://openalex.org/S58563349,0948-695X,https://openalex.org/P4310317875,Verlag der Technischen Universität Graz,https://doi.org/10.3897/jucs.154672,NA,cc-by-nd,publishedVersion
,https://doi.org/10.1093/ehjvshd/xwag012,2026,article,TRUE,European Heart Journal - Valvular and Structural Heart Disease,https://openalex.org/S5407051485,2977-8565,NA,NA,https://doi.org/10.1093/ehjvshd/xwag012,NA,cc-by-nc,publishedVersion
,https://doi.org/10.1002/cssc.202502185,2026,article,TRUE,ChemSusChem,https://openalex.org/S193447295,1864-5631,https://openalex.org/P4310320595,Wiley,https://doi.org/10.1002/cssc.202502185,https://onlinelibrary.wiley.com/doi/pdfdirect/10.1002/cssc.202502185,cc-by,publishedVersion
,https://doi.org/10.1063/5.0313176,2026,article,TRUE,The Journal of Chemical Physics,https://openalex.org/S77047749,0021-9606,https://openalex.org/P4310320257,American Institute of Physics,https://doi.org/10.1063/5.0313176,NA,cc-by,publishedVersion
,https://doi.org/10.5281/zenodo.18741394,2026,dataset,TRUE,Zenodo (CERN European Organization for Nuclear Research),https://openalex.org/S4306400562,NA,https://openalex.org/I67311998,European Organization for Nuclear Research,https://doi.org/10.5281/zenodo.18741394,NA,cc-by,NA
,https://doi.org/10.5281/zenodo.18741393,2026,dataset,TRUE,Zenodo (CERN European Organization for Nuclear Research),https://openalex.org/S4306400562,NA,https://openalex.org/I67311998,European Organization for Nuclear Research,https://doi.org/10.5281/zenodo.18741393,NA,cc-by,NA
,https://doi.org/10.1021/acsmaterialsau.5c00212,2026,article,TRUE,ACS Materials Au,https://openalex.org/S4210204497,2694-2461,https://openalex.org/P4310320006,American Chemical Society,https://doi.org/10.1021/acsmaterialsau.5c00212,NA,cc-by,publishedVersion
,https://doi.org/10.1055/a-2776-2466,2026,article,TRUE,Das Gesundheitswesen,https://openalex.org/S33786796,0941-3790,https://openalex.org/P4310320000,Thieme Medical Publishers (Germany),https://doi.org/10.1055/a-2776-2466,NA,cc-by,publishedVersion
,https://doi.org/10.1055/s-0046-1816003,2026,article,FALSE,Osteologie/Osteology,https://openalex.org/S68901728,1019-1291,https://openalex.org/P4310313753,Thieme Medical Publishers (Germany),https://doi.org/10.1055/s-0046-1816003,NA,NA,publishedVersion
,https://doi.org/10.3390/jcm15051708,2026,article,TRUE,Journal of Clinical Medicine,https://openalex.org/S2737969411,2077-0383,https://openalex.org/P4310310987,Multidisciplinary Digital Publishing Institute,https://doi.org/10.3390/jcm15051708,https://www.mdpi.com/2077-0383/15/5/1708/pdf?version=1771937548,cc-by,publishedVersion
,https://doi.org/10.6084/m9.figshare.31396854,2026,article,TRUE,Figshare,https://openalex.org/S4377196282,NA,https://openalex.org/I4210132348,Figshare (United Kingdom),https://doi.org/10.6084/m9.figshare.31396854,NA,cc-by,NA
,https://doi.org/10.6084/m9.figshare.31396854.v1,2026,article,TRUE,Figshare,https://openalex.org/S4377196282,NA,https://openalex.org/I4210132348,Figshare (United Kingdom),https://doi.org/10.6084/m9.figshare.31396854.v1,NA,cc-by,NA
,https://doi.org/10.6084/m9.figshare.c.8323406,2026,other,TRUE,Figshare,https://openalex.org/S4377196282,NA,https://openalex.org/I4210132348,Figshare (United Kingdom),https://doi.org/10.6084/m9.figshare.c.8323406,NA,cc-by,NA
,https://doi.org/10.6084/m9.figshare.c.8323412.v1,2026,other,TRUE,Figshare,https://openalex.org/S4377196282,NA,https://openalex.org/I4210132348,Figshare (United Kingdom),https://doi.org/10.6084/m9.figshare.c.8323412.v1,NA,cc-by,NA
,https://doi.org/10.6084/m9.figshare.31396851.v1,2026,article,TRUE,Figshare,https://openalex.org/S4377196282,NA,https://openalex.org/I4210132348,Figshare (United Kingdom),https://doi.org/10.6084/m9.figshare.31396851.v1,NA,cc-by,NA
,https://doi.org/10.6084/m9.figshare.31396848,2026,article,TRUE,Figshare,https://openalex.org/S4377196282,NA,https://openalex.org/I4210132348,Figshare (United Kingdom),https://doi.org/10.6084/m9.figshare.31396848,NA,cc-by,NA
,https://doi.org/10.6084/m9.figshare.c.8323266.v1,2026,other,TRUE,Figshare,https://openalex.org/S4377196282,NA,https://openalex.org/I4210132348,Figshare (United Kingdom),https://doi.org/10.6084/m9.figshare.c.8323266.v1,NA,cc-by,NA
,https://doi.org/10.6084/m9.figshare.31397078,2026,article,TRUE,Open MIND,https://openalex.org/S4406922384,NA,NA,NA,NA,NA,cc-by,submittedVersion
,https://doi.org/10.6084/m9.figshare.c.8323266,2026,other,TRUE,Figshare,https://openalex.org/S4377196282,NA,https://openalex.org/I4210132348,Figshare (United Kingdom),https://doi.org/10.6084/m9.figshare.c.8323266,NA,cc-by,NA
,https://doi.org/10.64898/2026.02.23.707382,2026,article,TRUE,bioRxiv (Cold Spring Harbor Laboratory),https://openalex.org/S4306402567,NA,https://openalex.org/I2750212522,Cold Spring Harbor Laboratory,https://doi.org/10.64898/2026.02.23.707382,https://www.biorxiv.org/content/biorxiv/early/2026/02/24/2026.02.23.707382.full.pdf,cc-by,acceptedVersion
,https://doi.org/10.6084/m9.figshare.31396848.v1,2026,article,TRUE,Figshare,https://openalex.org/S4377196282,NA,https://openalex.org/I4210132348,Figshare (United Kingdom),https://doi.org/10.6084/m9.figshare.31396848.v1,NA,cc-by,NA
,https://doi.org/10.6084/m9.figshare.31397078.v1,2026,article,TRUE,Figshare,https://openalex.org/S4377196282,NA,https://openalex.org/I4210132348,Figshare (United Kingdom),https://doi.org/10.6084/m9.figshare.31397078.v1,NA,cc-by,NA
,https://doi.org/10.6084/m9.figshare.c.8323412,2026,other,TRUE,Figshare,https://openalex.org/S4377196282,NA,https://openalex.org/I4210132348,Figshare (United Kingdom),https://doi.org/10.6084/m9.figshare.c.8323412,NA,cc-by,NA
,https://doi.org/10.1016/j.gecco.2026.e04126,2026,article,TRUE,Global Ecology and Conservation,https://openalex.org/S2765061010,2351-9894,https://openalex.org/P4310320990,Elsevier BV,https://doi.org/10.1016/j.gecco.2026.e04126,NA,cc-by,publishedVersion
,https://doi.org/10.6084/m9.figshare.31397087,2026,article,TRUE,Open MIND,https://openalex.org/S4406922384,NA,NA,NA,NA,NA,cc-by,submittedVersion
,https://doi.org/10.6084/m9.figshare.31397087.v1,2026,article,TRUE,Figshare,https://openalex.org/S4377196282,NA,https://openalex.org/I4210132348,Figshare (United Kingdom),https://doi.org/10.6084/m9.figshare.31397087.v1,NA,cc-by,NA
,https://doi.org/10.6084/m9.figshare.c.8323406.v1,2026,other,TRUE,Figshare,https://openalex.org/S4377196282,NA,https://openalex.org/I4210132348,Figshare (United Kingdom),https://doi.org/10.6084/m9.figshare.c.8323406.v1,NA,cc-by,NA
,https://doi.org/10.6084/m9.figshare.31396851,2026,article,TRUE,Figshare,https://openalex.org/S4377196282,NA,https://openalex.org/I4210132348,Figshare (United Kingdom),https://doi.org/10.6084/m9.figshare.31396851,NA,cc-by,NA
,https://doi.org/10.26434/chemrxiv.15000343/v1,2026,article,TRUE,ChemRxiv,https://openalex.org/S4393918830,2573-2293,NA,NA,https://doi.org/10.26434/chemrxiv.15000343/v1,NA,cc-by,acceptedVersion
,https://doi.org/10.1021/acscatal.5c03610,2026,article,TRUE,ACS Catalysis,https://openalex.org/S37391459,2155-5435,https://openalex.org/P4310320006,American Chemical Society,https://doi.org/10.1021/acscatal.5c03610,NA,cc-by,publishedVersion
,https://doi.org/10.1007/s11428-026-01423-4,2026,article,FALSE,Die Diabetologie,https://openalex.org/S4387280366,2731-7447,https://openalex.org/P4310319900,Springer Nature,https://doi.org/10.1007/s11428-026-01423-4,NA,NA,publishedVersion
,https://doi.org/10.26434/chemrxiv.15000388/v1,2026,article,TRUE,ChemRxiv,https://openalex.org/S4393918830,2573-2293,NA,NA,https://doi.org/10.26434/chemrxiv.15000388/v1,NA,cc-by,acceptedVersion
,https://doi.org/10.6084/m9.figshare.c.8325222.v1,2026,other,TRUE,Figshare,https://openalex.org/S4377196282,NA,https://openalex.org/I4210132348,Figshare (United Kingdom),https://doi.org/10.6084/m9.figshare.c.8325222.v1,NA,cc-by,NA
,https://doi.org/10.6084/m9.figshare.31405023,2026,article,TRUE,Open MIND,https://openalex.org/S4406922384,NA,NA,NA,NA,NA,cc-by,submittedVersion
,https://doi.org/10.1016/j.jmr.2026.108044,2026,article,TRUE,Journal of Magnetic Resonance,https://openalex.org/S90573847,1090-7807,https://openalex.org/P4310320990,Elsevier BV,https://doi.org/10.1016/j.jmr.2026.108044,NA,cc-by,publishedVersion
,https://doi.org/10.1109/jssc.2026.3663673,2026,article,TRUE,IEEE Journal of Solid-State Circuits,https://openalex.org/S83637746,0018-9200,https://openalex.org/P4310319808,Institute of Electrical and Electronics Engineers,https://doi.org/10.1109/jssc.2026.3663673,NA,cc-by,publishedVersion
,https://doi.org/10.6084/m9.figshare.31405023.v1,2026,article,TRUE,Figshare,https://openalex.org/S4377196282,NA,https://openalex.org/I4210132348,Figshare (United Kingdom),https://doi.org/10.6084/m9.figshare.31405023.v1,NA,cc-by,NA
,https://doi.org/10.1214/26-ejp1507,2026,article,TRUE,Electronic Journal of Probability,https://openalex.org/S181633058,1083-6489,https://openalex.org/P4310319881,Institute of Mathematical Statistics,https://doi.org/10.1214/26-ejp1507,NA,cc-by,publishedVersion
,https://doi.org/10.1097/jom.0000000000003683,2026,article,TRUE,Journal of Occupational and Environmental Medicine,https://openalex.org/S156862075,1076-2752,https://openalex.org/P4310315671,Wolters Kluwer,https://doi.org/10.1097/jom.0000000000003683,NA,cc-by,publishedVersion
,https://doi.org/10.1055/s-0046-1816747,2026,article,FALSE,Klinische Pädiatrie,https://openalex.org/S186178718,0300-8630,https://openalex.org/P4310320000,Thieme Medical Publishers (Germany),https://doi.org/10.1055/s-0046-1816747,NA,NA,publishedVersion
,https://doi.org/10.1038/s41467-026-69892-1,2026,article,TRUE,Nature Communications,https://openalex.org/S64187185,2041-1723,https://openalex.org/P4310319908,Springer Nature,https://doi.org/10.1038/s41467-026-69892-1,NA,cc-by,publishedVersion
,https://doi.org/10.26434/chemrxiv.15000434/v1,2026,article,TRUE,ChemRxiv,https://openalex.org/S4393918830,2573-2293,NA,NA,https://doi.org/10.26434/chemrxiv.15000434/v1,https://chemrxiv.org/doi/pdf/10.26434/chemrxiv.15000434/v1,cc-by,acceptedVersion
,https://doi.org/10.26434/chemrxiv.15000464/v1,2026,article,TRUE,ChemRxiv,https://openalex.org/S4393918830,2573-2293,NA,NA,https://doi.org/10.26434/chemrxiv.15000464/v1,https://chemrxiv.org/doi/pdf/10.26434/chemrxiv.15000464/v1,cc-by-nc-nd,acceptedVersion
,https://doi.org/10.1111/dom.70581,2026,article,TRUE,Diabetes Obesity and Metabolism,https://openalex.org/S148394532,1462-8902,https://openalex.org/P4310320595,Wiley,https://doi.org/10.1111/dom.70581,NA,cc-by-nc-nd,publishedVersion
,https://doi.org/10.1182/blood.2024027180,2026,article,TRUE,Blood,https://openalex.org/S200071133,0006-4971,https://openalex.org/P4310320990,Elsevier BV,https://doi.org/10.1182/blood.2024027180,https://ashpublications.org/blood/article-pdf/doi/10.1182/blood.2024027180/2506627/blood.2024027180.pdf,cc-by-nc-nd,publishedVersion
,https://doi.org/10.36227/techrxiv.177222596.69506770/v1,2026,article,TRUE,NA,NA,NA,NA,NA,https://doi.org/10.36227/techrxiv.177222596.69506770/v1,https://www.techrxiv.org/doi/pdf/10.36227/techrxiv.177222596.69506770,cc-by,acceptedVersion
,https://doi.org/10.1111/pace.70171,2026,article,FALSE,Pacing and Clinical Electrophysiology,https://openalex.org/S128634829,0147-8389,https://openalex.org/P4310320595,Wiley,https://doi.org/10.1111/pace.70171,NA,NA,publishedVersion
,https://doi.org/10.1002/advs.202523702,2026,article,TRUE,Advanced Science,https://openalex.org/S2737737698,2198-3844,https://openalex.org/P4310320595,Wiley,https://doi.org/10.1002/advs.202523702,NA,cc-by,publishedVersion
,https://doi.org/10.1016/j.jpsychires.2026.02.048,2026,article,TRUE,Journal of Psychiatric Research,https://openalex.org/S160879026,0022-3956,https://openalex.org/P4310320990,Elsevier BV,https://doi.org/10.1016/j.jpsychires.2026.02.048,NA,cc-by,publishedVersion
,https://doi.org/10.1038/s41419-026-08463-0,2026,article,TRUE,Cell Death and Disease,https://openalex.org/S185208586,2041-4889,https://openalex.org/P4310319965,Springer Nature,https://doi.org/10.1038/s41419-026-08463-0,NA,cc-by,publishedVersion
,https://doi.org/10.1016/j.ijplas.2026.104658,2026,article,FALSE,International Journal of Plasticity,https://openalex.org/S10186584,0749-6419,https://openalex.org/P4310320990,Elsevier BV,https://doi.org/10.1016/j.ijplas.2026.104658,NA,NA,publishedVersion
,https://doi.org/10.1016/j.abrep.2026.100685,2026,article,TRUE,Addictive Behaviors Reports,https://openalex.org/S2898531107,2352-8532,https://openalex.org/P4310320990,Elsevier BV,https://doi.org/10.1016/j.abrep.2026.100685,NA,cc-by-nc-nd,publishedVersion
,https://doi.org/10.1016/j.envint.2026.110171,2026,article,TRUE,Environment International,https://openalex.org/S143381477,0160-4120,https://openalex.org/P4310320990,Elsevier BV,https://doi.org/10.1016/j.envint.2026.110171,NA,cc-by-nc-nd,publishedVersion
,https://doi.org/10.17617/3.pa07lu,2026,dataset,FALSE,Open MIND,https://openalex.org/S4406922384,NA,NA,NA,NA,NA,NA,submittedVersion
,https://doi.org/10.3205/26dga077,2026,article,TRUE,Open MIND,https://openalex.org/S4406922384,NA,NA,NA,NA,NA,cc-by,submittedVersion
,https://doi.org/10.1371/journal.ppat.1014020,2026,article,TRUE,PLoS Pathogens,https://openalex.org/S2004986,1553-7366,https://openalex.org/P4310315706,Public Library of Science,https://doi.org/10.1371/journal.ppat.1014020,NA,cc-by,publishedVersion
,https://doi.org/10.1055/s-0046-1816998,2026,article,FALSE,Die Wirbelsäule,https://openalex.org/S4210177294,2509-8241,https://openalex.org/P4310321135,Thieme Medical Publishers (Germany),https://doi.org/10.1055/s-0046-1816998,NA,NA,publishedVersion
,https://doi.org/10.1186/s12916-026-04749-4,2026,article,TRUE,BMC Medicine,https://openalex.org/S135560524,1741-7015,https://openalex.org/P4310320256,Springer Nature,https://doi.org/10.1186/s12916-026-04749-4,NA,cc-by,publishedVersion
,https://doi.org/10.1182/bloodadvances.2025015971,2026,article,TRUE,Blood Advances,https://openalex.org/S2764683450,2473-9529,https://openalex.org/P4310320990,Elsevier BV,https://doi.org/10.1182/bloodadvances.2025015971,https://ashpublications.org/bloodadvances/article-pdf/doi/10.1182/bloodadvances.2025015971/2506974/bloodadvances.2025015971.pdf,cc-by-nc-nd,publishedVersion
,https://doi.org/10.1007/s10389-026-02719-x,2026,article,TRUE,Journal of Public Health,https://openalex.org/S4210187426,0943-1853,https://openalex.org/P4310319900,Springer Nature,https://doi.org/10.1007/s10389-026-02719-x,https://link.springer.com/content/pdf/10.1007/s10389-026-02719-x.pdf,cc-by,publishedVersion
,https://doi.org/10.1016/j.nantod.2026.103015,2026,article,TRUE,Nano Today,https://openalex.org/S183222223,1748-0132,https://openalex.org/P4310320990,Elsevier BV,https://doi.org/10.1016/j.nantod.2026.103015,NA,cc-by,publishedVersion
,https://doi.org/10.26434/chemrxiv.15000464/v2,2026,article,TRUE,ChemRxiv,https://openalex.org/S4393918830,2573-2293,NA,NA,https://doi.org/10.26434/chemrxiv.15000464/v2,https://chemrxiv.org/doi/pdf/10.26434/chemrxiv.15000464/v2,cc-by-nc-nd,acceptedVersion
,https://doi.org/10.1016/j.dam.2026.02.036,2026,article,FALSE,Discrete Applied Mathematics,https://openalex.org/S171741597,0166-218X,https://openalex.org/P4310320990,Elsevier BV,https://doi.org/10.1016/j.dam.2026.02.036,NA,NA,publishedVersion
,https://doi.org/10.1002/for.70124,2026,article,TRUE,Journal of Forecasting,https://openalex.org/S122161766,0277-6693,https://openalex.org/P4310320595,Wiley,https://doi.org/10.1002/for.70124,NA,cc-by,publishedVersion
,https://doi.org/10.1039/d5ob01979f,2026,article,TRUE,Organic & Biomolecular Chemistry,https://openalex.org/S179810352,1477-0520,https://openalex.org/P4310320556,Royal Society of Chemistry,https://doi.org/10.1039/d5ob01979f,https://pubs.rsc.org/en/content/articlepdf/2025/ob/d5ob01979f,cc-by,publishedVersion
,https://doi.org/10.1117/12.3077471,2026,article,FALSE,NA,NA,NA,NA,NA,https://doi.org/10.1117/12.3077471,NA,NA,publishedVersion
,https://doi.org/10.5281/zenodo.18861394,2026,article,TRUE,Zenodo (CERN European Organization for Nuclear Research),https://openalex.org/S4306400562,NA,https://openalex.org/I67311998,European Organization for Nuclear Research,https://doi.org/10.5281/zenodo.18861394,NA,cc-by,NA
,https://doi.org/10.1016/j.ssmmh.2026.100606,2026,article,TRUE,SSM - Mental Health,https://openalex.org/S4210190706,2666-5603,https://openalex.org/P4310320990,Elsevier BV,https://doi.org/10.1016/j.ssmmh.2026.100606,NA,cc-by,publishedVersion
,https://doi.org/10.5281/zenodo.18862318,2026,dataset,TRUE,Open MIND,https://openalex.org/S4406922384,NA,NA,NA,NA,NA,NA,submittedVersion
,https://doi.org/10.5281/zenodo.18861393,2026,article,TRUE,Zenodo (CERN European Organization for Nuclear Research),https://openalex.org/S4306400562,NA,https://openalex.org/I67311998,European Organization for Nuclear Research,https://doi.org/10.5281/zenodo.18861393,NA,cc-by,NA
,https://doi.org/10.5281/zenodo.18862317,2026,dataset,TRUE,Zenodo (CERN European Organization for Nuclear Research),https://openalex.org/S4306400562,NA,https://openalex.org/I67311998,European Organization for Nuclear Research,https://doi.org/10.5281/zenodo.18862317,NA,NA,NA
,https://doi.org/10.1117/12.3084293,2026,article,FALSE,NA,NA,NA,NA,NA,https://doi.org/10.1117/12.3084293,NA,NA,publishedVersion
,https://doi.org/10.1103/hc4r-2st8,2026,article,TRUE,Physical Review Research,https://openalex.org/S4210240247,2643-1564,https://openalex.org/P4310320261,American Physical Society,https://doi.org/10.1103/hc4r-2st8,NA,cc-by,publishedVersion
,https://doi.org/10.5281/zenodo.18877657,2026,dataset,TRUE,Zenodo (CERN European Organization for Nuclear Research),https://openalex.org/S4306400562,NA,https://openalex.org/I67311998,European Organization for Nuclear Research,https://doi.org/10.5281/zenodo.18877657,NA,NA,NA
,https://doi.org/10.6084/m9.figshare.31524056.v1,2026,article,TRUE,Figshare,https://openalex.org/S4377196282,NA,https://openalex.org/I4210132348,Figshare (United Kingdom),https://doi.org/10.6084/m9.figshare.31524056.v1,NA,cc-by,NA
,https://doi.org/10.6084/m9.figshare.c.8337128,2026,other,TRUE,Figshare,https://openalex.org/S4377196282,NA,https://openalex.org/I4210132348,Figshare (United Kingdom),https://doi.org/10.6084/m9.figshare.c.8337128,NA,cc-by,NA
,https://doi.org/10.6084/m9.figshare.31524065.v1,2026,article,TRUE,Figshare,https://openalex.org/S4377196282,NA,https://openalex.org/I4210132348,Figshare (United Kingdom),https://doi.org/10.6084/m9.figshare.31524065.v1,NA,cc-by,NA
,https://doi.org/10.6084/m9.figshare.31524059.v1,2026,article,TRUE,Figshare,https://openalex.org/S4377196282,NA,https://openalex.org/I4210132348,Figshare (United Kingdom),https://doi.org/10.6084/m9.figshare.31524059.v1,NA,cc-by,NA
,https://doi.org/10.6084/m9.figshare.31524059,2026,article,TRUE,Figshare,https://openalex.org/S4377196282,NA,https://openalex.org/I4210132348,Figshare (United Kingdom),https://doi.org/10.6084/m9.figshare.31524059,NA,cc-by,NA
,https://doi.org/10.1177/10731911261419643,2026,article,TRUE,Assessment,https://openalex.org/S155907396,1073-1911,https://openalex.org/P4310320017,SAGE Publishing,https://doi.org/10.1177/10731911261419643,NA,cc-by,publishedVersion
,https://doi.org/10.1016/j.mcat.2026.115847,2026,article,TRUE,Molecular Catalysis,https://openalex.org/S2764968843,2468-8231,https://openalex.org/P4310320990,Elsevier BV,https://doi.org/10.1016/j.mcat.2026.115847,NA,cc-by,publishedVersion
,https://doi.org/10.24433/co.9056580.v1,2026,other,TRUE,Open MIND,https://openalex.org/S4406922384,NA,NA,NA,NA,NA,public-domain,submittedVersion
,https://doi.org/10.6084/m9.figshare.31524065,2026,article,TRUE,Figshare,https://openalex.org/S4377196282,NA,https://openalex.org/I4210132348,Figshare (United Kingdom),https://doi.org/10.6084/m9.figshare.31524065,NA,cc-by,NA
,https://doi.org/10.1117/12.3077892,2026,article,FALSE,NA,NA,NA,NA,NA,https://doi.org/10.1117/12.3077892,NA,NA,publishedVersion
,https://doi.org/10.6084/m9.figshare.c.8337128.v1,2026,other,TRUE,Figshare,https://openalex.org/S4377196282,NA,https://openalex.org/I4210132348,Figshare (United Kingdom),https://doi.org/10.6084/m9.figshare.c.8337128.v1,NA,cc-by,NA
,https://doi.org/10.6084/m9.figshare.31524062,2026,article,TRUE,Figshare,https://openalex.org/S4377196282,NA,https://openalex.org/I4210132348,Figshare (United Kingdom),https://doi.org/10.6084/m9.figshare.31524062,NA,cc-by,NA
,https://doi.org/10.6084/m9.figshare.31524062.v1,2026,article,TRUE,Figshare,https://openalex.org/S4377196282,NA,https://openalex.org/I4210132348,Figshare (United Kingdom),https://doi.org/10.6084/m9.figshare.31524062.v1,NA,cc-by,NA
,https://doi.org/10.1007/s00108-026-02094-5,2026,article,TRUE,Die Innere Medizin,https://openalex.org/S4387280290,2731-7080,https://openalex.org/P4310319900,Springer Nature,https://doi.org/10.1007/s00108-026-02094-5,https://link.springer.com/content/pdf/10.1007/s00108-026-02094-5.pdf,other-oa,publishedVersion
,https://doi.org/10.6084/m9.figshare.31524056,2026,article,TRUE,Figshare,https://openalex.org/S4377196282,NA,https://openalex.org/I4210132348,Figshare (United Kingdom),https://doi.org/10.6084/m9.figshare.31524056,NA,cc-by,NA
,https://doi.org/10.1038/s41467-026-70304-7,2026,article,TRUE,Nature Communications,https://openalex.org/S64187185,2041-1723,https://openalex.org/P4310319908,Springer Nature,https://doi.org/10.1038/s41467-026-70304-7,NA,cc-by,publishedVersion
,https://doi.org/10.1038/s41598-026-42512-0,2026,article,TRUE,Scientific Reports,https://openalex.org/S196734849,2045-2322,https://openalex.org/P4310319908,Springer Nature,https://doi.org/10.1038/s41598-026-42512-0,https://www.nature.com/articles/s41598-026-42512-0_reference.pdf,cc-by,publishedVersion
,https://doi.org/10.1038/s41375-026-02869-7,2026,article,TRUE,Leukemia,https://openalex.org/S149476849,0887-6924,https://openalex.org/P4310319965,Springer Nature,https://doi.org/10.1038/s41375-026-02869-7,https://www.nature.com/articles/s41375-026-02869-7.pdf,cc-by,publishedVersion
,https://doi.org/10.1038/s41467-026-70087-x,2026,article,TRUE,Nature Communications,https://openalex.org/S64187185,2041-1723,https://openalex.org/P4310319908,Springer Nature,https://doi.org/10.1038/s41467-026-70087-x,NA,cc-by,publishedVersion
,https://doi.org/10.1002/bmb.70045,2026,article,TRUE,Biochemistry and Molecular Biology Education,https://openalex.org/S105183386,1470-8175,https://openalex.org/P4310320595,Wiley,https://doi.org/10.1002/bmb.70045,NA,cc-by,publishedVersion
,https://doi.org/10.64898/2026.03.06.26347770,2026,article,TRUE,medRxiv,https://openalex.org/S3005729997,NA,NA,NA,https://doi.org/10.64898/2026.03.06.26347770,https://www.medrxiv.org/content/medrxiv/early/2026/03/06/2026.03.06.26347770.full.pdf,NA,acceptedVersion
,https://doi.org/10.1038/s41598-026-41806-7,2026,article,TRUE,Scientific Reports,https://openalex.org/S196734849,2045-2322,https://openalex.org/P4310319908,Springer Nature,https://doi.org/10.1038/s41598-026-41806-7,https://www.nature.com/articles/s41598-026-41806-7_reference.pdf,cc-by,publishedVersion
,https://doi.org/10.2139/ssrn.6288338,2026,preprint,TRUE,SSRN Electronic Journal,https://openalex.org/S4210172589,1556-5068,https://openalex.org/I1318003438,RELX Group (Netherlands),https://doi.org/10.2139/ssrn.6288338,NA,NA,acceptedVersion
,https://doi.org/10.1016/j.ejcskn.2026.100784,2026,article,TRUE,EJC Skin Cancer,https://openalex.org/S4387288999,2772-6118,https://openalex.org/P4310320990,Elsevier BV,https://doi.org/10.1016/j.ejcskn.2026.100784,https://www.ejcskn.com/article/S2772-6118(26)00011-X/pdf,NA,publishedVersion
,https://doi.org/10.1016/j.saa.2026.127697,2026,article,TRUE,Spectrochimica Acta Part A Molecular and Biomolecular Spectroscopy,https://openalex.org/S96873385,1386-1425,https://openalex.org/P4310320990,Elsevier BV,https://doi.org/10.1016/j.saa.2026.127697,NA,cc-by,publishedVersion
,https://doi.org/10.1002/bte2.70100,2026,article,TRUE,Battery energy,https://openalex.org/S4210239249,2768-1688,https://openalex.org/P4310320595,Wiley,https://doi.org/10.1002/bte2.70100,NA,cc-by,publishedVersion
,https://doi.org/10.1002/batt.202500924,2026,article,TRUE,Batteries & Supercaps,https://openalex.org/S4210241147,2566-6223,https://openalex.org/P4310320595,Wiley,https://doi.org/10.1002/batt.202500924,NA,cc-by,publishedVersion
,https://doi.org/10.1111/ijsa.70052,2026,article,TRUE,International Journal of Selection and Assessment,https://openalex.org/S148368070,0965-075X,https://openalex.org/P4310320595,Wiley,https://doi.org/10.1111/ijsa.70052,NA,cc-by,publishedVersion
,https://doi.org/10.1177/19322968261432498,2026,article,TRUE,Journal of Diabetes Science and Technology,https://openalex.org/S2754852731,1932-2968,https://openalex.org/P4310320017,SAGE Publishing,https://doi.org/10.1177/19322968261432498,NA,cc-by-nc,publishedVersion
,https://doi.org/10.1111/ijsa.70054,2026,article,TRUE,International Journal of Selection and Assessment,https://openalex.org/S148368070,0965-075X,https://openalex.org/P4310320595,Wiley,https://doi.org/10.1111/ijsa.70054,NA,cc-by,publishedVersion
,https://doi.org/10.1007/s00018-026-06168-3,2026,article,TRUE,Cellular and Molecular Life Sciences,https://openalex.org/S60362788,1420-682X,https://openalex.org/P4310319965,Springer Nature,https://doi.org/10.1007/s00018-026-06168-3,NA,cc-by,publishedVersion
,https://doi.org/10.1016/j.hansur.2026.102638,2026,article,TRUE,Hand surgery & rehabilitation,https://openalex.org/S2764427465,2468-1210,https://openalex.org/P4310320990,Elsevier BV,https://doi.org/10.1016/j.hansur.2026.102638,NA,cc-by,publishedVersion
,https://doi.org/10.26434/chemrxiv.15000703/v1,2026,article,TRUE,ChemRxiv,https://openalex.org/S4393918830,2573-2293,NA,NA,https://doi.org/10.26434/chemrxiv.15000703/v1,https://chemrxiv.org/doi/pdf/10.26434/chemrxiv.15000703/v1,cc-by,acceptedVersion
,https://doi.org/10.1016/j.nupsyc.2026.100015,2026,article,TRUE,Nutritional Psychiatry,https://openalex.org/S5407055068,3051-1569,NA,NA,https://doi.org/10.1016/j.nupsyc.2026.100015,NA,cc-by-nc-nd,publishedVersion
,https://doi.org/10.1007/s11119-026-10328-7,2026,article,TRUE,Precision Agriculture,https://openalex.org/S42419699,1385-2256,https://openalex.org/P4310319900,Springer Nature,https://doi.org/10.1007/s11119-026-10328-7,https://link.springer.com/content/pdf/10.1007/s11119-026-10328-7.pdf,cc-by,publishedVersion
,https://doi.org/10.1007/s00120-026-02807-6,2026,article,TRUE,Die Urologie,https://openalex.org/S4387280488,2731-7064,https://openalex.org/P4310319900,Springer Nature,https://doi.org/10.1007/s00120-026-02807-6,https://link.springer.com/content/pdf/10.1007/s00120-026-02807-6.pdf,NA,publishedVersion
,https://doi.org/10.1016/j.disc.2026.115086,2026,article,TRUE,Discrete Mathematics,https://openalex.org/S18902827,0012-365X,https://openalex.org/P4310320990,Elsevier BV,https://doi.org/10.1016/j.disc.2026.115086,NA,cc-by,publishedVersion
,https://doi.org/10.5281/zenodo.18927874,2026,dataset,TRUE,Zenodo (CERN European Organization for Nuclear Research),https://openalex.org/S4306400562,NA,https://openalex.org/I67311998,European Organization for Nuclear Research,https://doi.org/10.5281/zenodo.18927874,NA,NA,NA
,https://doi.org/10.1007/s00414-026-03757-6,2026,article,TRUE,International Journal of Legal Medicine,https://openalex.org/S4210211635,0937-9827,https://openalex.org/P4310319900,Springer Nature,https://doi.org/10.1007/s00414-026-03757-6,https://link.springer.com/content/pdf/10.1007/s00414-026-03757-6.pdf,cc-by,publishedVersion
,https://doi.org/10.5281/zenodo.18937733,2026,other,TRUE,Open MIND,https://openalex.org/S4406922384,NA,NA,NA,NA,NA,NA,submittedVersion
,https://doi.org/10.5281/zenodo.18937732,2026,other,TRUE,Zenodo (CERN European Organization for Nuclear Research),https://openalex.org/S4306400562,NA,https://openalex.org/I67311998,European Organization for Nuclear Research,https://doi.org/10.5281/zenodo.18937732,NA,NA,NA
,NA,2026,article,TRUE,arXiv (Cornell University),https://openalex.org/S4306400194,NA,https://openalex.org/I205783295,Cornell University,http://arxiv.org/abs/2603.08138,https://arxiv.org/pdf/2603.08138,cc-by-nc-sa,submittedVersion
,https://doi.org/10.1186/s40659-026-00681-2,2026,article,TRUE,Biological Research,https://openalex.org/S186646444,0716-9760,https://openalex.org/P4310320256,Springer Nature,https://doi.org/10.1186/s40659-026-00681-2,NA,cc-by,publishedVersion
,https://doi.org/10.5281/zenodo.18863383,2026,other,TRUE,Zenodo (CERN European Organization for Nuclear Research),https://openalex.org/S4306400562,NA,https://openalex.org/I67311998,European Organization for Nuclear Research,https://doi.org/10.5281/zenodo.18863383,NA,cc-by,NA
,https://doi.org/10.1136/jitc-2026-itoc.18,2026,article,TRUE,Poster presentations,https://openalex.org/S4363604354,NA,NA,NA,https://doi.org/10.1136/jitc-2026-itoc.18,https://jitc.bmj.com/content/14/Suppl_1/A10.2.full.pdf,NA,publishedVersion
,https://doi.org/10.5281/zenodo.18863382,2026,other,TRUE,Zenodo (CERN European Organization for Nuclear Research),https://openalex.org/S4306400562,NA,https://openalex.org/I67311998,European Organization for Nuclear Research,https://doi.org/10.5281/zenodo.18863382,NA,cc-by,NA
,https://doi.org/10.5194/wbf2026-133,2026,article,TRUE,NA,NA,NA,NA,NA,https://doi.org/10.5194/wbf2026-133,NA,cc-by,acceptedVersion
,https://doi.org/10.1162/imag.a.1187,2026,article,TRUE,Imaging Neuroscience,https://openalex.org/S4387291234,2837-6056,https://openalex.org/P4310315718,The MIT Press,https://doi.org/10.1162/imag.a.1187,https://direct.mit.edu/imag/article-pdf/doi/10.1162/IMAG.a.1187/2586759/imag.a.1187.pdf,cc-by,publishedVersion
,https://doi.org/10.1007/s00420-026-02205-7,2026,article,TRUE,International Archives of Occupational and Environmental Health,https://openalex.org/S39948230,0340-0131,https://openalex.org/P4310319900,Springer Nature,https://doi.org/10.1007/s00420-026-02205-7,https://link.springer.com/content/pdf/10.1007/s00420-026-02205-7.pdf,cc-by,publishedVersion
,https://doi.org/10.1016/j.jclepro.2026.147905,2026,article,TRUE,Journal of Cleaner Production,https://openalex.org/S58516903,0959-6526,https://openalex.org/P4310320990,Elsevier BV,https://doi.org/10.1016/j.jclepro.2026.147905,NA,cc-by,publishedVersion
,https://doi.org/10.1038/s41467-026-70216-6,2026,article,TRUE,Nature Communications,https://openalex.org/S64187185,2041-1723,https://openalex.org/P4310319908,Springer Nature,https://doi.org/10.1038/s41467-026-70216-6,https://www.nature.com/articles/s41467-026-70216-6.pdf,cc-by,publishedVersion
,https://doi.org/10.1038/s41598-026-42473-4,2026,article,TRUE,Scientific Reports,https://openalex.org/S196734849,2045-2322,https://openalex.org/P4310319908,Springer Nature,https://doi.org/10.1038/s41598-026-42473-4,https://www.nature.com/articles/s41598-026-42473-4_reference.pdf,cc-by,publishedVersion
,https://doi.org/10.1016/j.vaccine.2026.128456,2026,article,TRUE,Vaccine,https://openalex.org/S27359860,0264-410X,https://openalex.org/P4310320990,Elsevier BV,https://doi.org/10.1016/j.vaccine.2026.128456,NA,cc-by,publishedVersion
,https://doi.org/10.1007/978-3-658-51100-5_37,2026,book-chapter,FALSE,Informatik aktuell,https://openalex.org/S4210235615,1431-472X,https://openalex.org/P4310319965,Springer Nature,https://doi.org/10.1007/978-3-658-51100-5_37,NA,NA,publishedVersion
,https://doi.org/10.1111/bjh.70430,2026,article,TRUE,British Journal of Haematology,https://openalex.org/S153015021,0007-1048,https://openalex.org/P4310320595,Wiley,https://doi.org/10.1111/bjh.70430,NA,cc-by,publishedVersion
,https://doi.org/10.1098/rspb.2025.2231,2026,article,TRUE,Proceedings of the Royal Society B Biological Sciences,https://openalex.org/S3006207977,0962-8452,https://openalex.org/P4310319787,Royal Society,https://doi.org/10.1098/rspb.2025.2231,https://royalsocietypublishing.org/rspb/article-pdf/doi/10.1098/rspb.2025.2231/6121717/rspb.2025.2231.pdf,cc-by,publishedVersion
,https://doi.org/10.1093/nar/gkag184,2026,article,TRUE,Nucleic Acids Research,https://openalex.org/S134668137,0305-1048,https://openalex.org/P4310311648,Oxford University Press,https://doi.org/10.1093/nar/gkag184,NA,cc-by,publishedVersion
,https://doi.org/10.1145/3776734.3794487,2026,article,FALSE,NA,NA,NA,NA,NA,https://doi.org/10.1145/3776734.3794487,NA,NA,publishedVersion
,https://doi.org/10.1007/s00415-026-13718-z,2026,article,TRUE,Journal of Neurology,https://openalex.org/S175814247,0340-5354,https://openalex.org/P4310319900,Springer Nature,https://doi.org/10.1007/s00415-026-13718-z,https://link.springer.com/content/pdf/10.1007/s00415-026-13718-z.pdf,cc-by,publishedVersion
,https://doi.org/10.1007/978-3-658-51100-5_16,2026,book-chapter,FALSE,Informatik aktuell,https://openalex.org/S4210235615,1431-472X,https://openalex.org/P4310319965,Springer Nature,https://doi.org/10.1007/978-3-658-51100-5_16,NA,NA,publishedVersion
,https://doi.org/10.3390/cells15060500,2026,article,TRUE,Cells,https://openalex.org/S2736626452,2073-4409,https://openalex.org/P4310310987,Multidisciplinary Digital Publishing Institute,https://doi.org/10.3390/cells15060500,https://www.mdpi.com/2073-4409/15/6/500/pdf?version=1773308010,cc-by,publishedVersion
,https://doi.org/10.1016/j.chbr.2026.100996,2026,article,TRUE,Computers in Human Behavior Reports,https://openalex.org/S4210198611,2451-9588,https://openalex.org/P4310320990,Elsevier BV,https://doi.org/10.1016/j.chbr.2026.100996,NA,cc-by,publishedVersion
,https://doi.org/10.1007/s00120-026-02776-w,2026,article,TRUE,Die Urologie,https://openalex.org/S4387280488,2731-7064,https://openalex.org/P4310319900,Springer Nature,https://doi.org/10.1007/s00120-026-02776-w,https://link.springer.com/content/pdf/10.1007/s00120-026-02776-w.pdf,NA,publishedVersion
,https://doi.org/10.1525/collabra.156503,2026,article,TRUE,Collabra Psychology,https://openalex.org/S4210175756,2474-7394,https://openalex.org/P4310315693,University of California,https://doi.org/10.1525/collabra.156503,NA,cc-by,publishedVersion
,https://doi.org/10.1007/978-3-658-51100-5_28,2026,book-chapter,TRUE,Informatik aktuell,https://openalex.org/S4210235615,1431-472X,https://openalex.org/P4310319965,Springer Nature,https://doi.org/10.1007/978-3-658-51100-5_28,https://link.springer.com/content/pdf/10.1007/978-3-658-51100-5_28.pdf,NA,publishedVersion
,https://doi.org/10.1007/s00125-025-06651-9,2026,article,TRUE,Diabetologia,https://openalex.org/S104375418,0012-186X,https://openalex.org/P4310319900,Springer Nature,https://doi.org/10.1007/s00125-025-06651-9,https://link.springer.com/content/pdf/10.1007/s00125-025-06651-9.pdf,cc-by,publishedVersion
,https://doi.org/10.1007/s00431-026-06832-7,2026,article,TRUE,European Journal of Pediatrics,https://openalex.org/S48201647,0340-6199,https://openalex.org/P4310319900,Springer Nature,https://doi.org/10.1007/s00431-026-06832-7,https://link.springer.com/content/pdf/10.1007/s00431-026-06832-7.pdf,cc-by,publishedVersion
,https://doi.org/10.1371/journal.pone.0343567,2026,article,TRUE,PLoS ONE,https://openalex.org/S202381698,1932-6203,https://openalex.org/P4310315706,Public Library of Science,https://doi.org/10.1371/journal.pone.0343567,NA,cc-by,publishedVersion
,https://doi.org/10.1007/s11428-026-01450-1,2026,article,FALSE,Die Diabetologie,https://openalex.org/S4387280366,2731-7447,https://openalex.org/P4310319900,Springer Nature,https://doi.org/10.1007/s11428-026-01450-1,NA,NA,publishedVersion
,https://doi.org/10.1007/s00586-026-09870-9,2026,article,TRUE,European Spine Journal,https://openalex.org/S100227592,0940-6719,https://openalex.org/P4310319900,Springer Nature,https://doi.org/10.1007/s00586-026-09870-9,https://link.springer.com/content/pdf/10.1007/s00586-026-09870-9.pdf,NA,publishedVersion
,https://doi.org/10.5194/egusphere-egu26-17986,2026,article,TRUE,NA,NA,NA,NA,NA,https://doi.org/10.5194/egusphere-egu26-17986,NA,cc-by,acceptedVersion
,https://doi.org/10.1002/brb3.71313,2026,article,TRUE,Brain and Behavior,https://openalex.org/S2764450051,2162-3279,https://openalex.org/P4310320595,Wiley,https://doi.org/10.1002/brb3.71313,NA,cc-by,publishedVersion
,https://doi.org/10.1007/s10304-026-00676-y,2026,article,FALSE,Gynäkologische Endokrinologie,https://openalex.org/S4210177927,1610-2894,https://openalex.org/P4310319965,Springer Nature,https://doi.org/10.1007/s10304-026-00676-y,NA,NA,publishedVersion
,https://doi.org/10.3390/jcm15062190,2026,article,TRUE,Journal of Clinical Medicine,https://openalex.org/S2737969411,2077-0383,https://openalex.org/P4310310987,Multidisciplinary Digital Publishing Institute,https://doi.org/10.3390/jcm15062190,https://www.mdpi.com/2077-0383/15/6/2190/pdf?version=1773396179,cc-by,publishedVersion
,https://doi.org/10.61936/themind/202603138,2026,article,FALSE,THE MIND - Bulletin on Mind-Body Medicine Research,https://openalex.org/S4390296979,2940-3243,NA,NA,https://doi.org/10.61936/themind/202603138,NA,NA,publishedVersion
,https://doi.org/10.1186/s12913-026-14322-7,2026,article,TRUE,BMC Health Services Research,https://openalex.org/S12898181,1472-6963,https://openalex.org/P4310320256,Springer Nature,https://doi.org/10.1186/s12913-026-14322-7,NA,cc-by,publishedVersion
,https://doi.org/10.61936/themind/202603139,2026,article,FALSE,THE MIND - Bulletin on Mind-Body Medicine Research,https://openalex.org/S4390296979,2940-3243,NA,NA,https://doi.org/10.61936/themind/202603139,NA,NA,publishedVersion
,https://doi.org/10.1093/ejhf/xuag078,2026,article,FALSE,European Journal of Heart Failure,https://openalex.org/S87609158,1388-9842,https://openalex.org/P4310320990,Elsevier BV,https://doi.org/10.1093/ejhf/xuag078,NA,NA,publishedVersion
,https://doi.org/10.1007/s12185-026-04190-6,2026,article,TRUE,International Journal of Hematology,https://openalex.org/S45192162,0925-5710,https://openalex.org/P4310319900,Springer Nature,https://doi.org/10.1007/s12185-026-04190-6,https://link.springer.com/content/pdf/10.1007/s12185-026-04190-6.pdf,cc-by,publishedVersion
,https://doi.org/10.1007/s12035-026-05799-8,2026,article,TRUE,Molecular Neurobiology,https://openalex.org/S194681035,0893-7648,https://openalex.org/P4310319900,Springer Nature,https://doi.org/10.1007/s12035-026-05799-8,https://link.springer.com/content/pdf/10.1007/s12035-026-05799-8.pdf,cc-by,publishedVersion
,https://doi.org/10.1002/cam4.71734,2026,article,TRUE,Cancer Medicine,https://openalex.org/S2754843627,2045-7634,https://openalex.org/P4310320595,Wiley,https://doi.org/10.1002/cam4.71734,NA,cc-by,publishedVersion
,https://doi.org/10.1369/00221554261423720,2026,article,TRUE,Journal of Histochemistry & Cytochemistry,https://openalex.org/S30841621,0022-1554,https://openalex.org/P4310320017,SAGE Publishing,https://doi.org/10.1369/00221554261423720,NA,cc-by,publishedVersion
,https://doi.org/10.1109/itsc60802.2025.11423554,2025,article,FALSE,NA,NA,NA,NA,NA,https://doi.org/10.1109/itsc60802.2025.11423554,NA,NA,publishedVersion
,https://doi.org/10.1109/itsc60802.2025.11423468,2025,article,FALSE,NA,NA,NA,NA,NA,https://doi.org/10.1109/itsc60802.2025.11423468,NA,NA,publishedVersion
,https://doi.org/10.1109/itsc60802.2025.11423710,2025,article,FALSE,NA,NA,NA,NA,NA,https://doi.org/10.1109/itsc60802.2025.11423710,NA,NA,publishedVersion
,https://doi.org/10.1016/j.microc.2026.117712,2026,article,TRUE,Microchemical Journal,https://openalex.org/S151030190,0026-265X,https://openalex.org/P4310320990,Elsevier BV,https://doi.org/10.1016/j.microc.2026.117712,NA,cc-by,publishedVersion
,https://doi.org/10.1038/s41372-026-02624-x,2026,article,TRUE,Journal of Perinatology,https://openalex.org/S18455948,0743-8346,https://openalex.org/P4310319965,Springer Nature,https://doi.org/10.1038/s41372-026-02624-x,https://www.nature.com/articles/s41372-026-02624-x.pdf,cc-by,publishedVersion
,https://doi.org/10.1111/dom.70610,2026,article,TRUE,Diabetes Obesity and Metabolism,https://openalex.org/S148394532,1462-8902,https://openalex.org/P4310320595,Wiley,https://doi.org/10.1111/dom.70610,NA,cc-by,publishedVersion
,https://doi.org/10.1109/itsc60802.2025.11423703,2025,article,FALSE,NA,NA,NA,NA,NA,https://doi.org/10.1109/itsc60802.2025.11423703,NA,NA,publishedVersion
,https://doi.org/10.1007/s00068-026-03145-0,2026,article,TRUE,European Journal of Trauma and Emergency Surgery,https://openalex.org/S90626604,1863-9933,https://openalex.org/P4310319900,Springer Nature,https://doi.org/10.1007/s00068-026-03145-0,https://link.springer.com/content/pdf/10.1007/s00068-026-03145-0.pdf,cc-by,publishedVersion
,https://doi.org/10.1039/d6ey00029k,2026,article,TRUE,EES Catalysis,https://openalex.org/S4387281025,2753-801X,https://openalex.org/P4310320556,Royal Society of Chemistry,https://doi.org/10.1039/d6ey00029k,https://pubs.rsc.org/en/content/articlepdf/2026/ey/d6ey00029k,cc-by,publishedVersion
,https://doi.org/10.64898/2026.03.13.711583,2026,article,TRUE,bioRxiv (Cold Spring Harbor Laboratory),https://openalex.org/S4306402567,NA,https://openalex.org/I2750212522,Cold Spring Harbor Laboratory,https://doi.org/10.64898/2026.03.13.711583,https://www.biorxiv.org/content/biorxiv/early/2026/03/17/2026.03.13.711583.full.pdf,cc-by-nc-nd,acceptedVersion
,https://doi.org/10.1093/eschf/xvag081,2026,article,TRUE,ESC Heart Failure,https://openalex.org/S2764810254,2055-5822,https://openalex.org/P4310320595,Wiley,https://doi.org/10.1093/eschf/xvag081,NA,cc-by,publishedVersion
,https://doi.org/10.1080/10428194.2026.2634939,2026,article,FALSE,Leukemia & lymphoma/Leukemia and lymphoma,https://openalex.org/S27064115,1026-8022,https://openalex.org/P4310320547,Taylor & Francis,https://doi.org/10.1080/10428194.2026.2634939,NA,NA,publishedVersion
,https://doi.org/10.3390/biomedicines14030688,2026,article,TRUE,Biomedicines,https://openalex.org/S2737005842,2227-9059,https://openalex.org/P4310310987,Multidisciplinary Digital Publishing Institute,https://doi.org/10.3390/biomedicines14030688,https://www.mdpi.com/2227-9059/14/3/688/pdf,cc-by,publishedVersion
,https://doi.org/10.6084/m9.figshare.31810256.v1,2026,article,TRUE,Figshare,https://openalex.org/S4377196282,NA,https://openalex.org/I4210132348,Figshare (United Kingdom),https://doi.org/10.6084/m9.figshare.31810256.v1,NA,cc-by,NA
,https://doi.org/10.7155/jgaa.v30i1.2967,2026,article,TRUE,Journal of Graph Algorithms and Applications,https://openalex.org/S33451491,1526-1719,NA,NA,https://doi.org/10.7155/jgaa.v30i1.2967,https://jgaa.info/index.php/jgaa/article/download/2967/3020,cc-by,publishedVersion
,https://doi.org/10.1007/s00466-026-02769-8,2026,article,TRUE,Computational Mechanics,https://openalex.org/S147854436,0178-7675,https://openalex.org/P4310319900,Springer Nature,https://doi.org/10.1007/s00466-026-02769-8,https://link.springer.com/content/pdf/10.1007/s00466-026-02769-8.pdf,cc-by,publishedVersion
,https://doi.org/10.1111/btp.70198,2026,article,TRUE,Biotropica,https://openalex.org/S17068196,0006-3606,https://openalex.org/P4310320595,Wiley,https://doi.org/10.1111/btp.70198,NA,cc-by,publishedVersion
,https://doi.org/10.3389/fpsyt.2025.1735421,2026,article,TRUE,Frontiers in Psychiatry,https://openalex.org/S92766711,1664-0640,https://openalex.org/P4310320527,Frontiers Media,https://doi.org/10.3389/fpsyt.2025.1735421,https://public-pages-files-2025.frontiersin.org/journals/psychiatry/articles/10.3389/fpsyt.2025.1735421/pdf,cc-by,publishedVersion
,https://doi.org/10.1016/j.jocn.2026.111991,2026,article,TRUE,Journal of Clinical Neuroscience,https://openalex.org/S145023809,0967-5868,https://openalex.org/P4310320990,Elsevier BV,https://doi.org/10.1016/j.jocn.2026.111991,NA,cc-by,publishedVersion
,https://doi.org/10.21203/rs.3.rs-9082864/v1,2026,preprint,TRUE,Research Square,https://openalex.org/S4306525896,NA,NA,NA,https://doi.org/10.21203/rs.3.rs-9082864/v1,https://www.researchsquare.com/article/rs-9082864/latest.pdf,cc-by,acceptedVersion
,https://doi.org/10.6084/m9.figshare.31810256,2026,article,TRUE,Figshare,https://openalex.org/S4377196282,NA,https://openalex.org/I4210132348,Figshare (United Kingdom),https://doi.org/10.6084/m9.figshare.31810256,NA,cc-by,NA
,https://doi.org/10.6084/m9.figshare.c.8370437,2026,other,TRUE,Figshare,https://openalex.org/S4377196282,NA,https://openalex.org/I4210132348,Figshare (United Kingdom),https://doi.org/10.6084/m9.figshare.c.8370437,NA,cc-by,NA
,https://doi.org/10.1016/j.jcf.2026.03.013,2026,article,TRUE,Journal of Cystic Fibrosis,https://openalex.org/S147774598,1569-1993,https://openalex.org/P4310320990,Elsevier BV,https://doi.org/10.1016/j.jcf.2026.03.013,NA,cc-by,publishedVersion
,https://doi.org/10.1002/cite.70088,2026,article,TRUE,Chemie Ingenieur Technik,https://openalex.org/S125795645,0009-286X,https://openalex.org/P4310320595,Wiley,https://doi.org/10.1002/cite.70088,NA,cc-by,publishedVersion
,https://doi.org/10.6084/m9.figshare.31810253,2026,article,TRUE,Figshare,https://openalex.org/S4377196282,NA,https://openalex.org/I4210132348,Figshare (United Kingdom),https://doi.org/10.6084/m9.figshare.31810253,NA,cc-by,NA
,https://doi.org/10.1007/s00112-026-02360-8,2026,article,FALSE,Monatsschrift Kinderheilkunde,https://openalex.org/S202200076,0026-9298,https://openalex.org/P4310320090,Springer Nature,https://doi.org/10.1007/s00112-026-02360-8,NA,NA,publishedVersion
,https://doi.org/10.1186/s13071-026-07321-4,2026,article,TRUE,Parasites & Vectors,https://openalex.org/S80413395,1756-3305,https://openalex.org/P4310320256,Springer Nature,https://doi.org/10.1186/s13071-026-07321-4,NA,cc-by,publishedVersion
,https://doi.org/10.26434/chemrxiv.10001785/v2,2026,article,TRUE,ChemRxiv,https://openalex.org/S4393918830,2573-2293,NA,NA,https://doi.org/10.26434/chemrxiv.10001785/v2,https://chemrxiv.org/doi/pdf/10.26434/chemrxiv.10001785/v2,cc-by,acceptedVersion
,https://doi.org/10.3389/fimmu.2026.1806398,2026,article,TRUE,Frontiers in Immunology,https://openalex.org/S2595292759,1664-3224,https://openalex.org/P4310320527,Frontiers Media,https://doi.org/10.3389/fimmu.2026.1806398,https://public-pages-files-2025.frontiersin.org/journals/immunology/articles/10.3389/fimmu.2026.1806398/pdf,cc-by,publishedVersion
,https://doi.org/10.1186/s40359-026-04193-2,2026,article,TRUE,BMC Psychology,https://openalex.org/S2764871139,2050-7283,https://openalex.org/P4310320256,Springer Nature,https://doi.org/10.1186/s40359-026-04193-2,NA,cc-by,publishedVersion
,https://doi.org/10.6084/m9.figshare.31810253.v1,2026,article,TRUE,Figshare,https://openalex.org/S4377196282,NA,https://openalex.org/I4210132348,Figshare (United Kingdom),https://doi.org/10.6084/m9.figshare.31810253.v1,NA,cc-by,NA
,https://doi.org/10.1161/jaha.125.044794,2026,article,TRUE,Journal of the American Heart Association,https://openalex.org/S2489920150,2047-9980,https://openalex.org/P4310320595,Wiley,https://doi.org/10.1161/jaha.125.044794,NA,cc-by-nc,publishedVersion
,https://doi.org/10.6084/m9.figshare.c.8370437.v1,2026,other,TRUE,Figshare,https://openalex.org/S4377196282,NA,https://openalex.org/I4210132348,Figshare (United Kingdom),https://doi.org/10.6084/m9.figshare.c.8370437.v1,NA,cc-by,NA
,https://doi.org/10.1038/s41598-026-43297-y,2026,article,TRUE,Scientific Reports,https://openalex.org/S196734849,2045-2322,https://openalex.org/P4310319908,Springer Nature,https://doi.org/10.1038/s41598-026-43297-y,https://www.nature.com/articles/s41598-026-43297-y.pdf,cc-by,publishedVersion
,https://doi.org/10.7910/dvn/ahyo17,2026,dataset,TRUE,Harvard Dataverse,https://openalex.org/S4377196806,NA,https://openalex.org/I136199984,Harvard University,https://doi.org/10.7910/dvn/ahyo17,NA,public-domain,NA
,NA,2026,article,TRUE,arXiv (Cornell University),https://openalex.org/S4306400194,NA,https://openalex.org/I205783295,Cornell University,http://arxiv.org/abs/2603.17624,https://arxiv.org/pdf/2603.17624,cc-by,submittedVersion
,https://doi.org/10.1016/b978-0-443-26568-6.00001-1,2026,book-chapter,FALSE,Elsevier eBooks,https://openalex.org/S4306463230,NA,https://openalex.org/P4310320990,Elsevier BV,https://doi.org/10.1016/b978-0-443-26568-6.00001-1,NA,NA,publishedVersion
,https://doi.org/10.1016/j.procs.2026.02.033,2026,article,TRUE,Procedia Computer Science,https://openalex.org/S120348307,1877-0509,https://openalex.org/P4310320990,Elsevier BV,https://doi.org/10.1016/j.procs.2026.02.033,NA,cc-by-nc-nd,publishedVersion
,https://doi.org/10.1016/j.xpro.2026.104451,2026,article,TRUE,STAR Protocols,https://openalex.org/S4210212477,2666-1667,https://openalex.org/P4310320990,Elsevier BV,https://doi.org/10.1016/j.xpro.2026.104451,NA,cc-by,publishedVersion
,https://doi.org/10.1093/eurpub/ckag038,2026,article,TRUE,European Journal of Public Health,https://openalex.org/S4210220588,1101-1262,https://openalex.org/P4310311648,Oxford University Press,https://doi.org/10.1093/eurpub/ckag038,NA,cc-by,publishedVersion
,https://doi.org/10.1111/jch.70233,2026,article,TRUE,Journal of Clinical Hypertension,https://openalex.org/S154226970,1524-6175,https://openalex.org/P4310320595,Wiley,https://doi.org/10.1111/jch.70233,NA,cc-by-nc-nd,publishedVersion
,https://doi.org/10.1007/s10875-026-02004-2,2026,article,TRUE,Journal of Clinical Immunology,https://openalex.org/S57504206,0271-9142,https://openalex.org/P4310319900,Springer Nature,https://doi.org/10.1007/s10875-026-02004-2,NA,cc-by,publishedVersion
,https://doi.org/10.1016/j.zemedi.2026.03.010,2026,article,TRUE,Zeitschrift für Medizinische Physik,https://openalex.org/S13941947,0939-3889,https://openalex.org/P4310320990,Elsevier BV,https://doi.org/10.1016/j.zemedi.2026.03.010,NA,cc-by,publishedVersion
,https://doi.org/10.1053/j.jvca.2026.03.035,2026,article,TRUE,Journal of Cardiothoracic and Vascular Anesthesia,https://openalex.org/S132356188,1053-0770,https://openalex.org/P4310320990,Elsevier BV,https://doi.org/10.1053/j.jvca.2026.03.035,https://www.jcvaonline.com/article/S1053-0770(26)00263-6/pdf,NA,publishedVersion
,https://doi.org/10.64898/2026.03.20.711195,2026,article,TRUE,bioRxiv (Cold Spring Harbor Laboratory),https://openalex.org/S4306402567,NA,https://openalex.org/I2750212522,Cold Spring Harbor Laboratory,https://doi.org/10.64898/2026.03.20.711195,https://www.biorxiv.org/content/biorxiv/early/2026/03/23/2026.03.20.711195.full.pdf,cc-by-nc-nd,acceptedVersion
,https://doi.org/10.1093/ejhf/xuag064,2026,article,TRUE,European Journal of Heart Failure,https://openalex.org/S87609158,1388-9842,https://openalex.org/P4310320990,Elsevier BV,https://doi.org/10.1093/ejhf/xuag064,NA,cc-by,publishedVersion
,https://doi.org/10.1002/aesr.202500496,2026,article,TRUE,Advanced Energy and Sustainability Research,https://openalex.org/S4210231858,2699-9412,https://openalex.org/P4310320595,Wiley,https://doi.org/10.1002/aesr.202500496,NA,cc-by,publishedVersion
,https://doi.org/10.1055/a-2823-7177,2026,article,TRUE,Psychiatrische Praxis,https://openalex.org/S131132109,0303-4259,https://openalex.org/P4310320000,Thieme Medical Publishers (Germany),https://doi.org/10.1055/a-2823-7177,http://www.thieme-connect.de/products/ejournals/pdf/10.1055/a-2823-7177.pdf,cc-by-nc-nd,publishedVersion
,https://doi.org/10.22331/q-2026-03-24-2042,2026,article,TRUE,Quantum,https://openalex.org/S4210226432,2521-327X,https://openalex.org/P4310317900,Verein zur Förderung des Open Access Publizierens in den Quantenwissenschaften,https://doi.org/10.22331/q-2026-03-24-2042,https://quantum-journal.org/papers/q-2026-03-24-2042/pdf/,cc-by,publishedVersion
,https://doi.org/10.1007/s00216-026-06429-x,2026,article,TRUE,Analytical and Bioanalytical Chemistry,https://openalex.org/S18188872,1618-2642,https://openalex.org/P4310319900,Springer Nature,https://doi.org/10.1007/s00216-026-06429-x,https://link.springer.com/content/pdf/10.1007/s00216-026-06429-x.pdf,cc-by,publishedVersion
,https://doi.org/10.1186/s13293-026-00880-2,2026,article,TRUE,Biology of Sex Differences,https://openalex.org/S184776610,2042-6410,https://openalex.org/P4310320256,Springer Nature,https://doi.org/10.1186/s13293-026-00880-2,NA,cc-by,publishedVersion
,https://doi.org/10.5281/zenodo.19207412,2026,dataset,TRUE,Zenodo (CERN European Organization for Nuclear Research),https://openalex.org/S4306400562,NA,https://openalex.org/I67311998,European Organization for Nuclear Research,https://doi.org/10.5281/zenodo.19207412,NA,cc-by,NA
,https://doi.org/10.20944/preprints202603.1713.v1,2026,preprint,TRUE,Preprints.org,https://openalex.org/S6309402219,NA,NA,NA,https://doi.org/10.20944/preprints202603.1713.v1,https://www.preprints.org/frontend/manuscript/440007b1357bc8f06ff5a2ad9512f399/download_pub,cc-by,acceptedVersion
,https://doi.org/10.1186/s12888-026-07979-1,2026,article,TRUE,BMC Psychiatry,https://openalex.org/S94610253,1471-244X,https://openalex.org/P4310320256,Springer Nature,https://doi.org/10.1186/s12888-026-07979-1,NA,cc-by,publishedVersion
,https://doi.org/10.5281/zenodo.19207411,2026,dataset,TRUE,Zenodo (CERN European Organization for Nuclear Research),https://openalex.org/S4306400562,NA,https://openalex.org/I67311998,European Organization for Nuclear Research,https://doi.org/10.5281/zenodo.19207411,NA,cc-by,NA
,https://doi.org/10.1016/j.autrev.2026.104043,2026,article,TRUE,Autoimmunity Reviews,https://openalex.org/S12874817,1568-9972,https://openalex.org/P4310320990,Elsevier BV,https://doi.org/10.1016/j.autrev.2026.104043,NA,cc-by,publishedVersion
,https://doi.org/10.1111/ddg.70256,2026,article,TRUE,JDDG Journal der Deutschen Dermatologischen Gesellschaft,https://openalex.org/S4210169996,1610-0379,https://openalex.org/P4310320595,Wiley,https://doi.org/10.1111/ddg.70256,NA,cc-by,publishedVersion
,https://doi.org/10.1055/a-2798-6496,2026,article,TRUE,Experimental and Clinical Endocrinology & Diabetes,https://openalex.org/S67343978,0947-7349,https://openalex.org/P4310320000,Thieme Medical Publishers (Germany),https://doi.org/10.1055/a-2798-6496,http://www.thieme-connect.de/products/ejournals/pdf/10.1055/a-2798-6496.pdf,cc-by,publishedVersion
,https://doi.org/10.5772/intechopen.1014477,2026,book-chapter,TRUE,IntechOpen eBooks,https://openalex.org/S4306463448,NA,https://openalex.org/P4310322558,IntechOpen,https://doi.org/10.5772/intechopen.1014477,https://www.intechopen.com/citation-pdf-url/1231463,cc-by,publishedVersion
,https://doi.org/10.1038/s43018-026-01136-z,2026,article,TRUE,Nature Cancer,https://openalex.org/S4210236562,2662-1347,https://openalex.org/P4310319908,Springer Nature,https://doi.org/10.1038/s43018-026-01136-z,NA,cc-by,publishedVersion
,https://doi.org/10.5281/zenodo.19221451,2026,dataset,TRUE,Zenodo (CERN European Organization for Nuclear Research),https://openalex.org/S4306400562,NA,https://openalex.org/I67311998,European Organization for Nuclear Research,https://doi.org/10.5281/zenodo.19221451,NA,cc-by,NA
,https://doi.org/10.5281/zenodo.19221452,2026,dataset,TRUE,Zenodo (CERN European Organization for Nuclear Research),https://openalex.org/S4306400562,NA,https://openalex.org/I67311998,European Organization for Nuclear Research,https://doi.org/10.5281/zenodo.19221452,NA,cc-by,NA
,https://doi.org/10.26434/chemrxiv.15001197/v1,2026,article,TRUE,ChemRxiv,https://openalex.org/S4393918830,2573-2293,NA,NA,https://doi.org/10.26434/chemrxiv.15001197/v1,https://chemrxiv.org/doi/pdf/10.26434/chemrxiv.15001197/v1,cc-by,acceptedVersion
,https://doi.org/10.3390/e28040367,2026,article,TRUE,Entropy,https://openalex.org/S195231649,1099-4300,https://openalex.org/P4310310987,Multidisciplinary Digital Publishing Institute,https://doi.org/10.3390/e28040367,https://www.mdpi.com/1099-4300/28/4/367/pdf?version=1774431601,cc-by,publishedVersion
,https://doi.org/10.1016/j.chempr.2026.102960,2026,article,TRUE,Chem,https://openalex.org/S2898106599,2451-9294,https://openalex.org/P4310320990,Elsevier BV,https://doi.org/10.1016/j.chempr.2026.102960,NA,cc-by,publishedVersion
,https://doi.org/10.1038/s41746-026-02526-4,2026,article,TRUE,npj Digital Medicine,https://openalex.org/S4210195431,2398-6352,https://openalex.org/P4310319908,Springer Nature,https://doi.org/10.1038/s41746-026-02526-4,https://www.nature.com/articles/s41746-026-02526-4_reference.pdf,cc-by,publishedVersion
,https://doi.org/10.1182/bloodadvances.2025018518,2026,article,TRUE,Blood Advances,https://openalex.org/S2764683450,2473-9529,https://openalex.org/P4310320990,Elsevier BV,https://doi.org/10.1182/bloodadvances.2025018518,https://ashpublications.org/bloodadvances/article-pdf/doi/10.1182/bloodadvances.2025018518/2511376/bloodadvances.2025018518.pdf,cc-by-nc-nd,publishedVersion
,https://doi.org/10.1371/journal.pdig.0001325,2026,article,TRUE,PLOS Digital Health,https://openalex.org/S4210221150,2767-3170,https://openalex.org/P4310315706,Public Library of Science,https://doi.org/10.1371/journal.pdig.0001325,NA,cc-by,publishedVersion
,https://doi.org/10.1186/s13102-026-01663-3,2026,article,TRUE,BMC Sports Science Medicine and Rehabilitation,https://openalex.org/S4210191135,2052-1847,https://openalex.org/P4310320256,Springer Nature,https://doi.org/10.1186/s13102-026-01663-3,NA,cc-by,publishedVersion
,https://doi.org/10.5281/zenodo.19230736,2026,preprint,TRUE,Zenodo (CERN European Organization for Nuclear Research),https://openalex.org/S4306400562,NA,https://openalex.org/I67311998,European Organization for Nuclear Research,https://doi.org/10.5281/zenodo.19230736,NA,cc-by,NA
,https://doi.org/10.5281/zenodo.19223435,2026,article,TRUE,Journal of the Association for Information Systems,https://openalex.org/S30879505,1536-9323,https://openalex.org/P4310321080,Association for Information Systems,https://aisel.aisnet.org/ecis2026/datasc_isresearch/datasc_isresearch/8,https://aisel.aisnet.org/context/ecis2026/article/1151/viewcontent/1656_doc.pdf,NA,submittedVersion
,https://doi.org/10.5281/zenodo.19230735,2026,preprint,TRUE,Zenodo (CERN European Organization for Nuclear Research),https://openalex.org/S4306400562,NA,https://openalex.org/I67311998,European Organization for Nuclear Research,https://doi.org/10.5281/zenodo.19230735,NA,cc-by,NA
,https://doi.org/10.3897/phytokeys.272.179527,2026,article,TRUE,PhytoKeys,https://openalex.org/S138605562,1314-2003,https://openalex.org/P4310321056,Pensoft Publishers,https://doi.org/10.3897/phytokeys.272.179527,NA,cc-by,publishedVersion
,https://doi.org/10.5281/zenodo.19223436,2026,article,TRUE,Zenodo (CERN European Organization for Nuclear Research),https://openalex.org/S4306400562,NA,https://openalex.org/I67311998,European Organization for Nuclear Research,https://doi.org/10.5281/zenodo.19223436,NA,cc-by,NA
,https://doi.org/10.1016/j.bone.2026.117866,2026,article,TRUE,Bone,https://openalex.org/S121725775,1873-2763,https://openalex.org/P4310320990,Elsevier BV,https://doi.org/10.1016/j.bone.2026.117866,NA,cc-by,publishedVersion
,NA,2026,article,FALSE,PubMed,https://openalex.org/S4306525036,NA,https://openalex.org/I1299303238,National Institutes of Health,https://pubmed.ncbi.nlm.nih.gov/41885530,NA,NA,publishedVersion
,https://doi.org/10.64898/2026.03.23.26348537,2026,article,TRUE,medRxiv,https://openalex.org/S3005729997,NA,NA,NA,https://doi.org/10.64898/2026.03.23.26348537,https://www.medrxiv.org/content/medrxiv/early/2026/03/25/2026.03.23.26348537.full.pdf,cc-by-nc-nd,acceptedVersion
,https://doi.org/10.3390/cancers18071087,2026,article,TRUE,Cancers,https://openalex.org/S168415115,2072-6694,https://openalex.org/P4310310987,Multidisciplinary Digital Publishing Institute,https://doi.org/10.3390/cancers18071087,NA,cc-by,publishedVersion
,https://doi.org/10.1016/j.jss.2026.112865,2026,article,TRUE,Journal of Systems and Software,https://openalex.org/S37879656,0164-1212,https://openalex.org/P4310320990,Elsevier BV,https://doi.org/10.1016/j.jss.2026.112865,NA,cc-by,publishedVersion
,https://doi.org/10.1186/s13005-026-00617-x,2026,article,TRUE,Head & Face Medicine,https://openalex.org/S4480651,1746-160X,https://openalex.org/P4310320256,Springer Nature,https://doi.org/10.1186/s13005-026-00617-x,NA,cc-by,publishedVersion
,https://doi.org/10.1177/08977151261434501,2026,article,FALSE,Journal of Neurotrauma,https://openalex.org/S85864898,0897-7151,https://openalex.org/P4310320443,"Mary Ann Liebert, Inc.",https://doi.org/10.1177/08977151261434501,NA,NA,publishedVersion
,https://doi.org/10.2139/ssrn.6379078,2026,preprint,TRUE,SSRN Electronic Journal,https://openalex.org/S4210172589,1556-5068,https://openalex.org/I1318003438,RELX Group (Netherlands),https://doi.org/10.2139/ssrn.6379078,NA,NA,acceptedVersion
,https://doi.org/10.26434/chemrxiv.15001414/v1,2026,article,TRUE,ChemRxiv,https://openalex.org/S4393918830,2573-2293,NA,NA,https://doi.org/10.26434/chemrxiv.15001414/v1,https://chemrxiv.org/doi/pdf/10.26434/chemrxiv.15001414/v1,cc-by,acceptedVersion
,https://doi.org/10.1182/blood.2025032160,2026,article,FALSE,Blood,https://openalex.org/S200071133,0006-4971,https://openalex.org/P4310320990,Elsevier BV,https://doi.org/10.1182/blood.2025032160,NA,NA,publishedVersion
,https://doi.org/10.1007/s00761-026-01951-0,2026,article,FALSE,Die Onkologie,https://openalex.org/S4387280361,2731-7226,https://openalex.org/P4310319900,Springer Nature,https://doi.org/10.1007/s00761-026-01951-0,NA,NA,publishedVersion
,https://doi.org/10.1007/978-3-032-17618-9_10,2026,book-chapter,FALSE,Lecture notes in computer science,https://openalex.org/S106296714,0302-9743,https://openalex.org/P4310319900,Springer Nature,https://doi.org/10.1007/978-3-032-17618-9_10,NA,NA,publishedVersion
,https://doi.org/10.1111/jdv.70426,2026,article,FALSE,Journal of the European Academy of Dermatology and Venereology,https://openalex.org/S137740113,0926-9959,https://openalex.org/P4310320595,Wiley,https://doi.org/10.1111/jdv.70426,NA,NA,publishedVersion
,https://doi.org/10.1002/pamm.70063,2026,article,TRUE,PAMM,https://openalex.org/S4210190971,1617-7061,https://openalex.org/P4310320595,Wiley,https://doi.org/10.1002/pamm.70063,NA,cc-by,publishedVersion
,https://doi.org/10.1002/aesr.70180,2026,article,TRUE,Advanced Energy and Sustainability Research,https://openalex.org/S4210231858,2699-9412,https://openalex.org/P4310320595,Wiley,https://doi.org/10.1002/aesr.70180,NA,cc-by,publishedVersion
,https://doi.org/10.1149/1945-7111/ae58fa,2026,article,FALSE,Journal of The Electrochemical Society,https://openalex.org/S138759888,0013-4651,https://openalex.org/P4310311669,Institute of Physics,https://doi.org/10.1149/1945-7111/ae58fa,NA,NA,publishedVersion
,https://doi.org/10.2139/ssrn.6383959,2026,preprint,TRUE,SSRN Electronic Journal,https://openalex.org/S4210172589,1556-5068,https://openalex.org/I1318003438,RELX Group (Netherlands),https://doi.org/10.2139/ssrn.6383959,NA,NA,acceptedVersion
,https://doi.org/10.1103/s6d5-lc6g,2026,article,TRUE,Physical Review Letters,https://openalex.org/S24807848,0031-9007,https://openalex.org/P4310320261,American Physical Society,https://doi.org/10.1103/s6d5-lc6g,NA,cc-by,publishedVersion
,https://doi.org/10.3389/fpsyt.2026.1771726,2026,article,TRUE,Frontiers in Psychiatry,https://openalex.org/S92766711,1664-0640,https://openalex.org/P4310320527,Frontiers Media,https://doi.org/10.3389/fpsyt.2026.1771726,https://public-pages-files-2025.frontiersin.org/journals/psychiatry/articles/10.3389/fpsyt.2026.1771726/pdf,cc-by,publishedVersion
,https://doi.org/10.64898/2026.03.31.26349822,2026,article,TRUE,medRxiv,https://openalex.org/S3005729997,NA,NA,NA,https://doi.org/10.64898/2026.03.31.26349822,https://www.medrxiv.org/content/medrxiv/early/2026/04/01/2026.03.31.26349822.full.pdf,cc-by-nc-nd,acceptedVersion
,https://doi.org/10.1515/auto-2025-0049,2026,article,FALSE,at - Automatisierungstechnik,https://openalex.org/S4210170077,0178-2312,https://openalex.org/P4310319967,R. Oldenbourg Verlag,https://doi.org/10.1515/auto-2025-0049,NA,NA,publishedVersion
,https://doi.org/10.1002/ciuz.70044,2026,article,FALSE,Chemie in unserer Zeit,https://openalex.org/S152058026,0009-2851,https://openalex.org/P4310320595,Wiley,https://doi.org/10.1002/ciuz.70044,NA,NA,publishedVersion
,https://doi.org/10.1016/j.aos.2026.101638,2026,article,TRUE,Accounting Organizations and Society,https://openalex.org/S198892436,0361-3682,https://openalex.org/P4310320990,Elsevier BV,https://doi.org/10.1016/j.aos.2026.101638,NA,cc-by,publishedVersion
,https://doi.org/10.1007/s00787-026-03022-6,2026,article,TRUE,European Child & Adolescent Psychiatry,https://openalex.org/S159275680,1018-8827,https://openalex.org/P4310319900,Springer Nature,https://doi.org/10.1007/s00787-026-03022-6,https://link.springer.com/content/pdf/10.1007/s00787-026-03022-6.pdf,cc-by,publishedVersion
,https://doi.org/10.3390/s26072173,2026,article,TRUE,Sensors,https://openalex.org/S101949793,1424-8220,https://openalex.org/P4310310987,Multidisciplinary Digital Publishing Institute,https://doi.org/10.3390/s26072173,https://www.mdpi.com/1424-8220/26/7/2173/pdf?version=1774978284,cc-by,publishedVersion
,https://doi.org/10.64898/2026.03.30.715260,2026,article,TRUE,bioRxiv (Cold Spring Harbor Laboratory),https://openalex.org/S4306402567,NA,https://openalex.org/I2750212522,Cold Spring Harbor Laboratory,https://doi.org/10.64898/2026.03.30.715260,https://www.biorxiv.org/content/biorxiv/early/2026/04/01/2026.03.30.715260.full.pdf,NA,acceptedVersion
,https://doi.org/10.1016/j.saa.2026.127838,2026,article,TRUE,Spectrochimica Acta Part A Molecular and Biomolecular Spectroscopy,https://openalex.org/S96873385,1386-1425,https://openalex.org/P4310320990,Elsevier BV,https://doi.org/10.1016/j.saa.2026.127838,NA,cc-by,publishedVersion
,https://doi.org/10.21203/rs.3.rs-9018980/v1,2026,preprint,TRUE,Research Square,https://openalex.org/S4306525896,NA,NA,NA,https://doi.org/10.21203/rs.3.rs-9018980/v1,https://www.researchsquare.com/article/rs-9018980/latest.pdf,cc-by,acceptedVersion
,https://doi.org/10.1007/s00586-026-09885-2,2026,article,TRUE,European Spine Journal,https://openalex.org/S100227592,0940-6719,https://openalex.org/P4310319900,Springer Nature,https://doi.org/10.1007/s00586-026-09885-2,https://link.springer.com/content/pdf/10.1007/s00586-026-09885-2.pdf,cc-by,publishedVersion
,https://doi.org/10.1186/s12888-026-08018-9,2026,article,TRUE,BMC Psychiatry,https://openalex.org/S94610253,1471-244X,https://openalex.org/P4310320256,Springer Nature,https://doi.org/10.1186/s12888-026-08018-9,NA,cc-by,publishedVersion
,https://doi.org/10.1109/lascas67804.2026.11457174,2026,article,FALSE,NA,NA,NA,NA,NA,https://doi.org/10.1109/lascas67804.2026.11457174,NA,NA,publishedVersion
,https://doi.org/10.2147/itt.s577426,2026,article,TRUE,ImmunoTargets and Therapy,https://openalex.org/S4210174637,2253-1556,https://openalex.org/P4310320348,Taylor & Francis,https://doi.org/10.2147/itt.s577426,https://www.dovepress.com/article/download/113685,cc-by-nc,publishedVersion
,https://doi.org/10.1007/s00132-026-04814-z,2026,article,TRUE,Die Orthopädie,https://openalex.org/S4387280450,2731-7145,https://openalex.org/P4310319900,Springer Nature,https://doi.org/10.1007/s00132-026-04814-z,https://link.springer.com/content/pdf/10.1007/s00132-026-04814-z.pdf,cc-by,publishedVersion
,NA,2026,article,FALSE,University of Southern Denmark Research Portal (University of Southern Denmark),https://openalex.org/S4306400424,NA,https://openalex.org/I177969490,University of Southern Denmark,https://portal.findresearcher.sdu.dk/da/publications/e4b04ed4-9e93-4982-b557-f8b69556902e,NA,NA,submittedVersion
,https://doi.org/10.1055/s-0046-1818247,2026,article,FALSE,Nuklearmedizin - NuclearMedicine,https://openalex.org/S158897336,0029-5566,https://openalex.org/P4310313753,Thieme Medical Publishers (Germany),https://doi.org/10.1055/s-0046-1818247,NA,NA,publishedVersion
,https://doi.org/10.1055/s-0046-1818316,2026,article,FALSE,Nuklearmedizin - NuclearMedicine,https://openalex.org/S158897336,0029-5566,https://openalex.org/P4310313753,Thieme Medical Publishers (Germany),https://doi.org/10.1055/s-0046-1818316,NA,NA,publishedVersion
,https://doi.org/10.1055/s-0046-1818271,2026,article,FALSE,Nuklearmedizin - NuclearMedicine,https://openalex.org/S158897336,0029-5566,https://openalex.org/P4310313753,Thieme Medical Publishers (Germany),https://doi.org/10.1055/s-0046-1818271,NA,NA,publishedVersion
,https://doi.org/10.5281/zenodo.18610997,2026,dataset,TRUE,Zenodo (CERN European Organization for Nuclear Research),https://openalex.org/S4306400562,NA,https://openalex.org/I67311998,European Organization for Nuclear Research,https://doi.org/10.5281/zenodo.18610997,NA,cc-by,NA
,https://doi.org/10.5281/zenodo.18610996,2026,dataset,TRUE,Zenodo (CERN European Organization for Nuclear Research),https://openalex.org/S4306400562,NA,https://openalex.org/I67311998,European Organization for Nuclear Research,https://doi.org/10.5281/zenodo.18610996,NA,cc-by,NA
,https://doi.org/10.1055/s-0046-1818230,2026,article,FALSE,Nuklearmedizin - NuclearMedicine,https://openalex.org/S158897336,0029-5566,https://openalex.org/P4310313753,Thieme Medical Publishers (Germany),https://doi.org/10.1055/s-0046-1818230,NA,NA,publishedVersion
,https://doi.org/10.1055/s-0046-1818395,2026,article,FALSE,Nuklearmedizin - NuclearMedicine,https://openalex.org/S158897336,0029-5566,https://openalex.org/P4310313753,Thieme Medical Publishers (Germany),https://doi.org/10.1055/s-0046-1818395,NA,NA,publishedVersion
,NA,2026,article,FALSE,Research Portal (King's College London),https://openalex.org/S4306400216,NA,https://openalex.org/I183935753,King's College London,https://kclpure.kcl.ac.uk/portal/en/publications/318721ac-7516-4f56-8a84-00a18f4dc6b8,NA,NA,submittedVersion
,https://doi.org/10.1111/phc3.70088,2026,article,TRUE,Philosophy Compass,https://openalex.org/S34011028,1747-9991,https://openalex.org/P4310320595,Wiley,https://doi.org/10.1111/phc3.70088,NA,cc-by,publishedVersion
,https://doi.org/10.1016/j.nupsyc.2026.100020,2026,article,TRUE,Nutritional Psychiatry,https://openalex.org/S5407055068,3051-1569,NA,NA,https://doi.org/10.1016/j.nupsyc.2026.100020,NA,cc-by,publishedVersion
,https://doi.org/10.5281/zenodo.19439352,2026,other,TRUE,Zenodo (CERN European Organization for Nuclear Research),https://openalex.org/S4306400562,NA,https://openalex.org/I67311998,European Organization for Nuclear Research,https://doi.org/10.5281/zenodo.19439352,NA,cc-by,NA
,https://doi.org/10.1016/j.jpurol.2026.105931,2026,article,FALSE,Journal of Pediatric Urology,https://openalex.org/S12548615,1477-5131,https://openalex.org/P4310320990,Elsevier BV,https://doi.org/10.1016/j.jpurol.2026.105931,NA,NA,publishedVersion
,https://doi.org/10.1016/j.jaccas.2026.107839,2026,article,TRUE,JACC Case Reports,https://openalex.org/S4210180918,2666-0849,https://openalex.org/P4310320990,Elsevier BV,https://doi.org/10.1016/j.jaccas.2026.107839,NA,cc-by-nc-nd,publishedVersion
,https://doi.org/10.6084/m9.figshare.31976066,2026,article,TRUE,Figshare,https://openalex.org/S4377196282,NA,https://openalex.org/I4210132348,Figshare (United Kingdom),https://doi.org/10.6084/m9.figshare.31976066,NA,cc-by,NA
,https://doi.org/10.6084/m9.figshare.31976327.v1,2026,article,TRUE,Figshare,https://openalex.org/S4377196282,NA,https://openalex.org/I4210132348,Figshare (United Kingdom),https://doi.org/10.6084/m9.figshare.31976327.v1,NA,cc-by,NA
,https://doi.org/10.6084/m9.figshare.c.8411237,2026,other,TRUE,Figshare,https://openalex.org/S4377196282,NA,https://openalex.org/I4210132348,Figshare (United Kingdom),https://doi.org/10.6084/m9.figshare.c.8411237,NA,cc-by,NA
,https://doi.org/10.6084/m9.figshare.31976726.v1,2026,article,TRUE,Figshare,https://openalex.org/S4377196282,NA,https://openalex.org/I4210132348,Figshare (United Kingdom),https://doi.org/10.6084/m9.figshare.31976726.v1,NA,cc-by,NA
,https://doi.org/10.6084/m9.figshare.31976321.v1,2026,article,TRUE,Figshare,https://openalex.org/S4377196282,NA,https://openalex.org/I4210132348,Figshare (United Kingdom),https://doi.org/10.6084/m9.figshare.31976321.v1,NA,cc-by,NA
,https://doi.org/10.6084/m9.figshare.31976309,2026,other,TRUE,Figshare,https://openalex.org/S4377196282,NA,https://openalex.org/I4210132348,Figshare (United Kingdom),https://doi.org/10.6084/m9.figshare.31976309,NA,cc-by,NA
,https://doi.org/10.6084/m9.figshare.31976324.v1,2026,article,TRUE,Figshare,https://openalex.org/S4377196282,NA,https://openalex.org/I4210132348,Figshare (United Kingdom),https://doi.org/10.6084/m9.figshare.31976324.v1,NA,cc-by,NA
,https://doi.org/10.6084/m9.figshare.c.8411351.v1,2026,other,TRUE,Figshare,https://openalex.org/S4377196282,NA,https://openalex.org/I4210132348,Figshare (United Kingdom),https://doi.org/10.6084/m9.figshare.c.8411351.v1,NA,cc-by,NA
,https://doi.org/10.6084/m9.figshare.31976810.v1,2026,dataset,TRUE,Figshare,https://openalex.org/S4377196282,NA,https://openalex.org/I4210132348,Figshare (United Kingdom),https://doi.org/10.6084/m9.figshare.31976810.v1,NA,cc-by,NA
,https://doi.org/10.6084/m9.figshare.31976465,2026,article,TRUE,Figshare,https://openalex.org/S4377196282,NA,https://openalex.org/I4210132348,Figshare (United Kingdom),https://doi.org/10.6084/m9.figshare.31976465,NA,cc-by,NA
,https://doi.org/10.6084/m9.figshare.31976324,2026,article,TRUE,Figshare,https://openalex.org/S4377196282,NA,https://openalex.org/I4210132348,Figshare (United Kingdom),https://doi.org/10.6084/m9.figshare.31976324,NA,cc-by,NA
,https://doi.org/10.6084/m9.figshare.31976294,2026,other,TRUE,Figshare,https://openalex.org/S4377196282,NA,https://openalex.org/I4210132348,Figshare (United Kingdom),https://doi.org/10.6084/m9.figshare.31976294,NA,cc-by,NA
,https://doi.org/10.6084/m9.figshare.31976285.v1,2026,other,TRUE,Figshare,https://openalex.org/S4377196282,NA,https://openalex.org/I4210132348,Figshare (United Kingdom),https://doi.org/10.6084/m9.figshare.31976285.v1,NA,cc-by,NA
,https://doi.org/10.6084/m9.figshare.c.8411272,2026,other,TRUE,Figshare,https://openalex.org/S4377196282,NA,https://openalex.org/I4210132348,Figshare (United Kingdom),https://doi.org/10.6084/m9.figshare.c.8411272,NA,cc-by,NA
,https://doi.org/10.6084/m9.figshare.c.8411351,2026,other,TRUE,Figshare,https://openalex.org/S4377196282,NA,https://openalex.org/I4210132348,Figshare (United Kingdom),https://doi.org/10.6084/m9.figshare.c.8411351,NA,cc-by,NA
,https://doi.org/10.6084/m9.figshare.31976413,2026,article,TRUE,Figshare,https://openalex.org/S4377196282,NA,https://openalex.org/I4210132348,Figshare (United Kingdom),https://doi.org/10.6084/m9.figshare.31976413,NA,cc-by,NA
,https://doi.org/10.6084/m9.figshare.31976303,2026,other,TRUE,Figshare,https://openalex.org/S4377196282,NA,https://openalex.org/I4210132348,Figshare (United Kingdom),https://doi.org/10.6084/m9.figshare.31976303,NA,cc-by,NA
,https://doi.org/10.6084/m9.figshare.c.8411428,2026,other,TRUE,Figshare,https://openalex.org/S4377196282,NA,https://openalex.org/I4210132348,Figshare (United Kingdom),https://doi.org/10.6084/m9.figshare.c.8411428,NA,cc-by,NA
,https://doi.org/10.6084/m9.figshare.31976474.v1,2026,article,TRUE,Figshare,https://openalex.org/S4377196282,NA,https://openalex.org/I4210132348,Figshare (United Kingdom),https://doi.org/10.6084/m9.figshare.31976474.v1,NA,cc-by,NA
,https://doi.org/10.6084/m9.figshare.c.8411237.v1,2026,other,TRUE,Figshare,https://openalex.org/S4377196282,NA,https://openalex.org/I4210132348,Figshare (United Kingdom),https://doi.org/10.6084/m9.figshare.c.8411237.v1,NA,cc-by,NA
,https://doi.org/10.6084/m9.figshare.c.8411249.v1,2026,other,TRUE,Figshare,https://openalex.org/S4377196282,NA,https://openalex.org/I4210132348,Figshare (United Kingdom),https://doi.org/10.6084/m9.figshare.c.8411249.v1,NA,cc-by,NA
,https://doi.org/10.6084/m9.figshare.31976468.v1,2026,article,TRUE,Figshare,https://openalex.org/S4377196282,NA,https://openalex.org/I4210132348,Figshare (United Kingdom),https://doi.org/10.6084/m9.figshare.31976468.v1,NA,cc-by,NA
,https://doi.org/10.6084/m9.figshare.31976051.v1,2026,article,TRUE,Figshare,https://openalex.org/S4377196282,NA,https://openalex.org/I4210132348,Figshare (United Kingdom),https://doi.org/10.6084/m9.figshare.31976051.v1,NA,cc-by,NA
,https://doi.org/10.6084/m9.figshare.31976723,2026,article,TRUE,Figshare,https://openalex.org/S4377196282,NA,https://openalex.org/I4210132348,Figshare (United Kingdom),https://doi.org/10.6084/m9.figshare.31976723,NA,cc-by,NA
,https://doi.org/10.6084/m9.figshare.31976465.v1,2026,article,TRUE,Figshare,https://openalex.org/S4377196282,NA,https://openalex.org/I4210132348,Figshare (United Kingdom),https://doi.org/10.6084/m9.figshare.31976465.v1,NA,cc-by,NA
,https://doi.org/10.6084/m9.figshare.c.8411657,2026,other,TRUE,Figshare,https://openalex.org/S4377196282,NA,https://openalex.org/I4210132348,Figshare (United Kingdom),https://doi.org/10.6084/m9.figshare.c.8411657,NA,cc-by,NA
,https://doi.org/10.6084/m9.figshare.31976807.v1,2026,dataset,TRUE,Figshare,https://openalex.org/S4377196282,NA,https://openalex.org/I4210132348,Figshare (United Kingdom),https://doi.org/10.6084/m9.figshare.31976807.v1,NA,cc-by,NA
,https://doi.org/10.6084/m9.figshare.31976468,2026,article,TRUE,Figshare,https://openalex.org/S4377196282,NA,https://openalex.org/I4210132348,Figshare (United Kingdom),https://doi.org/10.6084/m9.figshare.31976468,NA,cc-by,NA
,https://doi.org/10.6084/m9.figshare.31976285,2026,other,TRUE,Figshare,https://openalex.org/S4377196282,NA,https://openalex.org/I4210132348,Figshare (United Kingdom),https://doi.org/10.6084/m9.figshare.31976285,NA,cc-by,NA
,https://doi.org/10.6084/m9.figshare.31976801,2026,article,TRUE,Figshare,https://openalex.org/S4377196282,NA,https://openalex.org/I4210132348,Figshare (United Kingdom),https://doi.org/10.6084/m9.figshare.31976801,NA,cc-by,NA
,https://doi.org/10.6084/m9.figshare.c.8411459,2026,other,TRUE,Figshare,https://openalex.org/S4377196282,NA,https://openalex.org/I4210132348,Figshare (United Kingdom),https://doi.org/10.6084/m9.figshare.c.8411459,NA,cc-by,NA
,https://doi.org/10.6084/m9.figshare.31976726,2026,article,TRUE,Figshare,https://openalex.org/S4377196282,NA,https://openalex.org/I4210132348,Figshare (United Kingdom),https://doi.org/10.6084/m9.figshare.31976726,NA,cc-by,NA
,https://doi.org/10.6084/m9.figshare.31976303.v1,2026,other,TRUE,Figshare,https://openalex.org/S4377196282,NA,https://openalex.org/I4210132348,Figshare (United Kingdom),https://doi.org/10.6084/m9.figshare.31976303.v1,NA,cc-by,NA
,https://doi.org/10.6084/m9.figshare.31976804,2026,article,TRUE,Figshare,https://openalex.org/S4377196282,NA,https://openalex.org/I4210132348,Figshare (United Kingdom),https://doi.org/10.6084/m9.figshare.31976804,NA,cc-by,NA
,https://doi.org/10.6084/m9.figshare.31975838,2026,article,TRUE,Figshare,https://openalex.org/S4377196282,NA,https://openalex.org/I4210132348,Figshare (United Kingdom),https://doi.org/10.6084/m9.figshare.31975838,NA,cc-by,NA
,https://doi.org/10.6084/m9.figshare.31976327,2026,article,TRUE,Figshare,https://openalex.org/S4377196282,NA,https://openalex.org/I4210132348,Figshare (United Kingdom),https://doi.org/10.6084/m9.figshare.31976327,NA,cc-by,NA
,https://doi.org/10.6084/m9.figshare.31976810,2026,dataset,TRUE,Figshare,https://openalex.org/S4377196282,NA,https://openalex.org/I4210132348,Figshare (United Kingdom),https://doi.org/10.6084/m9.figshare.31976810,NA,cc-by,NA
,https://doi.org/10.6084/m9.figshare.31976309.v1,2026,other,TRUE,Figshare,https://openalex.org/S4377196282,NA,https://openalex.org/I4210132348,Figshare (United Kingdom),https://doi.org/10.6084/m9.figshare.31976309.v1,NA,cc-by,NA
,https://doi.org/10.6084/m9.figshare.c.8411249,2026,other,TRUE,Figshare,https://openalex.org/S4377196282,NA,https://openalex.org/I4210132348,Figshare (United Kingdom),https://doi.org/10.6084/m9.figshare.c.8411249,NA,cc-by,NA
,https://doi.org/10.6084/m9.figshare.c.8411108,2026,other,TRUE,Figshare,https://openalex.org/S4377196282,NA,https://openalex.org/I4210132348,Figshare (United Kingdom),https://doi.org/10.6084/m9.figshare.c.8411108,NA,cc-by,NA
,https://doi.org/10.6084/m9.figshare.31976801.v1,2026,article,TRUE,Figshare,https://openalex.org/S4377196282,NA,https://openalex.org/I4210132348,Figshare (United Kingdom),https://doi.org/10.6084/m9.figshare.31976801.v1,NA,cc-by,NA
,https://doi.org/10.6084/m9.figshare.31976104.v1,2026,article,TRUE,Figshare,https://openalex.org/S4377196282,NA,https://openalex.org/I4210132348,Figshare (United Kingdom),https://doi.org/10.6084/m9.figshare.31976104.v1,NA,cc-by,NA
,https://doi.org/10.6084/m9.figshare.31976104,2026,article,TRUE,Figshare,https://openalex.org/S4377196282,NA,https://openalex.org/I4210132348,Figshare (United Kingdom),https://doi.org/10.6084/m9.figshare.31976104,NA,cc-by,NA
,https://doi.org/10.6084/m9.figshare.31976807,2026,dataset,TRUE,Figshare,https://openalex.org/S4377196282,NA,https://openalex.org/I4210132348,Figshare (United Kingdom),https://doi.org/10.6084/m9.figshare.31976807,NA,cc-by,NA
,https://doi.org/10.6084/m9.figshare.31976051,2026,article,TRUE,Figshare,https://openalex.org/S4377196282,NA,https://openalex.org/I4210132348,Figshare (United Kingdom),https://doi.org/10.6084/m9.figshare.31976051,NA,cc-by,NA
,https://doi.org/10.6084/m9.figshare.31976474,2026,article,TRUE,Figshare,https://openalex.org/S4377196282,NA,https://openalex.org/I4210132348,Figshare (United Kingdom),https://doi.org/10.6084/m9.figshare.31976474,NA,cc-by,NA
,https://doi.org/10.6084/m9.figshare.c.8411108.v1,2026,other,TRUE,Figshare,https://openalex.org/S4377196282,NA,https://openalex.org/I4210132348,Figshare (United Kingdom),https://doi.org/10.6084/m9.figshare.c.8411108.v1,NA,cc-by,NA
,https://doi.org/10.6084/m9.figshare.31976413.v1,2026,article,TRUE,Figshare,https://openalex.org/S4377196282,NA,https://openalex.org/I4210132348,Figshare (United Kingdom),https://doi.org/10.6084/m9.figshare.31976413.v1,NA,cc-by,NA
,https://doi.org/10.6084/m9.figshare.c.8411657.v1,2026,other,TRUE,Figshare,https://openalex.org/S4377196282,NA,https://openalex.org/I4210132348,Figshare (United Kingdom),https://doi.org/10.6084/m9.figshare.c.8411657.v1,NA,cc-by,NA
,https://doi.org/10.6084/m9.figshare.c.8411428.v1,2026,other,TRUE,Figshare,https://openalex.org/S4377196282,NA,https://openalex.org/I4210132348,Figshare (United Kingdom),https://doi.org/10.6084/m9.figshare.c.8411428.v1,NA,cc-by,NA
,https://doi.org/10.6084/m9.figshare.31976321,2026,article,TRUE,Figshare,https://openalex.org/S4377196282,NA,https://openalex.org/I4210132348,Figshare (United Kingdom),https://doi.org/10.6084/m9.figshare.31976321,NA,cc-by,NA
,https://doi.org/10.6084/m9.figshare.31976066.v1,2026,article,TRUE,Figshare,https://openalex.org/S4377196282,NA,https://openalex.org/I4210132348,Figshare (United Kingdom),https://doi.org/10.6084/m9.figshare.31976066.v1,NA,cc-by,NA
,https://doi.org/10.6084/m9.figshare.c.8411459.v1,2026,other,TRUE,Figshare,https://openalex.org/S4377196282,NA,https://openalex.org/I4210132348,Figshare (United Kingdom),https://doi.org/10.6084/m9.figshare.c.8411459.v1,NA,cc-by,NA
,https://doi.org/10.6084/m9.figshare.31976804.v1,2026,article,TRUE,Figshare,https://openalex.org/S4377196282,NA,https://openalex.org/I4210132348,Figshare (United Kingdom),https://doi.org/10.6084/m9.figshare.31976804.v1,NA,cc-by,NA
,https://doi.org/10.6084/m9.figshare.31975838.v1,2026,article,TRUE,Figshare,https://openalex.org/S4377196282,NA,https://openalex.org/I4210132348,Figshare (United Kingdom),https://doi.org/10.6084/m9.figshare.31975838.v1,NA,cc-by,NA
,https://doi.org/10.6084/m9.figshare.31976723.v1,2026,article,TRUE,Figshare,https://openalex.org/S4377196282,NA,https://openalex.org/I4210132348,Figshare (United Kingdom),https://doi.org/10.6084/m9.figshare.31976723.v1,NA,cc-by,NA
,https://doi.org/10.6084/m9.figshare.31976294.v1,2026,other,TRUE,Figshare,https://openalex.org/S4377196282,NA,https://openalex.org/I4210132348,Figshare (United Kingdom),https://doi.org/10.6084/m9.figshare.31976294.v1,NA,cc-by,NA
,https://doi.org/10.6084/m9.figshare.c.8411272.v1,2026,other,TRUE,Figshare,https://openalex.org/S4377196282,NA,https://openalex.org/I4210132348,Figshare (United Kingdom),https://doi.org/10.6084/m9.figshare.c.8411272.v1,NA,cc-by,NA
,https://doi.org/10.6084/m9.figshare.31976720,2026,article,TRUE,Figshare,https://openalex.org/S4377196282,NA,https://openalex.org/I4210132348,Figshare (United Kingdom),https://doi.org/10.6084/m9.figshare.31976720,NA,cc-by,NA
,https://doi.org/10.6084/m9.figshare.31976720.v1,2026,article,TRUE,Figshare,https://openalex.org/S4377196282,NA,https://openalex.org/I4210132348,Figshare (United Kingdom),https://doi.org/10.6084/m9.figshare.31976720.v1,NA,cc-by,NA
,https://doi.org/10.5281/zenodo.18832255,2026,dataset,TRUE,Zenodo (CERN European Organization for Nuclear Research),https://openalex.org/S4306400562,NA,https://openalex.org/I67311998,European Organization for Nuclear Research,https://doi.org/10.5281/zenodo.18832255,NA,cc-by,NA
,https://doi.org/10.1055/a-2798-1937,2026,article,FALSE,Diabetologie und Stoffwechsel,https://openalex.org/S26605106,1861-9002,https://openalex.org/P4310321135,Thieme Medical Publishers (Germany),https://doi.org/10.1055/a-2798-1937,NA,NA,publishedVersion
,https://doi.org/10.1093/femsml/uqag014,2026,article,TRUE,microLife,https://openalex.org/S4210213927,2633-6693,https://openalex.org/P4310311648,Oxford University Press,https://doi.org/10.1093/femsml/uqag014,NA,cc-by,publishedVersion
,https://doi.org/10.5281/zenodo.18832254,2026,dataset,TRUE,Zenodo (CERN European Organization for Nuclear Research),https://openalex.org/S4306400562,NA,https://openalex.org/I67311998,European Organization for Nuclear Research,https://doi.org/10.5281/zenodo.18832254,NA,cc-by,NA
,https://doi.org/10.1039/d6dt00379f,2026,article,TRUE,Dalton Transactions,https://openalex.org/S166159787,1477-9226,https://openalex.org/P4310320556,Royal Society of Chemistry,https://doi.org/10.1039/d6dt00379f,https://pubs.rsc.org/en/content/articlepdf/2026/dt/d6dt00379f,cc-by,publishedVersion
,https://doi.org/10.1039/d6mh00367b,2026,article,TRUE,Materials Horizons,https://openalex.org/S2764386229,2051-6347,https://openalex.org/P4310320556,Royal Society of Chemistry,https://doi.org/10.1039/d6mh00367b,https://pubs.rsc.org/en/content/articlepdf/2026/mh/d6mh00367b,cc-by-nc,publishedVersion
,https://doi.org/10.1183/23120541.lsc-2026.ps207,2026,article,FALSE,NA,NA,NA,NA,NA,https://doi.org/10.1183/23120541.lsc-2026.ps207,NA,NA,publishedVersion
,https://doi.org/10.29363/nanoge.matsusspring.2026.274,2025,article,FALSE,NA,NA,NA,NA,NA,https://doi.org/10.29363/nanoge.matsusspring.2026.274,NA,NA,publishedVersion
,https://doi.org/10.1017/gmh.2026.10203,2026,article,TRUE,Cambridge Prisms Global Mental Health,https://openalex.org/S4210238114,2054-4251,https://openalex.org/P4310311721,Cambridge University Press,https://doi.org/10.1017/gmh.2026.10203,https://www.cambridge.org/core/services/aop-cambridge-core/content/view/1CCE8CC96043D98DF58C5CEAE68A86A5/S2054425126102039a.pdf/div-class-title-experiences-of-service-users-receiving-peer-support-in-mental-health-services-qualitative-findings-from-the-international-upsides-trial-div.pdf,cc-by-nc-nd,publishedVersion
,https://doi.org/10.1016/j.bas.2026.106060,2026,article,TRUE,Brain and Spine,https://openalex.org/S4210215356,2772-5294,https://openalex.org/P4310320990,Elsevier BV,https://doi.org/10.1016/j.bas.2026.106060,NA,cc-by-nc-nd,publishedVersion
,https://doi.org/10.5281/zenodo.18979049,2026,article,TRUE,Zenodo (CERN European Organization for Nuclear Research),https://openalex.org/S4306400562,NA,https://openalex.org/I67311998,European Organization for Nuclear Research,https://doi.org/10.5281/zenodo.18979049,NA,cc-by,NA
,https://doi.org/10.5281/zenodo.18979048,2026,article,TRUE,Zenodo (CERN European Organization for Nuclear Research),https://openalex.org/S4306400562,NA,https://openalex.org/I67311998,European Organization for Nuclear Research,https://doi.org/10.5281/zenodo.18979048,NA,cc-by,NA
,https://doi.org/10.2139/ssrn.6588338,2026,preprint,TRUE,SSRN Electronic Journal,https://openalex.org/S4210172589,1556-5068,https://openalex.org/I1318003438,RELX Group (Netherlands),https://doi.org/10.2139/ssrn.6588338,NA,NA,acceptedVersion
,https://doi.org/10.1039/d6qi00253f,2026,article,TRUE,Inorganic Chemistry Frontiers,https://openalex.org/S2764402489,2052-1545,https://openalex.org/P4310320556,Royal Society of Chemistry,https://doi.org/10.1039/d6qi00253f,https://pubs.rsc.org/en/content/articlepdf/2026/qi/d6qi00253f,cc-by,publishedVersion
,https://doi.org/10.1039/d6ta00336b,2026,article,TRUE,Journal of Materials Chemistry A,https://openalex.org/S2764437742,2050-7488,https://openalex.org/P4310320556,Royal Society of Chemistry,https://doi.org/10.1039/d6ta00336b,https://pubs.rsc.org/en/content/articlepdf/2026/ta/d6ta00336b,cc-by,publishedVersion
,https://doi.org/10.1016/j.joca.2026.01.035,2026,article,FALSE,Osteoarthritis and Cartilage,https://openalex.org/S13054843,1063-4584,https://openalex.org/P4310320990,Elsevier BV,https://doi.org/10.1016/j.joca.2026.01.035,NA,NA,publishedVersion
,https://doi.org/10.1016/j.joca.2026.01.511,2026,article,FALSE,Osteoarthritis and Cartilage,https://openalex.org/S13054843,1063-4584,https://openalex.org/P4310320990,Elsevier BV,https://doi.org/10.1016/j.joca.2026.01.511,NA,NA,publishedVersion
,https://doi.org/10.1055/s-0046-1817703,2026,article,FALSE,RöFo - Fortschritte auf dem Gebiet der Röntgenstrahlen und der bildgebenden Verfahren,https://openalex.org/S4210212309,1438-9010,https://openalex.org/P4310320000,Thieme Medical Publishers (Germany),https://doi.org/10.1055/s-0046-1817703,NA,NA,publishedVersion
,https://doi.org/10.1109/jbhi.2026.3687103,2026,article,TRUE,IEEE Journal of Biomedical and Health Informatics,https://openalex.org/S2495854775,2168-2194,https://openalex.org/P4310319808,Institute of Electrical and Electronics Engineers,https://doi.org/10.1109/jbhi.2026.3687103,NA,cc-by,publishedVersion
,https://doi.org/10.5281/zenodo.19729212,2026,book-chapter,TRUE,Zenodo (CERN European Organization for Nuclear Research),https://openalex.org/S4306400562,NA,https://openalex.org/I67311998,European Organization for Nuclear Research,https://doi.org/10.5281/zenodo.19729212,NA,cc-by,NA
,https://doi.org/10.5281/zenodo.19729543,2026,book-chapter,TRUE,Zenodo (CERN European Organization for Nuclear Research),https://openalex.org/S4306400562,NA,https://openalex.org/I67311998,European Organization for Nuclear Research,https://doi.org/10.5281/zenodo.19729543,NA,cc-by,NA
,https://doi.org/10.5281/zenodo.19726950,2026,book-chapter,TRUE,Zenodo (CERN European Organization for Nuclear Research),https://openalex.org/S4306400562,NA,https://openalex.org/I67311998,European Organization for Nuclear Research,https://doi.org/10.5281/zenodo.19726950,NA,cc-by,NA
,https://doi.org/10.5281/zenodo.19727763,2026,book-chapter,TRUE,Zenodo (CERN European Organization for Nuclear Research),https://openalex.org/S4306400562,NA,https://openalex.org/I67311998,European Organization for Nuclear Research,https://doi.org/10.5281/zenodo.19727763,NA,cc-by,NA
,https://doi.org/10.5281/zenodo.19729213,2026,book-chapter,TRUE,Zenodo (CERN European Organization for Nuclear Research),https://openalex.org/S4306400562,NA,https://openalex.org/I67311998,European Organization for Nuclear Research,https://doi.org/10.5281/zenodo.19729213,NA,cc-by,NA
,https://doi.org/10.1136/bmjopen-2025-114769,2026,article,TRUE,BMJ Open,https://openalex.org/S79054089,2044-6055,https://openalex.org/P4310319945,BMJ,https://doi.org/10.1136/bmjopen-2025-114769,NA,cc-by-nc,publishedVersion
,https://doi.org/10.5281/zenodo.19727764,2026,book-chapter,TRUE,Zenodo (CERN European Organization for Nuclear Research),https://openalex.org/S4306400562,NA,https://openalex.org/I67311998,European Organization for Nuclear Research,https://doi.org/10.5281/zenodo.19727764,NA,cc-by,NA
,https://doi.org/10.5281/zenodo.19729544,2026,book-chapter,TRUE,Zenodo (CERN European Organization for Nuclear Research),https://openalex.org/S4306400562,NA,https://openalex.org/I67311998,European Organization for Nuclear Research,https://doi.org/10.5281/zenodo.19729544,NA,cc-by,NA
,https://doi.org/10.5281/zenodo.19726951,2026,book-chapter,TRUE,Zenodo (CERN European Organization for Nuclear Research),https://openalex.org/S4306400562,NA,https://openalex.org/I67311998,European Organization for Nuclear Research,https://doi.org/10.5281/zenodo.19726951,NA,cc-by,NA
,https://doi.org/10.5281/zenodo.19731241,2026,book-chapter,TRUE,Zenodo (CERN European Organization for Nuclear Research),https://openalex.org/S4306400562,NA,https://openalex.org/I67311998,European Organization for Nuclear Research,https://doi.org/10.5281/zenodo.19731241,NA,cc-by,NA
,https://doi.org/10.5281/zenodo.19731240,2026,book-chapter,TRUE,Zenodo (CERN European Organization for Nuclear Research),https://openalex.org/S4306400562,NA,https://openalex.org/I67311998,European Organization for Nuclear Research,https://doi.org/10.5281/zenodo.19731240,NA,cc-by,NA
,NA,2026,article,TRUE,The Scientific Issues of Ternopil Volodymyr Hnatiuk National Pedagogical University Series pedagogy,https://openalex.org/S4210228265,2311-6382,https://openalex.org/P4310322067,Ternopil Volodymyr Hnatiuk National Pedagogical University,https://es-journal.in.ua/article/view/358177,NA,cc-by,submittedVersion
,https://doi.org/10.5281/zenodo.19755199,2026,book-chapter,TRUE,Zenodo (CERN European Organization for Nuclear Research),https://openalex.org/S4306400562,NA,https://openalex.org/I67311998,European Organization for Nuclear Research,https://doi.org/10.5281/zenodo.19755199,NA,cc-by,NA
,https://doi.org/10.5281/zenodo.19755200,2026,book-chapter,TRUE,Zenodo (CERN European Organization for Nuclear Research),https://openalex.org/S4306400562,NA,https://openalex.org/I67311998,European Organization for Nuclear Research,https://doi.org/10.5281/zenodo.19755200,NA,cc-by,NA
,https://doi.org/10.2139/ssrn.6656798,2026,preprint,TRUE,SSRN Electronic Journal,https://openalex.org/S4210172589,1556-5068,https://openalex.org/I1318003438,RELX Group (Netherlands),https://doi.org/10.2139/ssrn.6656798,NA,NA,acceptedVersion
,https://doi.org/10.1007/978-3-032-23607-4_17,2026,book-chapter,FALSE,Lecture notes in computer science,https://openalex.org/S106296714,0302-9743,https://openalex.org/P4310319900,Springer Nature,https://doi.org/10.1007/978-3-032-23607-4_17,NA,NA,publishedVersion
,https://doi.org/10.1136/bmjopen-2025-108674,2026,article,TRUE,BMJ Open,https://openalex.org/S79054089,2044-6055,https://openalex.org/P4310319945,BMJ,https://doi.org/10.1136/bmjopen-2025-108674,NA,cc-by,publishedVersion
,https://doi.org/10.5061/dryad.6m905qgd4,2026,dataset,TRUE,DRYAD,https://openalex.org/S7407051161,NA,NA,NA,https://doi.org/10.5061/dryad.6m905qgd4,NA,public-domain,NA
,https://doi.org/10.1026/0012-1924/a000366,2026,article,TRUE,Diagnostica,https://openalex.org/S191847413,0012-1924,https://openalex.org/P4310319871,Hogrefe Verlag,https://doi.org/10.1026/0012-1924/a000366,NA,cc-by,publishedVersion
,https://doi.org/10.1109/jqe.2026.3690062,2026,article,FALSE,IEEE Journal of Quantum Electronics,https://openalex.org/S80223966,0018-9197,https://openalex.org/P4310322178,Institute of Electrical and Electronics Engineers,https://doi.org/10.1109/jqe.2026.3690062,NA,NA,publishedVersion
,https://doi.org/10.1109/trpms.2026.3690503,2026,article,FALSE,IEEE Transactions on Radiation and Plasma Medical Sciences,https://openalex.org/S4210231342,2469-7303,https://openalex.org/P4310319808,Institute of Electrical and Electronics Engineers,https://doi.org/10.1109/trpms.2026.3690503,NA,NA,publishedVersion
,https://doi.org/10.1039/d6sc01402j,2026,article,TRUE,Chemical Science,https://openalex.org/S184645833,2041-6520,https://openalex.org/P4310320556,Royal Society of Chemistry,https://doi.org/10.1039/d6sc01402j,https://pubs.rsc.org/en/content/articlepdf/2026/sc/d6sc01402j,cc-by,publishedVersion
,https://doi.org/10.1016/j.bas.2026.106073,2026,article,TRUE,Brain and Spine,https://openalex.org/S4210215356,2772-5294,https://openalex.org/P4310320990,Elsevier BV,https://doi.org/10.1016/j.bas.2026.106073,NA,cc-by,publishedVersion
,https://doi.org/10.6026/973206300222419,2026,article,TRUE,Bioinformation,https://openalex.org/S2755911950,0973-2063,https://openalex.org/P4328143488,Biomedical Informatics,https://doi.org/10.6026/973206300222419,https://www.bioinformation.net/022/973206300222419.pdf,cc-by,publishedVersion
,https://doi.org/10.23919/wons68803.2026.11501785,2026,article,FALSE,NA,NA,NA,NA,NA,https://doi.org/10.23919/wons68803.2026.11501785,NA,NA,publishedVersion
,https://doi.org/10.1039/d6sc00259e,2026,article,TRUE,Chemical Science,https://openalex.org/S184645833,2041-6520,https://openalex.org/P4310320556,Royal Society of Chemistry,https://doi.org/10.1039/d6sc00259e,https://pubs.rsc.org/en/content/articlepdf/2026/sc/d6sc00259e,cc-by,publishedVersion
,https://doi.org/10.1039/d6ra02336c,2026,article,TRUE,RSC Advances,https://openalex.org/S2481244646,2046-2069,https://openalex.org/P4310320556,Royal Society of Chemistry,https://doi.org/10.1039/d6ra02336c,https://pubs.rsc.org/en/content/articlepdf/2026/ra/d6ra02336c,cc-by-nc,publishedVersion
,https://doi.org/10.1109/gemic71240.2026.11516467,2026,article,FALSE,NA,NA,NA,NA,NA,https://doi.org/10.1109/gemic71240.2026.11516467,NA,NA,publishedVersion
,https://doi.org/10.1109/gemic71240.2026.11516473,2026,article,FALSE,NA,NA,NA,NA,NA,https://doi.org/10.1109/gemic71240.2026.11516473,NA,NA,publishedVersion
,https://doi.org/10.1007/978-3-032-16234-2_8,2026,book-chapter,FALSE,Lecture notes in business information processing,https://openalex.org/S4210177767,1865-1348,https://openalex.org/P4310319900,Springer Nature,https://doi.org/10.1007/978-3-032-16234-2_8,NA,NA,publishedVersion
,https://doi.org/10.1007/978-3-032-16234-2_3,2026,book-chapter,FALSE,Lecture notes in business information processing,https://openalex.org/S4210177767,1865-1348,https://openalex.org/P4310319900,Springer Nature,https://doi.org/10.1007/978-3-032-16234-2_3,NA,NA,publishedVersion
,https://doi.org/10.5281/zenodo.20292451,2026,dataset,TRUE,Zenodo (CERN European Organization for Nuclear Research),https://openalex.org/S4306400562,NA,https://openalex.org/I67311998,European Organization for Nuclear Research,https://doi.org/10.5281/zenodo.20292451,NA,cc-by,NA
,https://doi.org/10.5281/zenodo.20292450,2026,dataset,TRUE,Zenodo (CERN European Organization for Nuclear Research),https://openalex.org/S4306400562,NA,https://openalex.org/I67311998,European Organization for Nuclear Research,https://doi.org/10.5281/zenodo.20292450,NA,cc-by,NA
,https://doi.org/10.1039/d6nr01480a,2026,article,TRUE,Nanoscale,https://openalex.org/S23181512,2040-3364,https://openalex.org/P4310320556,Royal Society of Chemistry,https://doi.org/10.1039/d6nr01480a,https://pubs.rsc.org/en/content/articlepdf/2026/nr/d6nr01480a,cc-by,publishedVersion
,https://doi.org/10.32347/2411-4049.2026.1.179-189,2026,article,TRUE,Environmental Safety and Natural Resources,https://openalex.org/S4210236315,2411-4049,https://openalex.org/P4310322573,Kyiv National University of Construction and Architecture,https://doi.org/10.32347/2411-4049.2026.1.179-189,NA,cc-by,publishedVersion
,https://doi.org/10.1109/ted.2026.3693664,2026,article,FALSE,IEEE Transactions on Electron Devices,https://openalex.org/S162355128,0018-9383,https://openalex.org/P4310319808,Institute of Electrical and Electronics Engineers,https://doi.org/10.1109/ted.2026.3693664,NA,NA,publishedVersion
,https://doi.org/10.1007/978-3-032-26836-5_34,2026,book-chapter,FALSE,Lecture notes in business information processing,https://openalex.org/S4210177767,1865-1348,https://openalex.org/P4310319900,Springer Nature,https://doi.org/10.1007/978-3-032-26836-5_34,NA,NA,publishedVersion
,https://doi.org/10.1007/978-3-032-26836-5_7,2026,book-chapter,FALSE,Lecture notes in business information processing,https://openalex.org/S4210177767,1865-1348,https://openalex.org/P4310319900,Springer Nature,https://doi.org/10.1007/978-3-032-26836-5_7,NA,NA,publishedVersion
,https://doi.org/10.1007/978-3-658-51669-7_2,2026,book-chapter,FALSE,NA,NA,NA,NA,NA,https://doi.org/10.1007/978-3-658-51669-7_2,NA,NA,publishedVersion
