id,display_name,orcid,author_position,is_corresponding,affiliations_id,affiliations_display_name,affiliations_ror,affiliations_country_code,affiliations_type,affiliations_lineage,affiliation_raw,doi,publication_year,type,is_oa,source_display_name,source_id,issn_l,host_organization,host_organization_name,landing_page_url,pdf_url,license,version
https://openalex.org/A5045936419,M. M. Abdelhamied,https://orcid.org/0000-0001-5235-6752,first,FALSE,https://openalex.org/I196349391,Universität Ulm,https://ror.org/032000t02,DE,education,https://openalex.org/I196349391,"Chemistry Department, Faculty of Science, Cairo University, Giza, 12613, Egypt",https://doi.org/10.1016/j.trac.2025.118487,2025,article,TRUE,TrAC Trends in Analytical Chemistry,https://openalex.org/S64920681,0165-9936,https://openalex.org/P4310320990,Elsevier BV,https://doi.org/10.1016/j.trac.2025.118487,NA,cc-by,publishedVersion
https://openalex.org/A5074645145,Nicola Lorenzoni,https://orcid.org/0000-0002-1372-1283,first,FALSE,https://openalex.org/I196349391,Universität Ulm,https://ror.org/032000t02,DE,education,https://openalex.org/I196349391,"Institute of Theoretical Physics and IQST, Albert-Einstein Allee 11, Ulm University, 89081 Ulm, Germany",https://doi.org/10.1126/sciadv.ady6751,2025,article,TRUE,Science Advances,https://openalex.org/S2737427234,2375-2548,https://openalex.org/P4310315823,American Association for the Advancement of Science,https://doi.org/10.1126/sciadv.ady6751,NA,cc-by-nc,publishedVersion
https://openalex.org/A5031575201,Lázaro Adrián González-Fernández,https://orcid.org/0000-0002-1085-3707,first,TRUE,https://openalex.org/I196349391,Universität Ulm,https://ror.org/032000t02,DE,education,https://openalex.org/I196349391,"Faculty of Sciences, University of Granada, 18071 Granada, Spain",https://doi.org/10.3390/catal15100946,2025,article,TRUE,Catalysts,https://openalex.org/S2738539744,2073-4344,https://openalex.org/P4310310987,Multidisciplinary Digital Publishing Institute,https://doi.org/10.3390/catal15100946,https://www.mdpi.com/2073-4344/15/10/946/pdf?version=1759382700,cc-by,publishedVersion
https://openalex.org/A5046064085,Stefanie Zorn,https://orcid.org/0000-0001-9375-4845,first,FALSE,https://openalex.org/I196349391,Universität Ulm,https://ror.org/032000t02,DE,education,https://openalex.org/I196349391,"Division of Pediatric Endocrinology and Diabetes, Center for Rare Endocrine Diseases, Department of Pediatrics and Adolescent Medicine, Ulm University Medical Center and German Center for Child and Adolescent Health (DZKJ), Ulm, Germany",https://doi.org/10.1038/s41591-025-03976-1,2025,article,TRUE,Nature Medicine,https://openalex.org/S203256638,1078-8956,https://openalex.org/P4310319908,Springer Nature,https://doi.org/10.1038/s41591-025-03976-1,https://www.nature.com/articles/s41591-025-03976-1.pdf,cc-by,publishedVersion
https://openalex.org/A5029102634,Stefan Pleus,https://orcid.org/0000-0003-4629-7754,first,TRUE,https://openalex.org/I196349391,Universität Ulm,https://ror.org/032000t02,DE,education,https://openalex.org/I196349391,"IFCC Scientific Division - Working Group on Continuous Glucose Monitoring, Italy; Institut für Diabetes-Technologie Ulm GmbH, Ulm, Germany. Electronic address: stefan.pleus@idt-ulm.de",https://doi.org/10.1016/j.cca.2025.120728,2025,article,TRUE,Clinica Chimica Acta,https://openalex.org/S207549998,0009-8981,https://openalex.org/P4310320990,Elsevier BV,https://doi.org/10.1016/j.cca.2025.120728,NA,cc-by,publishedVersion
https://openalex.org/A5089395073,Hartmut Döhner,https://orcid.org/0000-0003-2116-5536,first,TRUE,https://openalex.org/I196349391,Universität Ulm,https://ror.org/032000t02,DE,education,https://openalex.org/I196349391,"1Ulm University, Ulm, Germany",https://doi.org/10.1182/blood-2025-5199,2025,article,TRUE,Blood,https://openalex.org/S200071133,0006-4971,https://openalex.org/P4310320990,Elsevier BV,https://doi.org/10.1182/blood-2025-5199,https://ashpublications.org/blood/article-pdf/146/Supplement 1/5199/2457524/blood-7946-main.pdf,NA,publishedVersion
https://openalex.org/A5022396529,Philipp Seitz,https://orcid.org/0000-0001-6294-8970,first,FALSE,https://openalex.org/I196349391,Universität Ulm,https://ror.org/032000t02,DE,education,https://openalex.org/I196349391,"Institute of Organic Chemistry II and Advanced Materials, Ulm University, Albert-Einstein-Allee 11, 89081 Ulm, Germany",https://doi.org/10.1021/jacs.5c12590,2025,article,TRUE,Journal of the American Chemical Society,https://openalex.org/S111155417,0002-7863,https://openalex.org/P4310320006,American Chemical Society,https://doi.org/10.1021/jacs.5c12590,NA,cc-by,publishedVersion
https://openalex.org/A5115550071,Serkan Z. Damnali,https://orcid.org/0009-0000-1362-9703,first,TRUE,https://openalex.org/I196349391,Universität Ulm,https://ror.org/032000t02,DE,education,https://openalex.org/I196349391,"BMW AG, Battery Cell Competence Center, Lemgostraße 7, 80935, München, Germany",https://doi.org/10.1016/j.jpowsour.2025.238924,2025,article,TRUE,Journal of Power Sources,https://openalex.org/S177147899,0378-7753,https://openalex.org/P4310320990,Elsevier BV,https://doi.org/10.1016/j.jpowsour.2025.238924,NA,cc-by,publishedVersion
NA,Sabrina Weber,https://orcid.org/0009-0004-6004-6817,first,TRUE,https://openalex.org/I196349391,Universität Ulm,https://ror.org/032000t02,DE,education,https://openalex.org/I196349391,"Institute of Stochastics, Ulm University, 89069 Ulm, Germany",https://doi.org/10.1016/j.commatsci.2026.114491,2026,article,TRUE,Computational Materials Science,https://openalex.org/S26018076,0927-0256,https://openalex.org/P4310320990,Elsevier BV,https://doi.org/10.1016/j.commatsci.2026.114491,NA,cc-by,publishedVersion
https://openalex.org/A5099012733,Nina Parchmann,NA,first,TRUE,https://openalex.org/I196349391,Universität Ulm,https://ror.org/032000t02,DE,education,https://openalex.org/I196349391,"Institute of the History, Philosophy and Ethics of Medicine, Ulm University, Oberberghof 7, Ulm, 89081, Germany, 49 73150-39914",https://doi.org/10.2196/71568,2025,article,TRUE,JMIR Aging,https://openalex.org/S4210211124,2561-7605,NA,NA,https://doi.org/10.2196/71568,NA,cc-by,publishedVersion
https://openalex.org/A5046251058,Abhijit Basu,https://orcid.org/0000-0002-7176-250X,first,TRUE,https://openalex.org/I196349391,Universität Ulm,https://ror.org/032000t02,DE,education,https://openalex.org/I196349391,"Experimental Laboratories of the Department of Dermatology and Allergic Diseases, Ulm University, Ulm, Germany. Abhijit.basu@alumni.uni-ulm.de",https://doi.org/10.1038/s41420-025-02751-y,2025,article,TRUE,Cell Death Discovery,https://openalex.org/S2764515074,2058-7716,https://openalex.org/P4310319965,Springer Nature,https://doi.org/10.1038/s41420-025-02751-y,https://www.nature.com/articles/s41420-025-02751-y.pdf,cc-by,publishedVersion
https://openalex.org/A5104313753,Marit O. E. Steiner,NA,first,TRUE,https://openalex.org/I196349391,Universität Ulm,https://ror.org/032000t02,DE,education,https://openalex.org/I196349391,"Center for Integrated Quantum Science and Technology (IQST), Ulm University, Albert-Einstein-Allee 11, 89081 Ulm, Germany",https://doi.org/10.22331/q-2025-12-03-1928,2025,article,TRUE,Quantum,https://openalex.org/S4210226432,2521-327X,https://openalex.org/P4310317900,Verein zur Förderung des Open Access Publizierens in den Quantenwissenschaften,https://doi.org/10.22331/q-2025-12-03-1928,https://quantum-journal.org/papers/q-2025-12-03-1928/pdf/,cc-by,publishedVersion
https://openalex.org/A5111140520,Hao-Chen Hsiao,https://orcid.org/0000-0003-1915-6200,first,TRUE,https://openalex.org/I196349391,Universität Ulm,https://ror.org/032000t02,DE,education,https://openalex.org/I196349391,"Ulm University, Albert-Einstein-Allee 47, 89069 Ulm, Germany, Ulm, BW, 89069, GERMANY",https://doi.org/10.1149/1945-7111/ae2f9f,2025,article,TRUE,Journal of The Electrochemical Society,https://openalex.org/S138759888,0013-4651,https://openalex.org/P4310311669,Institute of Physics,https://doi.org/10.1149/1945-7111/ae2f9f,NA,cc-by,publishedVersion
https://openalex.org/A5023238489,Eleni Z. Giannopoulou,https://orcid.org/0009-0000-8803-670X,first,FALSE,https://openalex.org/I196349391,Universität Ulm,https://ror.org/032000t02,DE,education,https://openalex.org/I196349391,"Department of Pediatrics and Adolescent Medicine, Division of Pediatric Endocrinology and Diabetes, Center for Rare Endocrine Diseases, Ulm University, Ulm, Germany",https://doi.org/10.1186/s40348-025-00214-z,2026,article,TRUE,Molecular and Cellular Pediatrics,https://openalex.org/S2764482269,2194-7791,https://openalex.org/P4310319900,Springer Nature,https://doi.org/10.1186/s40348-025-00214-z,https://link.springer.com/content/pdf/10.1186/s40348-025-00214-z.pdf,cc-by,publishedVersion
https://openalex.org/A5124590591,Julia Baumeister,NA,first,FALSE,https://openalex.org/I196349391,Universität Ulm,https://ror.org/032000t02,DE,education,https://openalex.org/I196349391,"Global Development CMC Biologicals, Boehringer Ingelheim Pharma GmbH & Co. KG, Birkendorfer Strasse 65, 88397, Biberach an der Riss, Germany",https://doi.org/10.1038/s41598-026-40268-1,2026,article,TRUE,Scientific Reports,https://openalex.org/S196734849,2045-2322,https://openalex.org/P4310319908,Springer Nature,https://doi.org/10.1038/s41598-026-40268-1,https://www.nature.com/articles/s41598-026-40268-1_reference.pdf,cc-by-nc-nd,publishedVersion
https://openalex.org/A5006798449,Ana Macchia,https://orcid.org/0000-0001-7002-0793,first,TRUE,https://openalex.org/I196349391,Universität Ulm,https://ror.org/032000t02,DE,education,https://openalex.org/I196349391,"Ulm University, Clinic for Psychiatry/Psychotherapy III, Germany. Electronic address: ana.macchia@uni-ulm.de",https://doi.org/10.1016/j.jad.2025.120450,2025,article,TRUE,Journal of Affective Disorders,https://openalex.org/S113871862,0165-0327,https://openalex.org/P4310320990,Elsevier BV,https://doi.org/10.1016/j.jad.2025.120450,NA,cc-by,publishedVersion
https://openalex.org/A5068820436,Britta Höchsmann,https://orcid.org/0000-0003-2257-6601,first,TRUE,https://openalex.org/I196349391,Universität Ulm,https://ror.org/032000t02,DE,education,https://openalex.org/I196349391,"1Institute of Transfusion Medicine, University of Ulm, Ulm, Germany",https://doi.org/10.1182/bloodadvances.2025019253,2026,article,TRUE,Blood Advances,https://openalex.org/S2764683450,2473-9529,https://openalex.org/P4310320990,Elsevier BV,https://doi.org/10.1182/bloodadvances.2025019253,https://ashpublications.org/bloodadvances/article-pdf/doi/10.1182/bloodadvances.2025019253/2501805/bloodadvances.2025019253.pdf,cc-by-nc-nd,publishedVersion
https://openalex.org/A5113928301,Lisa K. Puntigam,NA,first,TRUE,https://openalex.org/I196349391,Universität Ulm,https://ror.org/032000t02,DE,education,https://openalex.org/I196349391,"Department of Otorhinolaryngology, Head & Neck Surgery, Ulm University Medical Center, Frauensteige 12, 89075 Ulm, Germany",https://doi.org/10.3390/cancers17193215,2025,article,TRUE,Cancers,https://openalex.org/S168415115,2072-6694,https://openalex.org/P4310310987,Multidisciplinary Digital Publishing Institute,https://doi.org/10.3390/cancers17193215,https://www.mdpi.com/2072-6694/17/19/3215/pdf?version=1759392580,cc-by,publishedVersion
https://openalex.org/A5008721759,Karmveer Singh,https://orcid.org/0000-0002-1237-7417,first,FALSE,https://openalex.org/I196349391,Universität Ulm,https://ror.org/032000t02,DE,education,https://openalex.org/I196349391,Aging Research Center (ARC)  89081 Ulm Germany,https://doi.org/10.1002/advs.202504920,2025,article,TRUE,Advanced Science,https://openalex.org/S2737737698,2198-3844,https://openalex.org/P4310320595,Wiley,https://doi.org/10.1002/advs.202504920,https://onlinelibrary.wiley.com/doi/pdfdirect/10.1002/advs.202504920,cc-by,publishedVersion
https://openalex.org/A5120190179,Larissa Schöneburg,NA,first,TRUE,https://openalex.org/I196349391,Universität Ulm,https://ror.org/032000t02,DE,education,https://openalex.org/I196349391,"Institute of Macromolecular and Organic Chemistry, Ulm University, Albert-Einstein-Allee 11, 89081, Ulm, Germany",https://doi.org/10.1039/d5tc02343b,2025,article,TRUE,Journal of Materials Chemistry C,https://openalex.org/S2500738039,2050-7526,https://openalex.org/P4310320556,Royal Society of Chemistry,https://doi.org/10.1039/d5tc02343b,https://pubs.rsc.org/en/content/articlepdf/2025/tc/d5tc02343b,cc-by,publishedVersion
https://openalex.org/A5002442029,Zongren Zhao,NA,first,FALSE,https://openalex.org/I196349391,Universität Ulm,https://ror.org/032000t02,DE,education,https://openalex.org/I196349391,"Department of Neurology, Ulm university, Ulm, Germany",https://doi.org/10.1097/js9.0000000000003909,2025,article,TRUE,International Journal of Surgery,https://openalex.org/S67965910,1743-9159,https://openalex.org/P4310318547,Wolters Kluwer,https://doi.org/10.1097/js9.0000000000003909,NA,cc-by-nc-sa,publishedVersion
https://openalex.org/A5092268124,Stefanie Lietz,NA,first,TRUE,https://openalex.org/I196349391,Universität Ulm,https://ror.org/032000t02,DE,education,https://openalex.org/I196349391,"Institute of Experimental and Clinical Pharmacology, Toxicology and Pharmacology of Natural Products, Ulm University Medical Center, 89081, Ulm, Germany",https://doi.org/10.1007/s00210-025-04744-1,2025,article,TRUE,Naunyn-Schmiedeberg s Archives of Pharmacology,https://openalex.org/S159534381,0028-1298,https://openalex.org/P4310319900,Springer Nature,https://doi.org/10.1007/s00210-025-04744-1,https://link.springer.com/content/pdf/10.1007/s00210-025-04744-1.pdf,cc-by,publishedVersion
https://openalex.org/A5006391910,Jochen Essers,https://orcid.org/0009-0000-3583-1953,first,TRUE,https://openalex.org/I196349391,Universität Ulm,https://ror.org/032000t02,DE,education,https://openalex.org/I196349391,"Section of Neonatology and Pediatric intensive care, Ulm University, Ulm, Germany",https://doi.org/10.1136/archdischild-2025-329407,2025,article,FALSE,Archives of Disease in Childhood Fetal & Neonatal,https://openalex.org/S35570472,1359-2998,https://openalex.org/P4310319945,BMJ,https://doi.org/10.1136/archdischild-2025-329407,NA,NA,publishedVersion
NA,Antonia Seitz,NA,first,TRUE,https://openalex.org/I196349391,Universität Ulm,https://ror.org/032000t02,DE,education,https://openalex.org/I196349391,"Institute of Neurobiochemistry, Ulm University, Albert-Einstein-Allee 11, 89081, Ulm, Germany",https://doi.org/10.1186/s13024-025-00913-1,2025,article,TRUE,Molecular Neurodegeneration,https://openalex.org/S40861184,1750-1326,https://openalex.org/P4310320256,Springer Nature,https://doi.org/10.1186/s13024-025-00913-1,https://link.springer.com/content/pdf/10.1186/s13024-025-00913-1.pdf,cc-by,publishedVersion
https://openalex.org/A5044586700,Stefanie Braig,https://orcid.org/0000-0003-0757-5045,first,TRUE,https://openalex.org/I196349391,Universität Ulm,https://ror.org/032000t02,DE,education,https://openalex.org/I196349391,"Institute of Epidemiology and Medical Biometry, Ulm University, Helmholtzstraße 22, 89081, Ulm, Germany. stefanie.braig@uni-ulm.de",https://doi.org/10.1186/s12889-025-26066-w,2025,article,TRUE,BMC Public Health,https://openalex.org/S200437886,1471-2458,https://openalex.org/P4310320256,Springer Nature,https://doi.org/10.1186/s12889-025-26066-w,NA,cc-by,publishedVersion
https://openalex.org/A5006940736,Robin Haag,https://orcid.org/0000-0002-0837-4846,first,TRUE,https://openalex.org/I196349391,Universität Ulm,https://ror.org/032000t02,DE,education,https://openalex.org/I196349391,"Institute of Medical Engineering and Mechatronics, Ulm University of Applied Sciences, Albert-Einstein-Allee 55, 89081 Ulm, Germany",https://doi.org/10.3390/pharmaceutics18010072,2026,article,TRUE,Pharmaceutics,https://openalex.org/S30283931,1999-4923,https://openalex.org/P4310310987,Multidisciplinary Digital Publishing Institute,https://doi.org/10.3390/pharmaceutics18010072,https://www.mdpi.com/1999-4923/18/1/72/pdf?version=1767615214,cc-by,publishedVersion
https://openalex.org/A5060870229,Dominik Stöckle,NA,first,TRUE,https://openalex.org/I196349391,Universität Ulm,https://ror.org/032000t02,DE,education,https://openalex.org/I196349391,"Department of Social Psychology, University of Ulm, Ulm, Germany",https://doi.org/10.1007/s11031-026-10197-7,2026,article,TRUE,Motivation and Emotion,https://openalex.org/S19400212,0146-7239,https://openalex.org/P4310319900,Springer Nature,https://doi.org/10.1007/s11031-026-10197-7,https://link.springer.com/content/pdf/10.1007/s11031-026-10197-7.pdf,cc-by,publishedVersion
https://openalex.org/A5038750351,Chantal Allgöwer,NA,first,FALSE,https://openalex.org/I196349391,Universität Ulm,https://ror.org/032000t02,DE,education,https://openalex.org/I196349391,"Institute of Molecular Oncology and Stem Cell Biology, Ulm University Hospital, Albert-Einstein-Allee 23, 89081, Ulm, Germany",https://doi.org/10.1186/s12943-025-02541-1,2026,article,TRUE,Molecular Cancer,https://openalex.org/S132829192,1476-4598,https://openalex.org/P4310320256,Springer Nature,https://doi.org/10.1186/s12943-025-02541-1,NA,cc-by,publishedVersion
https://openalex.org/A5128000120,Thomas Waldmann,NA,first,TRUE,https://openalex.org/I196349391,Universität Ulm,https://ror.org/032000t02,DE,education,https://openalex.org/I196349391,"HIU—Helmholtz Institute Ulm for Electrochemical Energy Storage, D-89081 Ulm, Germany",https://doi.org/10.1149/1945-7111/ae46e4,2026,article,TRUE,Journal of The Electrochemical Society,https://openalex.org/S138759888,0013-4651,https://openalex.org/P4310311669,Institute of Physics,https://doi.org/10.1149/1945-7111/ae46e4,NA,cc-by,publishedVersion
https://openalex.org/A5128892651,Andreas Lebedev,NA,first,TRUE,https://openalex.org/I196349391,Universität Ulm,https://ror.org/032000t02,DE,education,https://openalex.org/I196349391,"Institute of Energy Engineering and Energy Economics, Ulm University of Applied Sciences, Ulm, Germany",https://doi.org/10.1109/access.2026.3672716,2026,article,TRUE,IEEE Access,https://openalex.org/S2485537415,2169-3536,https://openalex.org/P4310319808,Institute of Electrical and Electronics Engineers,https://doi.org/10.1109/access.2026.3672716,NA,cc-by,publishedVersion
https://openalex.org/A5003589733,Nataša Trkulja,https://orcid.org/0000-0003-2945-4869,first,TRUE,https://openalex.org/I196349391,Universität Ulm,https://ror.org/032000t02,DE,education,https://openalex.org/I196349391,"Institute of Distributed Systems, Ulm University, Ulm, Germany",https://doi.org/10.1145/3736130.3762691,2025,article,TRUE,NA,NA,NA,NA,NA,https://doi.org/10.1145/3736130.3762691,NA,cc-by,publishedVersion
https://openalex.org/A5100952415,Yuhua Ma,https://orcid.org/0009-0000-1072-6890,first,TRUE,https://openalex.org/I196349391,Universität Ulm,https://ror.org/032000t02,DE,education,https://openalex.org/I196349391,"German Center for Neurodegenerative Diseases (DZNE), Ulm site, 89081, Ulm, Germany",https://doi.org/10.1038/s41380-025-03333-1,2025,article,TRUE,Molecular Psychiatry,https://openalex.org/S71149355,1359-4184,https://openalex.org/P4310319965,Springer Nature,https://doi.org/10.1038/s41380-025-03333-1,https://www.nature.com/articles/s41380-025-03333-1.pdf,cc-by,publishedVersion
https://openalex.org/A5028903823,Luisa Rzesny,https://orcid.org/0000-0003-1594-1148,first,FALSE,https://openalex.org/I196349391,Universität Ulm,https://ror.org/032000t02,DE,education,https://openalex.org/I196349391,Institute of Organic Chemistry II and Advanced Materials Ulm University  Albert‐Einstein‐Allee 11 89081 Ulm Germany,https://doi.org/10.1002/anie.202516208,2025,article,TRUE,Angewandte Chemie International Edition,https://openalex.org/S67393510,1433-7851,https://openalex.org/P4310320595,Wiley,https://doi.org/10.1002/anie.202516208,https://onlinelibrary.wiley.com/doi/pdfdirect/10.1002/anie.202516208,cc-by,publishedVersion
https://openalex.org/A5065440334,Marvin Klimke,https://orcid.org/0000-0003-2647-9673,first,TRUE,https://openalex.org/I196349391,Universität Ulm,https://ror.org/032000t02,DE,education,https://openalex.org/I196349391,"Institute of Measurement, Control and Microtechnology, Ulm University, Ulm, Germany",https://doi.org/10.1109/mits.2025.3643199,2026,preprint,FALSE,IEEE Intelligent Transportation Systems Magazine,https://openalex.org/S131000621,1939-1390,https://openalex.org/P4310319808,Institute of Electrical and Electronics Engineers,https://doi.org/10.1109/mits.2025.3643199,NA,NA,publishedVersion
https://openalex.org/A5109791522,Yu Liu,NA,first,TRUE,https://openalex.org/I196349391,Universität Ulm,https://ror.org/032000t02,DE,education,https://openalex.org/I196349391,Universität Ulm,https://doi.org/10.1103/185z-nxt1,2026,preprint,TRUE,Physical Review Applied,https://openalex.org/S2764453006,2331-7019,https://openalex.org/P4310320261,American Physical Society,https://doi.org/10.1103/185z-nxt1,NA,cc-by,publishedVersion
https://openalex.org/A5114108706,Nicolai Jurek Gerber,https://orcid.org/0009-0009-6658-5367,first,TRUE,https://openalex.org/I196349391,Universität Ulm,https://ror.org/032000t02,DE,education,https://openalex.org/I196349391,"Universität Ulm - Ulm University [Ulm, Allemagne] (Helmholtzstraße 16, 89081 Ulm - Germany)",https://doi.org/10.3934/krm.2025021,2025,article,TRUE,Kinetic and Related Models,https://openalex.org/S145400011,1937-5077,https://openalex.org/P4310315844,American Institute of Mathematical Sciences,https://doi.org/10.3934/krm.2025021,https://www.aimsciences.org/data/article/export-pdf?id=68f2046550e6d258f0187826,cc-by,publishedVersion
https://openalex.org/A5030837197,Akbar Valaei,NA,first,FALSE,https://openalex.org/I196349391,Universität Ulm,https://ror.org/032000t02,DE,education,https://openalex.org/I196349391,"Institute of Chemical Engineering, Ulm University, Albert-Einstein-Allee 11, 89081 Ulm, Germany",https://doi.org/10.1016/j.cej.2025.168924,2025,article,TRUE,Chemical Engineering Journal,https://openalex.org/S149937609,1385-8947,https://openalex.org/P4310320990,Elsevier BV,https://doi.org/10.1016/j.cej.2025.168924,NA,cc-by,publishedVersion
NA,Jona Röscheise,https://orcid.org/0000-0002-8665-4026,first,TRUE,https://openalex.org/I196349391,Universität Ulm,https://ror.org/032000t02,DE,education,https://openalex.org/I196349391,Department of Gene Therapy University Ulm  Ulm Germany,https://doi.org/10.1002/biot.70135,2025,article,TRUE,Biotechnology Journal,https://openalex.org/S31411064,1860-6768,https://openalex.org/P4310320595,Wiley,https://doi.org/10.1002/biot.70135,https://onlinelibrary.wiley.com/doi/pdfdirect/10.1002/biot.70135,cc-by,publishedVersion
https://openalex.org/A5119886980,Stefanie Erlebach,NA,first,FALSE,https://openalex.org/I196349391,Universität Ulm,https://ror.org/032000t02,DE,education,https://openalex.org/I196349391,"Institute of Business Analytics, University of Ulm, Ulm, Germany",https://doi.org/10.1016/j.dss.2025.114546,2025,article,TRUE,Decision Support Systems,https://openalex.org/S11479521,0167-9236,https://openalex.org/P4310320990,Elsevier BV,https://doi.org/10.1016/j.dss.2025.114546,NA,cc-by,publishedVersion
https://openalex.org/A5116628746,Franziska Reinhard,NA,first,TRUE,https://openalex.org/I196349391,Universität Ulm,https://ror.org/032000t02,DE,education,https://openalex.org/I196349391,"Humboldt Center for Philosophy and the Humanities, Ulm University, Ulm, Germany",https://doi.org/10.1007/s11229-025-05284-0,2025,article,TRUE,Synthese,https://openalex.org/S255146,0039-7857,https://openalex.org/P4310319900,Springer Nature,https://doi.org/10.1007/s11229-025-05284-0,https://link.springer.com/content/pdf/10.1007/s11229-025-05284-0.pdf,cc-by,publishedVersion
https://openalex.org/A5027728209,Robin Weßling,https://orcid.org/0000-0002-6055-4545,first,FALSE,https://openalex.org/I196349391,Universität Ulm,https://ror.org/032000t02,DE,education,https://openalex.org/I196349391,"Institute of Organic Chemistry II and Advanced Materials, Ulm University, Albert-Einstein-Allee 11, 89081 Ulm, Germany",https://doi.org/10.1021/acs.orglett.5c03752,2025,article,TRUE,Organic Letters,https://openalex.org/S201989124,1523-7052,https://openalex.org/P4310320006,American Chemical Society,https://doi.org/10.1021/acs.orglett.5c03752,NA,cc-by,publishedVersion
https://openalex.org/A5015272743,Holger Woehrle,https://orcid.org/0000-0001-6588-5039,first,TRUE,https://openalex.org/I196349391,Universität Ulm,https://ror.org/032000t02,DE,education,https://openalex.org/I196349391,"Schlaf- und Beatmungszentrum Blaubeuren, Lungenzentrum Ulm, Olgastr. 83, 89073, Ulm, Deutschland. hwoehrle@lungenzentrum-ulm.de",https://doi.org/10.1007/s00108-025-02006-z,2025,article,FALSE,Die Innere Medizin,https://openalex.org/S4387280290,2731-7080,https://openalex.org/P4310319900,Springer Nature,https://doi.org/10.1007/s00108-025-02006-z,NA,NA,publishedVersion
https://openalex.org/A5034005004,Alexander Behnke,https://orcid.org/0000-0002-4128-9627,first,TRUE,https://openalex.org/I196349391,Universität Ulm,https://ror.org/032000t02,DE,education,https://openalex.org/I196349391,"Clinical & Biological Psychology, Institute of Psychology and Education, Ulm University, D-89081 Ulm, Germany",https://doi.org/10.1016/j.bbi.2026.106825,2025,preprint,TRUE,Brain Behavior and Immunity,https://openalex.org/S102243518,0889-1591,https://openalex.org/P4310320990,Elsevier BV,https://doi.org/10.1016/j.bbi.2026.106825,NA,cc-by,publishedVersion
https://openalex.org/A5015272743,Holger Woehrle,https://orcid.org/0000-0001-6588-5039,first,TRUE,https://openalex.org/I196349391,Universität Ulm,https://ror.org/032000t02,DE,education,https://openalex.org/I196349391,"Sleep and Ventilation Center Blaubeuren, Lung Center Ulm, Olgastr. 83, Ulm, 89,073, Germany. hwoehrle@lungenzentrum-ulm.de",https://doi.org/10.1007/s11325-025-03517-7,2025,article,TRUE,Sleep And Breathing,https://openalex.org/S169018744,1520-9512,https://openalex.org/P4310319900,Springer Nature,https://doi.org/10.1007/s11325-025-03517-7,https://link.springer.com/content/pdf/10.1007/s11325-025-03517-7.pdf,cc-by-nc-nd,publishedVersion
https://openalex.org/A5068697510,Franziska Marek,NA,first,TRUE,https://openalex.org/I196349391,Universität Ulm,https://ror.org/032000t02,DE,education,https://openalex.org/I196349391,"Department of Psychiatry and Psychotherapy II, Ulm University, Ulm, Guenzburg, Germany",https://doi.org/10.1371/journal.pone.0334964,2025,article,TRUE,PLoS ONE,https://openalex.org/S202381698,1932-6203,https://openalex.org/P4310315706,Public Library of Science,https://doi.org/10.1371/journal.pone.0334964,NA,cc-by,publishedVersion
https://openalex.org/A5028989061,Angela Rosenbohm,https://orcid.org/0000-0001-9700-0338,first,TRUE,https://openalex.org/I196349391,Universität Ulm,https://ror.org/032000t02,DE,education,https://openalex.org/I196349391,"Department of Neurology, University Hospital Ulm, Oberer Eselsberg 45, 89081, Ulm, Germany. angela.rosenbohm@uni-ulm.de",https://doi.org/10.1007/s00415-025-13468-4,2025,article,TRUE,Journal of Neurology,https://openalex.org/S175814247,0340-5354,https://openalex.org/P4310319900,Springer Nature,https://doi.org/10.1007/s00415-025-13468-4,https://link.springer.com/content/pdf/10.1007/s00415-025-13468-4.pdf,cc-by,publishedVersion
https://openalex.org/A5054795067,Patrick Thiam,https://orcid.org/0000-0002-6769-8410,first,TRUE,https://openalex.org/I196349391,Universität Ulm,https://ror.org/032000t02,DE,education,https://openalex.org/I196349391,"Institute of Medical Systems Biology, Ulm University, Albert-Einstein-Allee 11, 89069 Ulm, Germany",https://doi.org/10.3390/computers14110457,2025,article,TRUE,Computers,https://openalex.org/S4210228075,2073-431X,https://openalex.org/P4310310987,Multidisciplinary Digital Publishing Institute,https://doi.org/10.3390/computers14110457,https://www.mdpi.com/2073-431X/14/11/457/pdf?version=1761271066,cc-by,publishedVersion
https://openalex.org/A5044482615,Andrey A. Koverga,https://orcid.org/0000-0001-7417-0959,first,TRUE,https://openalex.org/I196349391,Universität Ulm,https://ror.org/032000t02,DE,education,https://openalex.org/I196349391,"Institute of Theoretical Chemistry, Ulm University, Ulm, Germany",https://doi.org/10.1016/j.apsusc.2025.164918,2025,article,TRUE,Applied Surface Science,https://openalex.org/S42323631,0169-4332,https://openalex.org/P4310320990,Elsevier BV,https://doi.org/10.1016/j.apsusc.2025.164918,NA,cc-by,publishedVersion
https://openalex.org/A5010439729,Sophie Hoehne,https://orcid.org/0000-0002-0491-5473,first,TRUE,https://openalex.org/I196349391,Universität Ulm,https://ror.org/032000t02,DE,education,https://openalex.org/I196349391,"Department of Developmental Psychology, Institute of Psychology and Education Ulm University  Ulm Germany",https://doi.org/10.1111/sjop.70039,2025,article,TRUE,Scandinavian Journal of Psychology,https://openalex.org/S34816297,0036-5564,https://openalex.org/P4310320595,Wiley,https://doi.org/10.1111/sjop.70039,https://onlinelibrary.wiley.com/doi/pdfdirect/10.1111/sjop.70039,cc-by,publishedVersion
https://openalex.org/A5114613715,Thiemo Herbel,NA,first,TRUE,https://openalex.org/I196349391,Universität Ulm,https://ror.org/032000t02,DE,education,https://openalex.org/I196349391,"Institute of Electronic Devices and Circuits, Ulm University,Germany",https://doi.org/10.1109/bcicts63111.2025.11211328,2025,article,FALSE,NA,NA,NA,NA,NA,https://doi.org/10.1109/bcicts63111.2025.11211328,NA,NA,publishedVersion
https://openalex.org/A5114613715,Thiemo Herbel,NA,first,TRUE,https://openalex.org/I196349391,Universität Ulm,https://ror.org/032000t02,DE,education,https://openalex.org/I196349391,"Institute of Electronic Devices and Circuits, Ulm University,Ulm,Germany",https://doi.org/10.1109/bcicts63111.2025.11211415,2025,article,FALSE,NA,NA,NA,NA,NA,https://doi.org/10.1109/bcicts63111.2025.11211415,NA,NA,publishedVersion
https://openalex.org/A5057104616,Petra Schmid,https://orcid.org/0000-0002-9066-4147,first,TRUE,https://openalex.org/I196349391,Universität Ulm,https://ror.org/032000t02,DE,education,https://openalex.org/I196349391,"Klinik für Psychiatrie und Psychotherapie I (Weissenau), Universität Ulm, 89081 Ulm, Germany",https://doi.org/10.3390/healthcare13212808,2025,article,TRUE,Healthcare,https://openalex.org/S4210214101,2227-9032,https://openalex.org/P4310310987,Multidisciplinary Digital Publishing Institute,https://doi.org/10.3390/healthcare13212808,https://www.mdpi.com/2227-9032/13/21/2808/pdf?version=1762336498,cc-by,publishedVersion
https://openalex.org/A5114676985,Johanna U Braisch,NA,first,TRUE,https://openalex.org/I196349391,Universität Ulm,https://ror.org/032000t02,DE,education,https://openalex.org/I196349391,"Agaplesion Bethesda Clinic, Ulm, Germany; Institute of Epidemiology and Medical Biometry, Ulm University, Ulm, Germany; Geriatrisches Zentrum Ulm/Alb-Donau, Ulm, Germany; Institute of Geriatric Research, Ulm University Medical Center, Ulm, Germany. Electronic address: johanna.braisch@uni-ulm.de",https://doi.org/10.1016/j.exger.2025.112959,2025,article,TRUE,Experimental Gerontology,https://openalex.org/S122591147,0531-5565,https://openalex.org/P4310320990,Elsevier BV,https://doi.org/10.1016/j.exger.2025.112959,NA,cc-by-nc-nd,publishedVersion
https://openalex.org/A5046251058,Abhijit Basu,https://orcid.org/0000-0002-7176-250X,first,TRUE,https://openalex.org/I196349391,Universität Ulm,https://ror.org/032000t02,DE,education,https://openalex.org/I196349391,Aging Research Center (ARC) University of Ulm  Ulm Germany,https://doi.org/10.1111/acel.70239,2025,article,TRUE,Aging Cell,https://openalex.org/S174672550,1474-9718,https://openalex.org/P4310320595,Wiley,https://doi.org/10.1111/acel.70239,NA,cc-by,publishedVersion
https://openalex.org/A5119233253,Hanspeter Frey,NA,first,TRUE,https://openalex.org/I196349391,Universität Ulm,https://ror.org/032000t02,DE,education,https://openalex.org/I196349391,"Institute of Pathology, University of Ulm, Ulm, Germany",https://doi.org/10.1159/000548706,2025,review,FALSE,Visceral Medicine,https://openalex.org/S2765013292,2297-4725,https://openalex.org/P4310317820,Karger Publishers,https://doi.org/10.1159/000548706,NA,NA,publishedVersion
https://openalex.org/A5092211534,Omar W. Elkhafif,https://orcid.org/0000-0002-3934-5028,first,FALSE,https://openalex.org/I196349391,Universität Ulm,https://ror.org/032000t02,DE,education,https://openalex.org/I196349391,Institute of Electrochemistry Ulm University  Ulm Germany,https://doi.org/10.1002/aenm.202505315,2025,article,TRUE,Advanced Energy Materials,https://openalex.org/S2502627819,1614-6832,https://openalex.org/P4310320595,Wiley,https://doi.org/10.1002/aenm.202505315,https://onlinelibrary.wiley.com/doi/pdfdirect/10.1002/aenm.202505315,cc-by,publishedVersion
https://openalex.org/A5034933691,Gabriela Wójtowicz,https://orcid.org/0000-0002-0321-7411,first,TRUE,https://openalex.org/I196349391,Universität Ulm,https://ror.org/032000t02,DE,education,https://openalex.org/I196349391,Universität Ulm,https://doi.org/10.1103/xjln-7ddy,2025,article,TRUE,"Physical review. A/Physical review, A",https://openalex.org/S4210182288,2469-9926,https://openalex.org/P4310320261,American Physical Society,https://doi.org/10.1103/xjln-7ddy,NA,cc-by,publishedVersion
https://openalex.org/A5070895475,Julia C. Glöggler,https://orcid.org/0000-0002-9639-7676,first,TRUE,https://openalex.org/I196349391,Universität Ulm,https://ror.org/032000t02,DE,education,https://openalex.org/I196349391,"Department of Orthodontics, Ulm University, Albert-Einstein-Allee 11, Ulm, 89081, Germany. juliagloeggler@web.de",https://doi.org/10.1186/s13005-025-00561-2,2025,article,TRUE,Head & Face Medicine,https://openalex.org/S4480651,1746-160X,https://openalex.org/P4310320256,Springer Nature,https://doi.org/10.1186/s13005-025-00561-2,NA,cc-by,publishedVersion
https://openalex.org/A5092012570,Oliver Küppers,https://orcid.org/0000-0003-2710-6377,first,FALSE,https://openalex.org/I196349391,Universität Ulm,https://ror.org/032000t02,DE,education,https://openalex.org/I196349391,"Institute of Orthopaedic Research and Biomechanics, Ulm University Medical Center, Ulm, Germany",https://doi.org/10.3389/fimmu.2025.1712152,2025,article,TRUE,Frontiers in Immunology,https://openalex.org/S2595292759,1664-3224,https://openalex.org/P4310320527,Frontiers Media,https://doi.org/10.3389/fimmu.2025.1712152,NA,cc-by,publishedVersion
https://openalex.org/A5076193974,Leonie Ruths,NA,first,TRUE,https://openalex.org/I196349391,Universität Ulm,https://ror.org/032000t02,DE,education,https://openalex.org/I196349391,"Department of Orthopaedics, Division for Biochemistry of Joint and Connective Tissue Diseases, University of Ulm, Ulm, 89081, Germany",https://doi.org/10.1186/s13075-025-03691-9,2025,article,TRUE,Arthritis Research & Therapy,https://openalex.org/S149170128,1478-6354,https://openalex.org/P4310320256,Springer Nature,https://doi.org/10.1186/s13075-025-03691-9,https://link.springer.com/content/pdf/10.1186/s13075-025-03691-9.pdf,cc-by,publishedVersion
https://openalex.org/A5116175278,Sven Bottesch,NA,first,TRUE,https://openalex.org/I196349391,Universität Ulm,https://ror.org/032000t02,DE,education,https://openalex.org/I196349391,"Institute of Business Analytics, University of Ulm, Helmholtzstraße 22, 89081, Ulm, Germany",https://doi.org/10.1007/s12525-025-00842-3,2025,article,TRUE,Electronic Markets,https://openalex.org/S137519996,1019-6781,https://openalex.org/P4310319900,Springer Nature,https://doi.org/10.1007/s12525-025-00842-3,NA,cc-by,publishedVersion
https://openalex.org/A5112138848,Stephan Frisch,https://orcid.org/0000-0003-3231-0161,first,TRUE,https://openalex.org/I196349391,Universität Ulm,https://ror.org/032000t02,DE,education,https://openalex.org/I196349391,"Division Medical Psychology, Department of Psychosomatic Medicine and Psychotherapy, Ulm University Medical Center, Ulm, Germany. Electronic address: stephan.frisch@uni-ulm.de",https://doi.org/10.1016/j.jpsychires.2025.11.032,2025,letter,TRUE,Journal of Psychiatric Research,https://openalex.org/S160879026,0022-3956,https://openalex.org/P4310320990,Elsevier BV,https://doi.org/10.1016/j.jpsychires.2025.11.032,NA,cc-by,publishedVersion
https://openalex.org/A5080066501,S. Baumgart,https://orcid.org/0000-0002-4121-5521,first,TRUE,https://openalex.org/I196349391,Universität Ulm,https://ror.org/032000t02,DE,education,https://openalex.org/I196349391,"Institute of Theoretical Chemistry, Ulm University, Oberberghof 7, 89081 Ulm, Germany",https://doi.org/10.1039/d5eb00211g,2025,article,TRUE,EES batteries.,https://openalex.org/S4404663996,3033-4071,https://openalex.org/P4310320556,Royal Society of Chemistry,https://doi.org/10.1039/d5eb00211g,https://pubs.rsc.org/en/content/articlepdf/2026/eb/d5eb00211g,cc-by,publishedVersion
https://openalex.org/A5052497667,Christopher Leist,https://orcid.org/0000-0003-1980-5485,first,FALSE,https://openalex.org/I196349391,Universität Ulm,https://ror.org/032000t02,DE,education,https://openalex.org/I196349391,Central Facility Materials Science Electron Microscopy,https://doi.org/10.1021/acsnano.5c08201,2025,article,TRUE,ACS Nano,https://openalex.org/S145476921,1936-0851,https://openalex.org/P4310320006,American Chemical Society,https://doi.org/10.1021/acsnano.5c08201,NA,cc-by,publishedVersion
https://openalex.org/A5008484351,Albert C. Ludolph,https://orcid.org/0000-0002-5401-0904,first,FALSE,https://openalex.org/I196349391,Universität Ulm,https://ror.org/032000t02,DE,education,https://openalex.org/I196349391,"Department of Neurology, University of Ulm, Germany",https://doi.org/10.64898/2025.12.08.25341479,2025,preprint,TRUE,medRxiv,https://openalex.org/S3005729997,NA,NA,NA,https://doi.org/10.64898/2025.12.08.25341479,https://www.medrxiv.org/content/medrxiv/early/2025/12/10/2025.12.08.25341479.full.pdf,cc-by-nc-nd,acceptedVersion
https://openalex.org/A5113640404,Gustavo Costa,https://orcid.org/0000-0001-8783-374X,first,TRUE,https://openalex.org/I196349391,Universität Ulm,https://ror.org/032000t02,DE,education,https://openalex.org/I196349391,"Department of Nuclear Medicine, Ulm University, 89081 Ulm, Germany",https://doi.org/10.3390/cancers17243957,2025,article,TRUE,Cancers,https://openalex.org/S168415115,2072-6694,https://openalex.org/P4310310987,Multidisciplinary Digital Publishing Institute,https://doi.org/10.3390/cancers17243957,https://www.mdpi.com/2072-6694/17/24/3957/pdf,cc-by,publishedVersion
https://openalex.org/A5061706536,Eva Rothermund,https://orcid.org/0000-0002-8295-2632,first,TRUE,https://openalex.org/I196349391,Universität Ulm,https://ror.org/032000t02,DE,education,https://openalex.org/I196349391,"Department of Psychosomatic Medicine and Psychotherapy, Ulm University Medical Center, Ulm, Germany, eva.rothermund@uni-ulm.de",https://doi.org/10.1159/000549531,2025,article,TRUE,Psychotherapy and Psychosomatics,https://openalex.org/S184803288,0033-3190,https://openalex.org/P4310317820,Karger Publishers,https://doi.org/10.1159/000549531,https://karger.com/pps/article-pdf/doi/10.1159/000549531/4480219/000549531.pdf,cc-by-nc,publishedVersion
https://openalex.org/A5052737543,Swetlana Kreinert,https://orcid.org/0009-0007-8248-5222,first,TRUE,https://openalex.org/I196349391,Universität Ulm,https://ror.org/032000t02,DE,education,https://openalex.org/I196349391,"Institute of Botany, Ulm University , Albert-Einstein-Allee 11, Ulm 89081 ,",https://doi.org/10.1093/aobpla/plaf072,2025,article,TRUE,AoB Plants,https://openalex.org/S77453907,2041-2851,https://openalex.org/P4310311648,Oxford University Press,https://doi.org/10.1093/aobpla/plaf072,https://academic.oup.com/aobpla/article-pdf/17/6/plaf072/65827561/plaf072.pdf,cc-by,publishedVersion
https://openalex.org/A5073344037,Cedric Sachser,https://orcid.org/0000-0002-9353-7936,first,FALSE,https://openalex.org/I196349391,Universität Ulm,https://ror.org/032000t02,DE,education,https://openalex.org/I196349391,"German Center for Mental Health (DZPG), Partner Site Ulm",https://doi.org/10.1080/20008066.2025.2589566,2025,article,TRUE,European journal of psychotraumatology,https://openalex.org/S2737785665,2000-8066,https://openalex.org/P4310320547,Taylor & Francis,https://doi.org/10.1080/20008066.2025.2589566,NA,cc-by-nc,publishedVersion
https://openalex.org/A5033103806,Carlos Pankratz,https://orcid.org/0000-0002-0438-537X,first,TRUE,https://openalex.org/I196349391,Universität Ulm,https://ror.org/032000t02,DE,education,https://openalex.org/I196349391,"Department of Trauma-, Hand-, Plastic- and Reconstructive Surgery, University Ulm Medical Centre, Albert-Einstein-Allee 23, 89081, Ulm, Germany. carlos.pankratz@uniklinik-ulm.de",https://doi.org/10.1186/s12877-025-06913-6,2025,article,TRUE,BMC Geriatrics,https://openalex.org/S14643628,1471-2318,https://openalex.org/P4310320256,Springer Nature,https://doi.org/10.1186/s12877-025-06913-6,NA,cc-by,publishedVersion
https://openalex.org/A5059056244,Erik Rasbach,https://orcid.org/0000-0002-0807-3058,first,FALSE,https://openalex.org/I196349391,Universität Ulm,https://ror.org/032000t02,DE,education,https://openalex.org/I196349391,"Department of Dermatology, Brigham and Women's Hospital, Harvard Medical School, Boston, MA, 02115, USA",https://doi.org/10.1186/s12943-025-02527-z,2025,article,TRUE,Molecular Cancer,https://openalex.org/S132829192,1476-4598,https://openalex.org/P4310320256,Springer Nature,https://doi.org/10.1186/s12943-025-02527-z,NA,cc-by-nc-nd,publishedVersion
NA,Andreas Bauer,NA,first,TRUE,https://openalex.org/I196349391,Universität Ulm,https://ror.org/032000t02,DE,education,https://openalex.org/I196349391,"Department of Traumasurgery and Orthopaedics, Reconstructive and Septic Surgery, Sports Traumatology, German Armed Forces Hospital Ulm, Ulm, Germany",https://doi.org/10.1097/shk.0000000000002762,2025,article,FALSE,Shock,https://openalex.org/S174819509,1073-2322,https://openalex.org/P4310315671,Wolters Kluwer,https://doi.org/10.1097/shk.0000000000002762,NA,NA,publishedVersion
https://openalex.org/A5091234648,Benedikt Keitel,https://orcid.org/0000-0002-9064-7224,first,TRUE,https://openalex.org/I196349391,Universität Ulm,https://ror.org/032000t02,DE,education,https://openalex.org/I196349391,"Hahn-Schickard, Sedanstraße 14, 89077 Ulm, Germany",https://doi.org/10.1016/j.isci.2025.114539,2025,article,TRUE,iScience,https://openalex.org/S2898358376,2589-0042,https://openalex.org/P4310315673,Elsevier BV,https://doi.org/10.1016/j.isci.2025.114539,NA,cc-by,publishedVersion
https://openalex.org/A5020706268,Ramona Hiltensperger,https://orcid.org/0000-0003-2544-4188,first,TRUE,https://openalex.org/I196349391,Universität Ulm,https://ror.org/032000t02,DE,education,https://openalex.org/I196349391,"Department of Psychiatry II, Ulm University",https://doi.org/10.1080/00207411.2025.2604341,2025,article,TRUE,International Journal of Mental Health,https://openalex.org/S202175431,0020-7411,https://openalex.org/P4310320547,Taylor & Francis,https://doi.org/10.1080/00207411.2025.2604341,NA,cc-by,publishedVersion
https://openalex.org/A5019230749,Andreas Spilz,https://orcid.org/0000-0002-9419-0663,first,TRUE,https://openalex.org/I196349391,Universität Ulm,https://ror.org/032000t02,DE,education,https://openalex.org/I196349391,"AI for Sensor Data Analytics Research Group, Ulm University of Applied Sciences, Ulm, 89081, Germany",https://doi.org/10.1038/s41597-025-06439-x,2025,article,TRUE,Scientific Data,https://openalex.org/S2607323502,2052-4463,https://openalex.org/P4310319908,Springer Nature,https://doi.org/10.1038/s41597-025-06439-x,NA,cc-by-nc-nd,publishedVersion
https://openalex.org/A5005640493,Júlia Richter Hummel,https://orcid.org/0000-0003-4817-4870,first,FALSE,https://openalex.org/I196349391,Universität Ulm,https://ror.org/032000t02,DE,education,https://openalex.org/I196349391,"Division of Endocrinology and Diabetology, Department of Internal Medicine I, University of Ulm, Ulm, Germany",https://doi.org/10.1038/s42003-025-09341-9,2026,article,TRUE,Communications Biology,https://openalex.org/S4210225776,2399-3642,https://openalex.org/P4310319908,Springer Nature,https://doi.org/10.1038/s42003-025-09341-9,https://www.nature.com/articles/s42003-025-09341-9_reference.pdf,cc-by,publishedVersion
https://openalex.org/A5030238006,Dominik Blaimer,NA,first,FALSE,https://openalex.org/I196349391,Universität Ulm,https://ror.org/032000t02,DE,education,https://openalex.org/I196349391,"Institute of Analytical and Bioanalytical Chemistry, Ulm University, Ulm 89081, Germany",https://doi.org/10.1016/j.sab.2026.107453,2026,article,TRUE,Spectrochimica Acta Part B Atomic Spectroscopy,https://openalex.org/S103398315,0584-8547,https://openalex.org/P4310320990,Elsevier BV,https://doi.org/10.1016/j.sab.2026.107453,NA,cc-by,publishedVersion
https://openalex.org/A5122810035,Luis Víquez-R,NA,first,TRUE,https://openalex.org/I196349391,Universität Ulm,https://ror.org/032000t02,DE,education,https://openalex.org/I196349391,"Biology Department, Bucknell University , One Dent Drive , Lewisburg, PA, 17837,",https://doi.org/10.1093/jmammal/gyaf080,2025,article,FALSE,Journal of Mammalogy,https://openalex.org/S165569574,0022-2372,https://openalex.org/P4310311648,Oxford University Press,https://doi.org/10.1093/jmammal/gyaf080,NA,NA,publishedVersion
https://openalex.org/A5107585531,Luca Franziska Hörner,NA,first,TRUE,https://openalex.org/I196349391,Universität Ulm,https://ror.org/032000t02,DE,education,https://openalex.org/I196349391,"Institute of Databases and Information Systems, Ulm University, 89081, Ulm, Baden-Württemberg, Germany",https://doi.org/10.1007/s12599-025-00983-x,2026,article,TRUE,Business & Information Systems Engineering,https://openalex.org/S27339233,1867-0202,https://openalex.org/P4310319965,Springer Nature,https://doi.org/10.1007/s12599-025-00983-x,https://link.springer.com/content/pdf/10.1007/s12599-025-00983-x.pdf,cc-by,publishedVersion
https://openalex.org/A5057390671,Lara Bareis,https://orcid.org/0000-0002-4046-3689,first,TRUE,https://openalex.org/I196349391,Universität Ulm,https://ror.org/032000t02,DE,education,https://openalex.org/I196349391,"Institute of Molecular Genetics and Cell Biology 1 , Department of Biology , , James-Franck-Ring N27, D-89081 Ulm ,",https://doi.org/10.1242/jcs.264236,2026,article,TRUE,Journal of Cell Science,https://openalex.org/S5677253,0021-9533,https://openalex.org/P4310311847,The Company of Biologists,https://doi.org/10.1242/jcs.264236,NA,cc-by,publishedVersion
https://openalex.org/A5007179707,Sophie Hofmann,NA,first,TRUE,https://openalex.org/I196349391,Universität Ulm,https://ror.org/032000t02,DE,education,https://openalex.org/I196349391,"Department of Psychosomatic Medicine and Psychotherapy, Ulm University Medical Center, Albert-Einstein-Allee 23, Ulm, 89081, Germany. sophie.hofmann@uniklinik-ulm.de",https://doi.org/10.1186/s12889-025-26088-4,2026,article,TRUE,BMC Public Health,https://openalex.org/S200437886,1471-2458,https://openalex.org/P4310320256,Springer Nature,https://doi.org/10.1186/s12889-025-26088-4,NA,cc-by,publishedVersion
https://openalex.org/A5043112671,Arne Jorma Speidel,NA,first,TRUE,https://openalex.org/I196349391,Universität Ulm,https://ror.org/032000t02,DE,education,https://openalex.org/I196349391,"Department of Ophthalmology, Perth Children’s Hospital, Perth, Australia",https://doi.org/10.1007/s44163-026-00846-8,2026,article,TRUE,Discover Artificial Intelligence,https://openalex.org/S4210220416,2731-0809,https://openalex.org/P4310319965,Springer Nature,https://doi.org/10.1007/s44163-026-00846-8,NA,cc-by,publishedVersion
NA,Dayou Yang,https://orcid.org/0000-0003-1186-0906,first,TRUE,https://openalex.org/I196349391,Universität Ulm,https://ror.org/032000t02,DE,education,https://openalex.org/I196349391,University of Science and Technology of China,https://doi.org/10.1103/ltfw-4fwn,2026,article,TRUE,Physical Review Letters,https://openalex.org/S24807848,0031-9007,https://openalex.org/P4310320261,American Physical Society,https://doi.org/10.1103/ltfw-4fwn,NA,cc-by,publishedVersion
https://openalex.org/A5123600782,Saskia Rupp,NA,first,TRUE,https://openalex.org/I196349391,Universität Ulm,https://ror.org/032000t02,DE,education,https://openalex.org/I196349391,"Augsburg University, Institute of Geography, Alter Postweg 118, 86159 Augsburg, Germany",https://doi.org/10.1016/j.uclim.2025.102769,2026,article,TRUE,Urban Climate,https://openalex.org/S2764899123,2212-0955,https://openalex.org/P4310320990,Elsevier BV,https://doi.org/10.1016/j.uclim.2025.102769,NA,cc-by,publishedVersion
https://openalex.org/A5059752330,Tina Seufert,https://orcid.org/0000-0002-8685-4116,first,TRUE,https://openalex.org/I196349391,Universität Ulm,https://ror.org/032000t02,DE,education,https://openalex.org/I196349391,"Faculty of Engineering, Computer Science and Psychology Institute of Psychology and Education Department for Learning and Instruction, Ulm University, Lise-Meitner Strasse 16, Ulm, 89069, Germany",https://doi.org/10.1007/s10648-026-10119-6,2026,article,TRUE,Educational Psychology Review,https://openalex.org/S187318745,1040-726X,https://openalex.org/P4310319900,Springer Nature,https://doi.org/10.1007/s10648-026-10119-6,https://link.springer.com/content/pdf/10.1007/s10648-026-10119-6.pdf,cc-by,publishedVersion
https://openalex.org/A5093466882,Marco Hartkorn,NA,first,TRUE,https://openalex.org/I196349391,Universität Ulm,https://ror.org/032000t02,DE,education,https://openalex.org/I196349391,"Institute of Inorganic Chemistry I, Materials and Catalysis, Ulm University, Ulm, Germany",https://doi.org/10.1038/s41467-026-68342-2,2026,article,TRUE,Nature Communications,https://openalex.org/S64187185,2041-1723,https://openalex.org/P4310319908,Springer Nature,https://doi.org/10.1038/s41467-026-68342-2,https://www.nature.com/articles/s41467-026-68342-2.pdf,cc-by,publishedVersion
https://openalex.org/A5012392046,Elisabeth Maria Balint,https://orcid.org/0000-0002-4172-2689,first,TRUE,https://openalex.org/I196349391,Universität Ulm,https://ror.org/032000t02,DE,education,https://openalex.org/I196349391,"Center for Mental Health, Privatklinik Meiringen, University of Bern",https://doi.org/10.3389/fpubh.2025.1707373,2026,article,TRUE,Frontiers in Public Health,https://openalex.org/S2595931848,2296-2565,https://openalex.org/P4310320527,Frontiers Media,https://doi.org/10.3389/fpubh.2025.1707373,https://public-pages-files-2025.frontiersin.org/journals/public-health/articles/10.3389/fpubh.2025.1707373/pdf,cc-by,publishedVersion
https://openalex.org/A5125351896,Lynn Matits,NA,first,TRUE,https://openalex.org/I196349391,Universität Ulm,https://ror.org/032000t02,DE,education,https://openalex.org/I196349391,"Clinical & Biological Psychology, Institute of Psychology and Education, Ulm University, Ulm, Germany. lynn.matits@uni-ulm.de",https://doi.org/10.1038/s41380-026-03471-0,2026,article,FALSE,Molecular Psychiatry,https://openalex.org/S71149355,1359-4184,https://openalex.org/P4310319965,Springer Nature,https://doi.org/10.1038/s41380-026-03471-0,NA,NA,publishedVersion
https://openalex.org/A5051520275,Mehtap Çakır,https://orcid.org/0000-0002-5971-7685,first,TRUE,https://openalex.org/I196349391,Universität Ulm,https://ror.org/032000t02,DE,education,https://openalex.org/I196349391,"General Psychology, Ulm University, Ulm, Germany. mehtap.cakir@uni-ulm.de",https://doi.org/10.1038/s41598-026-39411-9,2026,article,TRUE,Scientific Reports,https://openalex.org/S196734849,2045-2322,https://openalex.org/P4310319908,Springer Nature,https://doi.org/10.1038/s41598-026-39411-9,https://www.nature.com/articles/s41598-026-39411-9.pdf,cc-by,publishedVersion
https://openalex.org/A5020782066,Karin M. Danzer,https://orcid.org/0000-0003-0133-7046,first,TRUE,https://openalex.org/I196349391,Universität Ulm,https://ror.org/032000t02,DE,education,https://openalex.org/I196349391,"Department of Neurology, Ulm University Medical Center, Ulm, Germany",https://doi.org/10.1371/journal.pbio.3003669,2026,article,TRUE,PLoS Biology,https://openalex.org/S154343897,1544-9173,https://openalex.org/P4310315706,Public Library of Science,https://doi.org/10.1371/journal.pbio.3003669,NA,cc-by,publishedVersion
https://openalex.org/A5125946872,Luisa Gallée,NA,first,TRUE,https://openalex.org/I196349391,Universität Ulm,https://ror.org/032000t02,DE,education,https://openalex.org/I196349391,"Department of Diagnostic and Interventional Radiology, Ulm University Medical Center, Ulm, Germany",https://doi.org/10.1007/978-3-032-17611-0_9,2026,book-chapter,FALSE,Lecture notes in computer science,https://openalex.org/S106296714,0302-9743,https://openalex.org/P4310319900,Springer Nature,https://doi.org/10.1007/978-3-032-17611-0_9,NA,NA,publishedVersion
https://openalex.org/A5126150947,Simon Schneider,NA,first,TRUE,https://openalex.org/I196349391,Universität Ulm,https://ror.org/032000t02,DE,education,https://openalex.org/I196349391,Institute of Numerical Mathematics University of Ulm  Ulm Germany,https://doi.org/10.1002/pamm.70087,2026,article,TRUE,PAMM,https://openalex.org/S4210190971,1617-7061,https://openalex.org/P4310320595,Wiley,https://doi.org/10.1002/pamm.70087,https://onlinelibrary.wiley.com/doi/pdfdirect/10.1002/pamm.70087,cc-by,publishedVersion
https://openalex.org/A5126650820,N. Grübel,NA,first,TRUE,https://openalex.org/I196349391,Universität Ulm,https://ror.org/032000t02,DE,education,https://openalex.org/I196349391,"Peripheral Nerve Unit, Department of Neurosurgery, BKH Günzburg at Ulm University, Lindenallee 2, 89312, Günzburg, Germany",https://doi.org/10.1016/j.bas.2026.105984,2026,article,TRUE,Brain and Spine,https://openalex.org/S4210215356,2772-5294,https://openalex.org/P4310320990,Elsevier BV,https://doi.org/10.1016/j.bas.2026.105984,NA,cc-by-nc-nd,publishedVersion
https://openalex.org/A5126684919,Matthias Lühr,NA,first,TRUE,https://openalex.org/I196349391,Universität Ulm,https://ror.org/032000t02,DE,education,https://openalex.org/I196349391,"Department of Psychiatry and Psychotherapy II, University of Ulm & BKH Günzburg, Germany; German Center for Mental Health (DZPG), partner site Ulm, Germany. Electronic address: matthias.luehr@uni-ulm.de",https://doi.org/10.1016/j.psychres.2026.117051,2026,article,TRUE,Psychiatry Research,https://openalex.org/S84074229,0165-1781,https://openalex.org/P4310320990,Elsevier BV,https://doi.org/10.1016/j.psychres.2026.117051,NA,cc-by,publishedVersion
https://openalex.org/A5126766004,Laura Simon,NA,first,TRUE,https://openalex.org/I196349391,Universität Ulm,https://ror.org/032000t02,DE,education,https://openalex.org/I196349391,"Department of Clinical Psychology and           Psychotherapy, Institute of Psychology and Education, Ulm University,             Germany",https://doi.org/10.1026/0012-1924/a000363,2026,article,TRUE,Diagnostica,https://openalex.org/S191847413,0012-1924,https://openalex.org/P4310319871,Hogrefe Verlag,https://doi.org/10.1026/0012-1924/a000363,NA,cc-by,publishedVersion
https://openalex.org/A5035152261,Sabrina Lorenz,NA,first,TRUE,https://openalex.org/I196349391,Universität Ulm,https://ror.org/032000t02,DE,education,https://openalex.org/I196349391,"Department of Electrical and Computer Engineering, RPTU Kaiserslautern, Kaiserslautern, Germany",https://doi.org/10.1016/j.cnp.2026.02.008,2026,article,TRUE,Clinical Neurophysiology Practice,https://openalex.org/S2898474876,2467-981X,https://openalex.org/P4310320990,Elsevier BV,https://doi.org/10.1016/j.cnp.2026.02.008,NA,cc-by,publishedVersion
https://openalex.org/A5006798449,Ana Macchia,https://orcid.org/0000-0001-7002-0793,first,TRUE,https://openalex.org/I196349391,Universität Ulm,https://ror.org/032000t02,DE,education,https://openalex.org/I196349391,"Department of Psychiatry/Psychotherapy III, Ulm University Clinic, Leimgrubenweg 12-24, 89075, Ulm, Germany. ana.macchia@uni-ulm.de",https://doi.org/10.1186/s40479-026-00339-1,2026,article,TRUE,Borderline Personality Disorder and Emotion Dysregulation,https://openalex.org/S4210220560,2051-6673,https://openalex.org/P4310320256,Springer Nature,https://doi.org/10.1186/s40479-026-00339-1,NA,cc-by,publishedVersion
https://openalex.org/A5073826089,Esengül Çiftçi,https://orcid.org/0000-0002-4994-3486,first,TRUE,https://openalex.org/I196349391,Universität Ulm,https://ror.org/032000t02,DE,education,https://openalex.org/I196349391,"Institute for Inorganic Chemistry II, Ulm University, Albert-Einstein-Allee 11, Ulm, Germany, 89081",https://doi.org/10.26434/chemrxiv.15000711/v1,2026,article,TRUE,ChemRxiv,https://openalex.org/S4393918830,2573-2293,NA,NA,https://doi.org/10.26434/chemrxiv.15000711/v1,https://chemrxiv.org/doi/pdf/10.26434/chemrxiv.15000711/v1,cc-by,acceptedVersion
https://openalex.org/A5080342568,Wolfgang Ruf,https://orcid.org/0000-0002-8105-6123,first,FALSE,https://openalex.org/I196349391,Universität Ulm,https://ror.org/032000t02,DE,education,https://openalex.org/I196349391,"Department of Neurology, University Clinic, University of Ulm, Ulm, Germany",https://doi.org/10.1038/s41467-026-69944-6,2026,article,TRUE,Nature Communications,https://openalex.org/S64187185,2041-1723,https://openalex.org/P4310319908,Springer Nature,https://doi.org/10.1038/s41467-026-69944-6,NA,cc-by,publishedVersion
https://openalex.org/A5045129650,Stefano Antonucci,https://orcid.org/0000-0002-2583-3522,first,TRUE,https://openalex.org/I196349391,Universität Ulm,https://ror.org/032000t02,DE,education,https://openalex.org/I196349391,"Dept. of Neurology, Ulm University, Ulm, DE, Germany",https://doi.org/10.1016/j.pneurobio.2026.102905,2026,article,TRUE,Progress in Neurobiology,https://openalex.org/S69289175,0301-0082,https://openalex.org/P4310320990,Elsevier BV,https://doi.org/10.1016/j.pneurobio.2026.102905,NA,cc-by,publishedVersion
https://openalex.org/A5095689175,Kareen Halablab,NA,first,TRUE,https://openalex.org/I196349391,Universität Ulm,https://ror.org/032000t02,DE,education,https://openalex.org/I196349391,"Department of Neurology, Ulm University, Ulm 89081, Germany",https://doi.org/10.1523/jneurosci.0011-25.2026,2026,article,FALSE,Journal of Neuroscience,https://openalex.org/S5555990,0270-6474,https://openalex.org/P4310319739,Society for Neuroscience,https://doi.org/10.1523/jneurosci.0011-25.2026,NA,NA,publishedVersion
https://openalex.org/A5011154966,Martin C. Korzeczek,https://orcid.org/0000-0002-0349-374X,first,TRUE,https://openalex.org/I196349391,Universität Ulm,https://ror.org/032000t02,DE,education,https://openalex.org/I196349391,"Institut für Theoretische Physik & IQST, Albert-Einstein Allee 11, Universität Ulm, D-89081 Ulm, Germany. Electronic address: martin.plenio@uni-ulm.de",https://doi.org/10.1016/j.jmr.2026.108058,2026,article,TRUE,Journal of Magnetic Resonance,https://openalex.org/S90573847,1090-7807,https://openalex.org/P4310320990,Elsevier BV,https://doi.org/10.1016/j.jmr.2026.108058,NA,cc-by,publishedVersion
https://openalex.org/A5006940736,Robin Haag,https://orcid.org/0000-0002-0837-4846,first,TRUE,https://openalex.org/I196349391,Universität Ulm,https://ror.org/032000t02,DE,education,https://openalex.org/I196349391,"Institute of Medical Engineering and Mechatronics, Ulm University of Applied Sciences, Albert-Einstein-Allee 55, 89081 Ulm, Germany",https://doi.org/10.3390/life16030493,2026,article,TRUE,Life,https://openalex.org/S4210200765,2075-1729,https://openalex.org/P4310310987,Multidisciplinary Digital Publishing Institute,https://doi.org/10.3390/life16030493,https://www.mdpi.com/2075-1729/16/3/493/pdf,cc-by,publishedVersion
NA,Jessica Pagano,NA,first,TRUE,https://openalex.org/I196349391,Universität Ulm,https://ror.org/032000t02,DE,education,https://openalex.org/I196349391,"Institute for Anatomy and Cell Biology, Ulm University, 89081, Ulm, Germany",https://doi.org/10.1038/s41398-026-03932-8,2026,article,TRUE,Translational Psychiatry,https://openalex.org/S163345920,2158-3188,https://openalex.org/P4310319965,Springer Nature,https://doi.org/10.1038/s41398-026-03932-8,NA,cc-by,publishedVersion
https://openalex.org/A5087991930,Dennis Freisem,https://orcid.org/0009-0008-9755-2261,first,FALSE,https://openalex.org/I196349391,Universität Ulm,https://ror.org/032000t02,DE,education,https://openalex.org/I196349391,"Institute of Molecular Virology, Ulm University Medical Center, Ulm, Germany",https://doi.org/10.64898/2026.03.27.714707,2026,article,TRUE,bioRxiv (Cold Spring Harbor Laboratory),https://openalex.org/S4306402567,NA,https://openalex.org/I2750212522,Cold Spring Harbor Laboratory,https://doi.org/10.64898/2026.03.27.714707,NA,cc-by-nc-nd,acceptedVersion
https://openalex.org/A5034005004,Alexander Behnke,https://orcid.org/0000-0002-4128-9627,first,TRUE,https://openalex.org/I196349391,Universität Ulm,https://ror.org/032000t02,DE,education,https://openalex.org/I196349391,"Clinical & Biological Psychology, Institute for Psychology & Education, Ulm University, Ulm D-89082, Germany; German Center for Mental Health (DZPG), partner site Mannheim-Heidelberg-Ulm, Ulm, Germany",https://doi.org/10.1016/j.tem.2026.02.010,2026,article,TRUE,Trends in Endocrinology and Metabolism,https://openalex.org/S93802863,1043-2760,https://openalex.org/P4310320990,Elsevier BV,https://doi.org/10.1016/j.tem.2026.02.010,NA,cc-by-nc-nd,publishedVersion
https://openalex.org/A5017464112,Dario Cilluffo,https://orcid.org/0000-0001-6862-0511,first,TRUE,https://openalex.org/I196349391,Universität Ulm,https://ror.org/032000t02,DE,education,https://openalex.org/I196349391,Universität Ulm,https://doi.org/10.1103/hc4r-2st8,2026,preprint,TRUE,Physical Review Research,https://openalex.org/S4210240247,2643-1564,https://openalex.org/P4310320261,American Physical Society,https://doi.org/10.1103/hc4r-2st8,NA,cc-by,publishedVersion
https://openalex.org/A5068933684,Michael Fritz,https://orcid.org/0000-0003-1336-5116,first,TRUE,https://openalex.org/I196349391,Universität Ulm,https://ror.org/032000t02,DE,education,https://openalex.org/I196349391,"Department of Forensic Psychiatry and Psychotherapy, Ulm University, Ulm, Germany",https://doi.org/10.3389/fgene.2025.1653768,2025,article,TRUE,Frontiers in Genetics,https://openalex.org/S2597340651,1664-8021,https://openalex.org/P4310320527,Frontiers Media,https://doi.org/10.3389/fgene.2025.1653768,https://www.frontiersin.org/journals/genetics/articles/10.3389/fgene.2025.1653768/pdf,cc-by,publishedVersion
https://openalex.org/A5078593816,Marie L. Ohlms,https://orcid.org/0000-0003-4022-6904,first,TRUE,https://openalex.org/I196349391,Universität Ulm,https://ror.org/032000t02,DE,education,https://openalex.org/I196349391,Institute of Psychology Albert‐Ludwigs‐Universität Freiburg  Freiburg Germany,https://doi.org/10.1111/apps.70038,2025,article,TRUE,Applied Psychology,https://openalex.org/S47864991,0269-994X,https://openalex.org/P4310320595,Wiley,https://doi.org/10.1111/apps.70038,https://onlinelibrary.wiley.com/doi/pdfdirect/10.1111/apps.70038,cc-by,publishedVersion
https://openalex.org/A5082080386,Shivaraju Guddehalli Chandrappa,https://orcid.org/0000-0002-9001-5550,first,TRUE,https://openalex.org/I196349391,Universität Ulm,https://ror.org/032000t02,DE,education,https://openalex.org/I196349391,Helmholtz Institute Ulm for Electrochemical Energy Storage (HIU)  89081 Ulm Germany,https://doi.org/10.1002/advs.202510456,2025,article,TRUE,Advanced Science,https://openalex.org/S2737737698,2198-3844,https://openalex.org/P4310320595,Wiley,https://doi.org/10.1002/advs.202510456,https://onlinelibrary.wiley.com/doi/pdfdirect/10.1002/advs.202510456,cc-by,publishedVersion
https://openalex.org/A5112949350,Kalpan Ved,NA,first,TRUE,https://openalex.org/I196349391,Universität Ulm,https://ror.org/032000t02,DE,education,https://openalex.org/I196349391,Universität Ulm,https://doi.org/10.5281/zenodo.18336535,2026,dataset,TRUE,Zenodo (CERN European Organization for Nuclear Research),https://openalex.org/S4306400562,NA,https://openalex.org/I67311998,European Organization for Nuclear Research,https://doi.org/10.5281/zenodo.18336535,NA,cc-by,NA
https://openalex.org/A5094134730,T. B. Lantaño,NA,first,TRUE,https://openalex.org/I196349391,Universität Ulm,https://ror.org/032000t02,DE,education,https://openalex.org/I196349391,"Institut für Theoretische Physik & IQST, Albert-Einstein-Allee 11, Universität Ulm, 89069 Ulm, Germany",https://doi.org/10.22331/q-2026-03-24-2042,2026,preprint,TRUE,Quantum,https://openalex.org/S4210226432,2521-327X,https://openalex.org/P4310317900,Verein zur Förderung des Open Access Publizierens in den Quantenwissenschaften,https://doi.org/10.22331/q-2026-03-24-2042,https://quantum-journal.org/papers/q-2026-03-24-2042/pdf/,cc-by,publishedVersion
https://openalex.org/A5007392741,Oliver Mendoza Reyes,NA,first,TRUE,https://openalex.org/I196349391,Universität Ulm,https://ror.org/032000t02,DE,education,https://openalex.org/I196349391,Universität Ulm,https://doi.org/10.26434/chemrxiv-2025-rd23r,2025,article,TRUE,ChemRxiv,https://openalex.org/S4393918830,2573-2293,NA,NA,https://doi.org/10.26434/chemrxiv-2025-rd23r,NA,cc-by,acceptedVersion
NA,Uzra Rehman,NA,first,TRUE,https://openalex.org/I196349391,Universität Ulm,https://ror.org/032000t02,DE,education,https://openalex.org/I196349391,"Department of English and Applied Lingistics, ULM, KP",https://doi.org/10.63878/jalt1296,2025,article,TRUE,Journal of Applied Linguistics and TESOL (JALT),https://openalex.org/S5407023067,2709-8265,NA,NA,https://doi.org/10.63878/jalt1296,https://jalt.com.pk/index.php/jalt/article/download/1296/1036,cc-by-nc-nd,publishedVersion
https://openalex.org/A5036797365,Albert K. Engstfeld,https://orcid.org/0000-0002-9686-3948,first,TRUE,https://openalex.org/I196349391,Universität Ulm,https://ror.org/032000t02,DE,education,https://openalex.org/I196349391,"Institute of Electrochemistry, Ulm University, 89081 Ulm, Germany",https://doi.org/10.1088/1361-6463/ae06ae,2025,article,FALSE,Journal of Physics D Applied Physics,https://openalex.org/S111927887,0022-3727,https://openalex.org/P4310311669,Institute of Physics,https://doi.org/10.1088/1361-6463/ae06ae,NA,NA,publishedVersion
https://openalex.org/A5041266113,Michaël Uhl,https://orcid.org/0000-0002-9563-4991,first,TRUE,https://openalex.org/I196349391,Universität Ulm,https://ror.org/032000t02,DE,education,https://openalex.org/I196349391,"Ulm University Medical Center , Ulm,",https://doi.org/10.1093/neuonc/noaf193.565,2025,article,TRUE,Neuro-Oncology,https://openalex.org/S106908163,1522-8517,https://openalex.org/P4310311648,Oxford University Press,https://doi.org/10.1093/neuonc/noaf193.565,https://academic.oup.com/neuro-oncology/article-pdf/27/Supplement_3/iii168/64484069/noaf193.565.pdf,NA,publishedVersion
https://openalex.org/A5013113484,Jan Coburger,https://orcid.org/0000-0002-3677-8258,first,TRUE,https://openalex.org/I196349391,Universität Ulm,https://ror.org/032000t02,DE,education,https://openalex.org/I196349391,"University of Ulm , Ulm,",https://doi.org/10.1093/neuonc/noaf193.428,2025,article,TRUE,Neuro-Oncology,https://openalex.org/S106908163,1522-8517,https://openalex.org/P4310311648,Oxford University Press,https://doi.org/10.1093/neuonc/noaf193.428,https://academic.oup.com/neuro-oncology/article-pdf/27/Supplement_3/iii128/64483798/noaf193.428.pdf,NA,publishedVersion
https://openalex.org/A5113043173,Jovana Rajak,https://orcid.org/0009-0007-0229-8583,first,FALSE,https://openalex.org/I196349391,Universität Ulm,https://ror.org/032000t02,DE,education,https://openalex.org/I196349391,"University Medical Center Ulm, Ulm, Germany;",https://doi.org/10.1101/2025.10.01.679664,2025,preprint,TRUE,bioRxiv (Cold Spring Harbor Laboratory),https://openalex.org/S4306402567,NA,https://openalex.org/I2750212522,Cold Spring Harbor Laboratory,https://doi.org/10.1101/2025.10.01.679664,https://www.biorxiv.org/content/biorxiv/early/2025/10/02/2025.10.01.679664.full.pdf,cc-by-nc-nd,acceptedVersion
https://openalex.org/A5069740457,Natalia Ţurcan,https://orcid.org/0000-0003-1994-3570,first,TRUE,https://openalex.org/I196349391,Universität Ulm,https://ror.org/032000t02,DE,education,https://openalex.org/I196349391,"Ulm University Medical Center , Ulm,",https://doi.org/10.1093/neuonc/noaf193.566,2025,article,TRUE,Neuro-Oncology,https://openalex.org/S106908163,1522-8517,https://openalex.org/P4310311648,Oxford University Press,https://doi.org/10.1093/neuonc/noaf193.566,https://academic.oup.com/neuro-oncology/article-pdf/27/Supplement_3/iii168/64484067/noaf193.566.pdf,NA,publishedVersion
https://openalex.org/A5029570173,Annika Hajosch,NA,first,TRUE,https://openalex.org/I196349391,Universität Ulm,https://ror.org/032000t02,DE,education,https://openalex.org/I196349391,"Ulm University Medical Center , Ulm,",https://doi.org/10.1093/neuonc/noaf193.584,2025,article,TRUE,Neuro-Oncology,https://openalex.org/S106908163,1522-8517,https://openalex.org/P4310311648,Oxford University Press,https://doi.org/10.1093/neuonc/noaf193.584,https://academic.oup.com/neuro-oncology/article-pdf/27/Supplement_3/iii173/64483782/noaf193.584.pdf,NA,publishedVersion
https://openalex.org/A5012802678,Anna-Lena Allgäuer,NA,first,TRUE,https://openalex.org/I196349391,Universität Ulm,https://ror.org/032000t02,DE,education,https://openalex.org/I196349391,"Klinik für Innere Medizin III, Sektion Infektiologie, Universitätsklinikum Ulm, Albert-Einstein-Allee 23, 89081, Ulm, Deutschland",https://doi.org/10.1007/s10405-025-00637-5,2025,article,FALSE,Zeitschrift für Pneumologie,https://openalex.org/S4387280721,2731-7404,https://openalex.org/P4310319900,Springer Nature,https://doi.org/10.1007/s10405-025-00637-5,NA,NA,publishedVersion
https://openalex.org/A5075378120,Florian Sihler,https://orcid.org/0000-0001-7195-7801,first,TRUE,https://openalex.org/I196349391,Universität Ulm,https://ror.org/032000t02,DE,education,https://openalex.org/I196349391,"Ulm University, Ulm, Germany",https://doi.org/10.1145/3763087,2025,article,TRUE,Proceedings of the ACM on Programming Languages,https://openalex.org/S4210216081,2475-1421,https://openalex.org/P4310319798,Association for Computing Machinery,https://doi.org/10.1145/3763087,NA,cc-by,publishedVersion
https://openalex.org/A5114634801,Koffi Ismael Ouattara,NA,first,TRUE,https://openalex.org/I196349391,Universität Ulm,https://ror.org/032000t02,DE,education,https://openalex.org/I196349391,"Huawei Technologies, Munich, Germany",https://doi.org/10.1007/978-3-032-19096-3_17,2026,preprint,FALSE,Communications in computer and information science,https://openalex.org/S2764900261,1865-0929,https://openalex.org/P4310319900,Springer Nature,https://doi.org/10.1007/978-3-032-19096-3_17,NA,NA,publishedVersion
https://openalex.org/A5104049908,M. D. Wagner,https://orcid.org/0009-0007-4283-4299,first,TRUE,https://openalex.org/I196349391,Universität Ulm,https://ror.org/032000t02,DE,education,https://openalex.org/I196349391,Institut fuer Lasertechnologien in der Medizin und Meßtechnik an der Universität Ulm,https://doi.org/10.1364/boe.576585,2025,article,TRUE,Biomedical Optics Express,https://openalex.org/S104118869,2156-7085,https://openalex.org/P4310315679,Optica Publishing Group,https://doi.org/10.1364/boe.576585,NA,cc-by,publishedVersion
https://openalex.org/A5050099873,Jing Liu,https://orcid.org/0000-0002-3311-0818,first,TRUE,https://openalex.org/I196349391,Universität Ulm,https://ror.org/032000t02,DE,education,https://openalex.org/I196349391,Universität Ulm,https://doi.org/10.26434/chemrxiv-2025-vtj3k,2025,article,TRUE,ChemRxiv,https://openalex.org/S4393918830,2573-2293,NA,NA,https://doi.org/10.26434/chemrxiv-2025-vtj3k,NA,cc-by,acceptedVersion
https://openalex.org/A5011073123,Jana Dobelmann,https://orcid.org/0000-0002-6742-0945,first,TRUE,https://openalex.org/I196349391,Universität Ulm,https://ror.org/032000t02,DE,education,https://openalex.org/I196349391,Institute of Evolutionary Ecology and Conservation Genomics University of Ulm  Ulm Germany,https://doi.org/10.1111/mec.70146,2025,article,TRUE,Molecular Ecology,https://openalex.org/S22454499,0962-1083,https://openalex.org/P4310320595,Wiley,https://doi.org/10.1111/mec.70146,NA,cc-by,publishedVersion
https://openalex.org/A5001646239,Wiebke Frank,https://orcid.org/0000-0002-7786-8831,first,TRUE,https://openalex.org/I196349391,Universität Ulm,https://ror.org/032000t02,DE,education,https://openalex.org/I196349391,"Department of Neurology, Huntington Center Ulm (HCU), Ulm University, Oberer Eselsberg 45, 89081, Ulm, Germany",https://doi.org/10.1007/s00415-025-13310-x,2025,article,TRUE,Journal of Neurology,https://openalex.org/S175814247,0340-5354,https://openalex.org/P4310319900,Springer Nature,https://doi.org/10.1007/s00415-025-13310-x,https://link.springer.com/content/pdf/10.1007/s00415-025-13310-x.pdf,cc-by,publishedVersion
https://openalex.org/A5100952415,Yuhua Ma,https://orcid.org/0009-0000-1072-6890,first,TRUE,https://openalex.org/I196349391,Universität Ulm,https://ror.org/032000t02,DE,education,https://openalex.org/I196349391,Universität Ulm,https://doi.org/10.6019/s-bsst2239,2025,dataset,FALSE,NA,NA,NA,NA,NA,https://doi.org/10.6019/s-bsst2239,NA,NA,publishedVersion
https://openalex.org/A5045454623,Adriana Sacristán‐Martín,https://orcid.org/0000-0002-3668-1122,first,TRUE,https://openalex.org/I196349391,Universität Ulm,https://ror.org/032000t02,DE,education,https://openalex.org/I196349391,Universität Ulm,https://doi.org/10.26434/chemrxiv-2024-srqv5-v3,2025,article,TRUE,ChemRxiv,https://openalex.org/S4393918830,2573-2293,NA,NA,https://doi.org/10.26434/chemrxiv-2024-srqv5-v3,NA,cc-by,acceptedVersion
https://openalex.org/A5101807408,Thomas F.E. Barth,https://orcid.org/0000-0002-3379-6311,first,TRUE,https://openalex.org/I196349391,Universität Ulm,https://ror.org/032000t02,DE,education,https://openalex.org/I196349391,"Institut für Pathologie, Universität Ulm, Albert-Einstein-Allee 11, 89081, Ulm, Deutschland. Thomas.Barth@uniklinik-ulm.de",https://doi.org/10.1007/s00292-025-01475-1,2025,article,TRUE,Die Pathologie,https://openalex.org/S4387280373,2731-7188,https://openalex.org/P4310319900,Springer Nature,https://doi.org/10.1007/s00292-025-01475-1,https://link.springer.com/content/pdf/10.1007/s00292-025-01475-1.pdf,NA,publishedVersion
https://openalex.org/A5052204880,U Friebe-Hoffmann,NA,first,TRUE,https://openalex.org/I196349391,Universität Ulm,https://ror.org/032000t02,DE,education,https://openalex.org/I196349391,"Universitätsfrauenklinik Ulm, Geburtshilfe & Pränatalmedizin, Ulm, Deutschland",https://doi.org/10.1055/s-0045-1812231,2025,article,FALSE,Ultraschall in der Medizin - European Journal of Ultrasound,https://openalex.org/S50260976,0172-4614,https://openalex.org/P4310321135,Thieme Medical Publishers (Germany),https://doi.org/10.1055/s-0045-1812231,NA,NA,publishedVersion
https://openalex.org/A5055892014,Lea Lautenbacher,https://orcid.org/0009-0009-4054-361X,first,TRUE,https://openalex.org/I196349391,Universität Ulm,https://ror.org/032000t02,DE,education,https://openalex.org/I196349391,"Ulm University, Ulm, 89069, GERMANY",https://doi.org/10.1088/1367-2630/ae15b7,2025,article,TRUE,New Journal of Physics,https://openalex.org/S148121101,1367-2630,https://openalex.org/P4310320083,Institute of Physics,https://doi.org/10.1088/1367-2630/ae15b7,NA,cc-by,publishedVersion
https://openalex.org/A5120084690,Manuel Friebolin,NA,first,TRUE,https://openalex.org/I196349391,Universität Ulm,https://ror.org/032000t02,DE,education,https://openalex.org/I196349391,"Institute for Production Engineering and Materials Testing, Ulm University of Applied Sciences, 89081 Ulm, Germany",https://doi.org/10.3390/ai6100275,2025,article,TRUE,AI,https://openalex.org/S4210200511,2673-2688,https://openalex.org/P4310310987,Multidisciplinary Digital Publishing Institute,https://doi.org/10.3390/ai6100275,https://www.mdpi.com/2673-2688/6/10/275/pdf?version=1761059973,cc-by,publishedVersion
https://openalex.org/A5120087032,Julian Baur,NA,first,TRUE,https://openalex.org/I196349391,Universität Ulm,https://ror.org/032000t02,DE,education,https://openalex.org/I196349391,"Sektion Notfallmedizin, Klinik für Anästhesiologie und Intensivmedizin, Universitätsklinikum Ulm, Albert-Einstein-Allee 23, 89081, Ulm, Deutschland",https://doi.org/10.1007/s10049-025-01638-w,2025,article,TRUE,Notfall + Rettungsmedizin,https://openalex.org/S205749764,1434-6222,https://openalex.org/P4310319900,Springer Nature,https://doi.org/10.1007/s10049-025-01638-w,https://link.springer.com/content/pdf/10.1007/s10049-025-01638-w.pdf,cc-by,publishedVersion
https://openalex.org/A5048900524,Mirjam Keßler,https://orcid.org/0000-0001-6423-0508,first,TRUE,https://openalex.org/I196349391,Universität Ulm,https://ror.org/032000t02,DE,education,https://openalex.org/I196349391,"UNIVERSITY OF ULM, Ulm, Germany",https://doi.org/10.1016/j.jacc.2025.09.1066,2025,article,FALSE,Journal of the American College of Cardiology,https://openalex.org/S60865174,0735-1097,https://openalex.org/P4310320990,Elsevier BV,https://doi.org/10.1016/j.jacc.2025.09.1066,NA,NA,publishedVersion
https://openalex.org/A5009506878,Tamara Großmann,https://orcid.org/0000-0002-7698-5251,first,TRUE,https://openalex.org/I196349391,Universität Ulm,https://ror.org/032000t02,DE,education,https://openalex.org/I196349391,"Department of Psychiatry and Psychotherapy II, University of Ulm and BKH Günzburg, 89073 Ulm, Germany",https://doi.org/10.3390/ijerph22111607,2025,article,TRUE,International Journal of Environmental Research and Public Health,https://openalex.org/S15239247,1660-4601,https://openalex.org/P4310310987,Multidisciplinary Digital Publishing Institute,https://doi.org/10.3390/ijerph22111607,https://www.mdpi.com/1660-4601/22/11/1607/pdf?version=1761125627,cc-by,publishedVersion
https://openalex.org/A5029976440,Hanna-Friederike Poggemann,https://orcid.org/0000-0003-4191-6325,first,FALSE,https://openalex.org/I196349391,Universität Ulm,https://ror.org/032000t02,DE,education,https://openalex.org/I196349391,Institute of Electrochemistry,https://doi.org/10.1021/acs.jpcb.5c03518,2025,article,TRUE,The Journal of Physical Chemistry B,https://openalex.org/S185621672,1520-5207,https://openalex.org/P4310320006,American Chemical Society,https://doi.org/10.1021/acs.jpcb.5c03518,NA,cc-by,publishedVersion
https://openalex.org/A5120116371,Leonard Klevesath,NA,first,FALSE,https://openalex.org/I196349391,Universität Ulm,https://ror.org/032000t02,DE,education,https://openalex.org/I196349391,"Institut of Medical Microbiology and Hygiene, Medical Facility, Ulm University, Ulm, Germany",https://doi.org/10.3389/fmicb.2025.1669022,2025,article,TRUE,Frontiers in Microbiology,https://openalex.org/S2484704948,1664-302X,https://openalex.org/P4310320527,Frontiers Media,https://doi.org/10.3389/fmicb.2025.1669022,https://public-pages-files-2025.frontiersin.org/journals/microbiology/articles/10.3389/fmicb.2025.1669022/pdf,cc-by,publishedVersion
https://openalex.org/A5049322494,Annette Richter-Unruh,NA,first,TRUE,https://openalex.org/I196349391,Universität Ulm,https://ror.org/032000t02,DE,education,https://openalex.org/I196349391,"Hormonzentrum für Kinder- und Jugendliche, Prof. Dr. Richter-Unruh & Kolleginnen, In überörtliche Berufsausübungsgemeinschaft Medizinisches Versorgungszentrum Dr. Eberhard & Partner Dortmund, Alter Mühlenweg 3, 44139, Dortmund, Deutschland",https://doi.org/10.1007/s00112-025-02289-4,2025,article,FALSE,Monatsschrift Kinderheilkunde,https://openalex.org/S202200076,0026-9298,https://openalex.org/P4310320090,Springer Nature,https://doi.org/10.1007/s00112-025-02289-4,NA,NA,publishedVersion
https://openalex.org/A5117275568,Jannis Marzluf,NA,first,TRUE,https://openalex.org/I196349391,Universität Ulm,https://ror.org/032000t02,DE,education,https://openalex.org/I196349391,"Corporate Research, Sartorius Stedim Cellca GmbH, Ulm, Germany",https://doi.org/10.1016/j.isci.2025.113847,2025,article,TRUE,iScience,https://openalex.org/S2898358376,2589-0042,https://openalex.org/P4310315673,Elsevier BV,https://doi.org/10.1016/j.isci.2025.113847,NA,NA,publishedVersion
https://openalex.org/A5093083851,Christina Hilterhaus,https://orcid.org/0009-0003-7187-0812,first,TRUE,https://openalex.org/I196349391,Universität Ulm,https://ror.org/032000t02,DE,education,https://openalex.org/I196349391,"Department of Ophthalmology, University of Ulm, Prittwitzstr. 43, Ulm 89075, Germany",https://doi.org/10.1016/j.biopha.2025.118693,2025,article,TRUE,Biomedicine & Pharmacotherapy,https://openalex.org/S15111687,0753-3322,https://openalex.org/P4310320990,Elsevier BV,https://doi.org/10.1016/j.biopha.2025.118693,NA,cc-by-nc-nd,publishedVersion
https://openalex.org/A5090344349,Jörg M. Fegert,https://orcid.org/0000-0001-6070-4323,first,TRUE,https://openalex.org/I196349391,Universität Ulm,https://ror.org/032000t02,DE,education,https://openalex.org/I196349391,"Competence Center Public Child Mental Health, partner site Ulm, Steinhövelstraße 5, Ulm, 89075, Germany",https://doi.org/10.1007/s00787-025-02902-7,2025,article,TRUE,European Child & Adolescent Psychiatry,https://openalex.org/S159275680,1018-8827,https://openalex.org/P4310319900,Springer Nature,https://doi.org/10.1007/s00787-025-02902-7,https://link.springer.com/content/pdf/10.1007/s00787-025-02902-7.pdf,cc-by,publishedVersion
https://openalex.org/A5051670271,Qinya Xie,NA,first,FALSE,https://openalex.org/I196349391,Universität Ulm,https://ror.org/032000t02,DE,education,https://openalex.org/I196349391,"Institute of Molecular Virology, Ulm University Medical Center; Ulm, Germany;",https://doi.org/10.1101/2025.10.27.684817,2025,preprint,TRUE,bioRxiv (Cold Spring Harbor Laboratory),https://openalex.org/S4306402567,NA,https://openalex.org/I2750212522,Cold Spring Harbor Laboratory,https://doi.org/10.1101/2025.10.27.684817,https://www.biorxiv.org/content/biorxiv/early/2025/10/27/2025.10.27.684817.full.pdf,cc-by,acceptedVersion
https://openalex.org/A5049154227,Michael Schmiech,https://orcid.org/0000-0003-4350-0331,first,TRUE,https://openalex.org/I196349391,Universität Ulm,https://ror.org/032000t02,DE,education,https://openalex.org/I196349391,"Institute of Experimental and Clinical Pharmacology, Toxicology, and Pharmacology of Natural Products, Ulm University, Ulm, Germany",https://doi.org/10.1016/j.phytol.2025.103927,2025,article,FALSE,Phytochemistry Letters,https://openalex.org/S127984601,1874-3900,https://openalex.org/P4310320990,Elsevier BV,https://doi.org/10.1016/j.phytol.2025.103927,NA,NA,publishedVersion
https://openalex.org/A5016452182,Sebastian Heber,https://orcid.org/0000-0001-5328-8894,first,FALSE,https://openalex.org/I196349391,Universität Ulm,https://ror.org/032000t02,DE,education,https://openalex.org/I196349391,"Institute of Experimental and Clinical Pharmacology, Toxicology and Pharmacology of Natural Products, Ulm University Medical Center, Ulm 89081, Germany",https://doi.org/10.1016/j.biopha.2025.118705,2025,article,TRUE,Biomedicine & Pharmacotherapy,https://openalex.org/S15111687,0753-3322,https://openalex.org/P4310320990,Elsevier BV,https://doi.org/10.1016/j.biopha.2025.118705,NA,cc-by-nc-nd,publishedVersion
https://openalex.org/A5015636806,Nicole Stadler,https://orcid.org/0000-0001-8997-866X,first,FALSE,https://openalex.org/I196349391,Universität Ulm,https://ror.org/032000t02,DE,education,https://openalex.org/I196349391,"Institute of Experimental and Clinical Pharmacology, Toxicology and Pharmacology of Natural Products, University of Ulm Medical Center, Albert-Einstein-Allee 11, 89081 Ulm, Germany",https://doi.org/10.3390/jfb16110399,2025,article,TRUE,Journal of Functional Biomaterials,https://openalex.org/S86392829,2079-4983,https://openalex.org/P4310310987,Multidisciplinary Digital Publishing Institute,https://doi.org/10.3390/jfb16110399,NA,cc-by,publishedVersion
https://openalex.org/A5036622035,Lea Fröscher,NA,first,TRUE,https://openalex.org/I196349391,Universität Ulm,https://ror.org/032000t02,DE,education,https://openalex.org/I196349391,University of Ulm,https://doi.org/10.21203/rs.3.rs-7796547/v1,2025,preprint,TRUE,Research Square,https://openalex.org/S4306525896,NA,NA,NA,https://doi.org/10.21203/rs.3.rs-7796547/v1,https://www.researchsquare.com/article/rs-7796547/latest.pdf,cc-by,acceptedVersion
https://openalex.org/A5019241143,Victoria Hunszinger,https://orcid.org/0009-0004-6048-549X,first,FALSE,https://openalex.org/I196349391,Universität Ulm,https://ror.org/032000t02,DE,education,https://openalex.org/I196349391,"Institute of Molecular Virology, Ulm University Medical Center, Ulm, Germany;",https://doi.org/10.1101/2025.10.28.685013,2025,preprint,TRUE,bioRxiv (Cold Spring Harbor Laboratory),https://openalex.org/S4306402567,NA,https://openalex.org/I2750212522,Cold Spring Harbor Laboratory,https://doi.org/10.1101/2025.10.28.685013,https://www.biorxiv.org/content/biorxiv/early/2025/10/28/2025.10.28.685013.full.pdf,cc-by-nc-nd,acceptedVersion
https://openalex.org/A5050710969,Abdul Rahman Idrees,https://orcid.org/0000-0002-9861-1947,first,TRUE,https://openalex.org/I196349391,Universität Ulm,https://ror.org/032000t02,DE,education,https://openalex.org/I196349391,"Department of Clinical Psychology and Psychotherapy, Ulm University, Ulm, Germany",https://doi.org/10.1007/s41666-025-00216-6,2025,article,TRUE,Journal of Healthcare Informatics Research,https://openalex.org/S4210196546,2509-4971,https://openalex.org/P4310319900,Springer Nature,https://doi.org/10.1007/s41666-025-00216-6,https://link.springer.com/content/pdf/10.1007/s41666-025-00216-6.pdf,cc-by,publishedVersion
https://openalex.org/A5120180953,Kais Almohammad,NA,first,FALSE,https://openalex.org/I196349391,Universität Ulm,https://ror.org/032000t02,DE,education,https://openalex.org/I196349391,Ulm University Medical Center;,https://doi.org/10.1101/2025.10.28.685010,2025,preprint,TRUE,bioRxiv (Cold Spring Harbor Laboratory),https://openalex.org/S4306402567,NA,https://openalex.org/I2750212522,Cold Spring Harbor Laboratory,https://doi.org/10.1101/2025.10.28.685010,https://www.biorxiv.org/content/biorxiv/early/2025/10/29/2025.10.28.685010.full.pdf,cc-by,acceptedVersion
https://openalex.org/A5072118587,Steffen Wendzel,https://orcid.org/0000-0002-1913-5912,first,TRUE,https://openalex.org/I196349391,Universität Ulm,https://ror.org/032000t02,DE,education,https://openalex.org/I196349391,"Institute of Information Resource Management (IRM), Dep. Engineering, Computer Science and Psychology, Ulm University, Germany",https://doi.org/10.1016/j.cose.2025.104732,2025,article,TRUE,Computers & Security,https://openalex.org/S12529635,0167-4048,https://openalex.org/P4310320990,Elsevier BV,https://doi.org/10.1016/j.cose.2025.104732,NA,cc-by,publishedVersion
https://openalex.org/A5101807408,Thomas F.E. Barth,https://orcid.org/0000-0002-3379-6311,first,TRUE,https://openalex.org/I196349391,Universität Ulm,https://ror.org/032000t02,DE,education,https://openalex.org/I196349391,"Institut für Pathologie, Universität Ulm, Albert-Einstein-Allee 11, 89081, Ulm, Deutschland. thomas.barth@uniklinik-ulm.de",https://doi.org/10.1007/s00292-025-01490-2,2025,article,FALSE,Die Pathologie,https://openalex.org/S4387280373,2731-7188,https://openalex.org/P4310319900,Springer Nature,https://doi.org/10.1007/s00292-025-01490-2,NA,NA,publishedVersion
https://openalex.org/A5036198081,Christoph Gerhard Lisson,NA,first,TRUE,https://openalex.org/I196349391,Universität Ulm,https://ror.org/032000t02,DE,education,https://openalex.org/I196349391,"Artificial Intelligence in Experimental Radiology (XAIRAD), Department of Diagnostic and Interventional Radiology, University Hospital Ulm, Ulm, Germany. catharina.lisson@uni-ulm.de",https://doi.org/10.1186/s12880-025-02006-3,2025,article,TRUE,BMC Medical Imaging,https://openalex.org/S6505649,1471-2342,https://openalex.org/P4310320256,Springer Nature,https://doi.org/10.1186/s12880-025-02006-3,https://bmcmedimaging.biomedcentral.com/counter/pdf/10.1186/s12880-025-02006-3,cc-by,publishedVersion
https://openalex.org/A5114770072,Rebecca Rittersberger,NA,first,FALSE,https://openalex.org/I196349391,Universität Ulm,https://ror.org/032000t02,DE,education,https://openalex.org/I196349391,"Faculty of Natural Science, University of Ulm, Albert-Einstein-Allee 11, 89081 Ulm, Germany",https://doi.org/10.1016/j.ijpx.2025.100432,2025,article,TRUE,International Journal of Pharmaceutics X,https://openalex.org/S4210204060,2590-1567,https://openalex.org/P4310320990,Elsevier BV,https://doi.org/10.1016/j.ijpx.2025.100432,NA,cc-by-nc-nd,publishedVersion
https://openalex.org/A5006913595,Felix von Sanden,NA,first,TRUE,https://openalex.org/I196349391,Universität Ulm,https://ror.org/032000t02,DE,education,https://openalex.org/I196349391,"Department of Internal Medicine II, Cardiology, Angiology, Pneumology, Internal Intensive Care, Sports and Rehabilitation Medicine, Ulm University Medical Center, 89081 Ulm, Germany",https://doi.org/10.3390/jcm14217703,2025,article,TRUE,Journal of Clinical Medicine,https://openalex.org/S2737969411,2077-0383,https://openalex.org/P4310310987,Multidisciplinary Digital Publishing Institute,https://doi.org/10.3390/jcm14217703,NA,cc-by,publishedVersion
NA,Melina Möller,NA,first,TRUE,https://openalex.org/I196349391,Universität Ulm,https://ror.org/032000t02,DE,education,https://openalex.org/I196349391,"Department of Dermatology and Allergology, Ulm University, Ulm, Germany. melina.moeller@uniklinik-ulm.de",https://doi.org/10.2340/actadv.v105.43176,2025,article,TRUE,Acta Dermato Venereologica,https://openalex.org/S4210210846,0001-5555,https://openalex.org/P4310317100,Soc for Publication of Acta Dermato-Venereologica,https://doi.org/10.2340/actadv.v105.43176,https://medicaljournalssweden.se/actadv/article/download/43176/51879,cc-by-nc,publishedVersion
https://openalex.org/A5120202694,Nicoleta Trif,NA,first,FALSE,https://openalex.org/I196349391,Universität Ulm,https://ror.org/032000t02,DE,education,https://openalex.org/I196349391,"Department of Diagnostic and Interventional Radiology, Ulm University Medical Center, Ulm, Germany",https://doi.org/10.21037/jtd-2025-655,2025,article,TRUE,Journal of Thoracic Disease,https://openalex.org/S2754193772,2072-1439,https://openalex.org/P4310321814,AME Publishing Company,https://doi.org/10.21037/jtd-2025-655,NA,cc-by-nc-nd,publishedVersion
https://openalex.org/A5022681642,Marena R. Niewisch,https://orcid.org/0000-0002-9565-5565,first,TRUE,https://openalex.org/I196349391,Universität Ulm,https://ror.org/032000t02,DE,education,https://openalex.org/I196349391,"1Department of Pediatric Hematology and Oncology, Hannover Medical School, Hannover, Germany",https://doi.org/10.1182/bloodadvances.2025017541,2025,article,TRUE,Blood Advances,https://openalex.org/S2764683450,2473-9529,https://openalex.org/P4310320990,Elsevier BV,https://doi.org/10.1182/bloodadvances.2025017541,https://ashpublications.org/bloodadvances/article-pdf/doi/10.1182/bloodadvances.2025017541/2418974/bloodadvances.2025017541.pdf,cc-by-nc-nd,publishedVersion
https://openalex.org/A5076344045,Ulrike Büttner,NA,first,TRUE,https://openalex.org/I196349391,Universität Ulm,https://ror.org/032000t02,DE,education,https://openalex.org/I196349391,"Ulm University, Institute of physiological Chemistry, Germany",https://doi.org/10.1016/j.pan.2025.07.156,2025,article,FALSE,Pancreatology,https://openalex.org/S193617204,1424-3903,https://openalex.org/P4310320990,Elsevier BV,https://doi.org/10.1016/j.pan.2025.07.156,NA,NA,publishedVersion
https://openalex.org/A5068245628,Dharini Srinivasan,https://orcid.org/0009-0007-7968-9240,first,TRUE,https://openalex.org/I196349391,Universität Ulm,https://ror.org/032000t02,DE,education,https://openalex.org/I196349391,"University medical center Ulm, Institute of Molecular Oncology and Stem Cell biology, Germany",https://doi.org/10.1016/j.pan.2025.07.109,2025,article,FALSE,Pancreatology,https://openalex.org/S193617204,1424-3903,https://openalex.org/P4310320990,Elsevier BV,https://doi.org/10.1016/j.pan.2025.07.109,NA,NA,publishedVersion
https://openalex.org/A5050493574,Paul Lopatta,https://orcid.org/0000-0001-6604-774X,first,TRUE,https://openalex.org/I196349391,Universität Ulm,https://ror.org/032000t02,DE,education,https://openalex.org/I196349391,"University Clinic of Ulm, Institute of Molecular Oncology and Stem Cell Biology, Germany",https://doi.org/10.1016/j.pan.2025.07.398,2025,article,FALSE,Pancreatology,https://openalex.org/S193617204,1424-3903,https://openalex.org/P4310320990,Elsevier BV,https://doi.org/10.1016/j.pan.2025.07.398,NA,NA,publishedVersion
https://openalex.org/A5117535468,Leon Spießhofer,NA,first,TRUE,https://openalex.org/I196349391,Universität Ulm,https://ror.org/032000t02,DE,education,https://openalex.org/I196349391,"Institute of Electronic Devices and Circuits, Ulm University,Germany",https://doi.org/10.1109/bcicts63111.2025.11211499,2025,article,FALSE,NA,NA,NA,NA,NA,https://doi.org/10.1109/bcicts63111.2025.11211499,NA,NA,publishedVersion
https://openalex.org/A5072182158,Ana Stolnicu,https://orcid.org/0000-0003-3936-5851,first,FALSE,https://openalex.org/I196349391,Universität Ulm,https://ror.org/032000t02,DE,education,https://openalex.org/I196349391,"Institute of Medical Systems Biology, Ulm University, Ulm, Germany",https://doi.org/10.3389/fbinf.2025.1665892,2025,article,TRUE,Frontiers in Bioinformatics,https://openalex.org/S4210219554,2673-7647,https://openalex.org/P4310320527,Frontiers Media,https://doi.org/10.3389/fbinf.2025.1665892,https://public-pages-files-2025.frontiersin.org/journals/bioinformatics/articles/10.3389/fbinf.2025.1665892/pdf,cc-by,publishedVersion
https://openalex.org/A5107696006,Dominik Schweikart,NA,first,TRUE,https://openalex.org/I196349391,Universität Ulm,https://ror.org/032000t02,DE,education,https://openalex.org/I196349391,"Endoscopy Research Unit, University Hospital Ulm, Albert-Einstein-Allee 23, 89081, Ulm, Germany",https://doi.org/10.1038/s41598-025-21475-8,2025,article,TRUE,Scientific Reports,https://openalex.org/S196734849,2045-2322,https://openalex.org/P4310319908,Springer Nature,https://doi.org/10.1038/s41598-025-21475-8,https://www.nature.com/articles/s41598-025-21475-8.pdf,cc-by,publishedVersion
https://openalex.org/A5074453820,Johannes Rauch,https://orcid.org/0000-0002-6925-8830,first,TRUE,https://openalex.org/I196349391,Universität Ulm,https://ror.org/032000t02,DE,education,https://openalex.org/I196349391,"Institute of Optimization and Operations Research , Ulm University , Ulm , Germany",https://doi.org/10.37236/13629,2025,article,TRUE,The Electronic Journal of Combinatorics,https://openalex.org/S38448739,1077-8926,https://openalex.org/P4310317970,Electronic Journal of Combinatorics,https://doi.org/10.37236/13629,https://www.combinatorics.org/ojs/index.php/eljc/article/download/v32i4p25/pdf,cc-by,publishedVersion
https://openalex.org/A5101913572,Daniel Santos,https://orcid.org/0000-0001-8586-3435,first,TRUE,https://openalex.org/I196349391,Universität Ulm,https://ror.org/032000t02,DE,education,https://openalex.org/I196349391,"Clinical & Biological Psychology Institute of Psychology and Education, Ulm University, Albert-Einstein-Allee 47, 89081, Ulm, Germany. daniela.santos@uni-ulm.de",https://doi.org/10.1007/s43630-025-00803-x,2025,article,TRUE,Photochemical & Photobiological Sciences,https://openalex.org/S65504228,1474-905X,https://openalex.org/P4310319900,Springer Nature,https://doi.org/10.1007/s43630-025-00803-x,https://link.springer.com/content/pdf/10.1007/s43630-025-00803-x.pdf,cc-by,publishedVersion
https://openalex.org/A5062984975,Michael Barthelmäs,https://orcid.org/0000-0003-4994-4961,first,TRUE,https://openalex.org/I196349391,Universität Ulm,https://ror.org/032000t02,DE,education,https://openalex.org/I196349391,"Department of Social Psychology, Ulm University, 89069, Ulm, Germany",https://doi.org/10.1007/s10902-025-00967-4,2025,article,TRUE,Journal of Happiness Studies,https://openalex.org/S202734349,1389-4978,https://openalex.org/P4310319900,Springer Nature,https://doi.org/10.1007/s10902-025-00967-4,https://link.springer.com/content/pdf/10.1007/s10902-025-00967-4.pdf,cc-by,publishedVersion
https://openalex.org/A5032328841,Yannick Waibel,https://orcid.org/0000-0002-5814-3245,first,TRUE,https://openalex.org/I196349391,Universität Ulm,https://ror.org/032000t02,DE,education,https://openalex.org/I196349391,"Institute of Chemical Engineering, Laboratory of Thermal Process Engineering Ulm University  Ulm Germany",https://doi.org/10.1002/aic.70119,2025,article,TRUE,AIChE Journal,https://openalex.org/S147177414,0001-1541,https://openalex.org/P4310320595,Wiley,https://doi.org/10.1002/aic.70119,https://onlinelibrary.wiley.com/doi/pdfdirect/10.1002/aic.70119,cc-by,publishedVersion
https://openalex.org/A5113256851,Matej Boros,https://orcid.org/0000-0001-6577-8022,first,TRUE,https://openalex.org/I196349391,Universität Ulm,https://ror.org/032000t02,DE,education,https://openalex.org/I196349391,Institute of Human Genetics Ulm University & Ulm University Medical Centre Albert-Einstein-Allee 11 Ulm Germany,https://doi.org/10.1515/medgen-2025-2030,2025,article,TRUE,Medizinische Genetik,https://openalex.org/S182554291,0936-5931,https://openalex.org/P4310319965,Springer Nature,https://doi.org/10.1515/medgen-2025-2030,https://www.degruyterbrill.com/document/doi/10.1515/medgen-2025-2030/pdf,cc-by,publishedVersion
https://openalex.org/A5030831053,Reiner Siebert,https://orcid.org/0000-0001-7433-3703,first,TRUE,https://openalex.org/I196349391,Universität Ulm,https://ror.org/032000t02,DE,education,https://openalex.org/I196349391,Ulm University & Ulm University Medical Centre Institute of Human Genetics Ulm Germany,https://doi.org/10.1515/medgen-2025-2029,2025,article,TRUE,Medizinische Genetik,https://openalex.org/S182554291,0936-5931,https://openalex.org/P4310319965,Springer Nature,https://doi.org/10.1515/medgen-2025-2029,https://www.degruyterbrill.com/document/doi/10.1515/medgen-2025-2029/pdf,cc-by,publishedVersion
https://openalex.org/A5055254048,Maja Stiawa,https://orcid.org/0000-0003-0852-9796,first,TRUE,https://openalex.org/I196349391,Universität Ulm,https://ror.org/032000t02,DE,education,https://openalex.org/I196349391,"Department for Psychiatry and Psychotherapy II, Ulm University, Ulm, Germany",https://doi.org/10.1371/journal.pone.0336209,2025,article,TRUE,PLoS ONE,https://openalex.org/S202381698,1932-6203,https://openalex.org/P4310315706,Public Library of Science,https://doi.org/10.1371/journal.pone.0336209,NA,cc-by,publishedVersion
https://openalex.org/A5111479164,Manfred Spitzer,NA,first,TRUE,https://openalex.org/I196349391,Universität Ulm,https://ror.org/032000t02,DE,education,https://openalex.org/I196349391,"Universitt Ulm Abteilung fr Psychiatrie Leimgrubenweg 12-14 89075 Ulm , Deutschland",https://doi.org/10.1055/a-2628-5810,2025,article,TRUE,Nervenheilkunde,https://openalex.org/S143149996,0722-1541,https://openalex.org/P4310321135,Thieme Medical Publishers (Germany),https://doi.org/10.1055/a-2628-5810,http://www.thieme-connect.de/products/ejournals/pdf/10.1055/a-2628-5810.pdf,NA,publishedVersion
https://openalex.org/A5083176109,Luisa de Roy,https://orcid.org/0009-0006-6906-0599,first,TRUE,https://openalex.org/I196349391,Universität Ulm,https://ror.org/032000t02,DE,education,https://openalex.org/I196349391,"Institute of Orthopaedic Research and Biomechanics, Center for Trauma Research, Ulm University Medical Center, Ulm, Germany. Electronic address: luisa.de-roy@uni-ulm.de",https://doi.org/10.1016/j.joca.2025.11.002,2025,article,TRUE,Osteoarthritis and Cartilage,https://openalex.org/S13054843,1063-4584,https://openalex.org/P4310320990,Elsevier BV,https://doi.org/10.1016/j.joca.2025.11.002,NA,cc-by,publishedVersion
https://openalex.org/A5054986224,Luciano Petruzziello,https://orcid.org/0000-0002-7515-9767,first,TRUE,https://openalex.org/I196349391,Universität Ulm,https://ror.org/032000t02,DE,education,https://openalex.org/I196349391,Center for Integrated Quantum Science and Technology (IQST),https://doi.org/10.1103/wgmf-88lv,2026,preprint,TRUE,Physical review. D/Physical review. D.,https://openalex.org/S4210238307,2470-0010,https://openalex.org/P4310320261,American Physical Society,https://doi.org/10.1103/wgmf-88lv,NA,cc-by,publishedVersion
https://openalex.org/A5024661265,Tom Philipp,https://orcid.org/0000-0003-0139-5131,first,FALSE,https://openalex.org/I196349391,Universität Ulm,https://ror.org/032000t02,DE,education,https://openalex.org/I196349391,Institute of Analytical and Bioanalytical Chemistry (IABC) Ulm University  Albert‐Einstein‐Allee 11 89081 Ulm Germany,https://doi.org/10.1002/cssc.202501463,2025,article,TRUE,ChemSusChem,https://openalex.org/S193447295,1864-5631,https://openalex.org/P4310320595,Wiley,https://doi.org/10.1002/cssc.202501463,https://onlinelibrary.wiley.com/doi/pdfdirect/10.1002/cssc.202501463,cc-by,publishedVersion
https://openalex.org/A5014780865,Matthias C. Schaal,NA,first,TRUE,https://openalex.org/I196349391,Universität Ulm,https://ror.org/032000t02,DE,education,https://openalex.org/I196349391,"Klinik für Diagnostische und Interventionelle Radiologie, Universitätsklinikum Ulm, Albert-Einstein-Allee 23, 89081, Ulm, Deutschland. matthias.schaal@uniklinik-ulm.de",https://doi.org/10.1007/s00117-025-01536-9,2025,article,FALSE,Die Radiologie,https://openalex.org/S4387280104,2731-7048,https://openalex.org/P4310319900,Springer Nature,https://doi.org/10.1007/s00117-025-01536-9,NA,NA,publishedVersion
https://openalex.org/A5115907597,Lena Mohr,NA,first,TRUE,https://openalex.org/I196349391,Universität Ulm,https://ror.org/032000t02,DE,education,https://openalex.org/I196349391,"Section Integrative Medicine, Department of General and Visceral Surgery, Ulm University Medical Center, Ulm, Germany",https://doi.org/10.1159/000548783,2025,article,TRUE,Complementary Medicine Research,https://openalex.org/S2764745268,2504-2092,NA,NA,https://doi.org/10.1159/000548783,https://karger.com/cmr/article-pdf/doi/10.1159/000548783/4465622/000548783.pdf,cc-by-nc,publishedVersion
NA,Markus Wagner,https://orcid.org/0009-0007-4283-4299,first,TRUE,https://openalex.org/I196349391,Universität Ulm,https://ror.org/032000t02,DE,education,https://openalex.org/I196349391,"Faculty of Natural Sciences, Ulm University, D-89081 Ulm, Germany",https://doi.org/10.1364/boe.579246,2025,article,TRUE,Biomedical Optics Express,https://openalex.org/S104118869,2156-7085,https://openalex.org/P4310315679,Optica Publishing Group,https://doi.org/10.1364/boe.579246,NA,cc-by,publishedVersion
https://openalex.org/A5040206909,Oxana Kosenko,https://orcid.org/0000-0003-4859-826X,first,TRUE,https://openalex.org/I196349391,Universität Ulm,https://ror.org/032000t02,DE,education,https://openalex.org/I196349391,"Institute of the History, Philosophy and Ethics of Medicine at Ulm University, D-89081, Ulm, Germany",https://doi.org/10.1186/s13034-025-00994-2,2025,article,TRUE,Child and Adolescent Psychiatry and Mental Health,https://openalex.org/S133884896,1753-2000,https://openalex.org/P4310320256,Springer Nature,https://doi.org/10.1186/s13034-025-00994-2,https://capmh.biomedcentral.com/counter/pdf/10.1186/s13034-025-00994-2,cc-by,publishedVersion
https://openalex.org/A5116074855,Luisa T. Balz,https://orcid.org/0009-0002-8088-3386,first,TRUE,https://openalex.org/I196349391,Universität Ulm,https://ror.org/032000t02,DE,education,https://openalex.org/I196349391,"Department of Neurology, Faculty of Medicine, Ulm University Oberer Eselsberg, 45-89071, Ulm, Germany",https://doi.org/10.1038/s41598-025-25453-y,2025,article,TRUE,Scientific Reports,https://openalex.org/S196734849,2045-2322,https://openalex.org/P4310319908,Springer Nature,https://doi.org/10.1038/s41598-025-25453-y,https://www.nature.com/articles/s41598-025-25453-y.pdf,cc-by,publishedVersion
https://openalex.org/A5055930884,Jonathan Ungethüm,NA,first,TRUE,https://openalex.org/I196349391,Universität Ulm,https://ror.org/032000t02,DE,education,https://openalex.org/I196349391,"Institute of Microelectronics, University of Ulm,Ulm,Germany",https://doi.org/10.1109/norcas66540.2025.11231273,2025,article,FALSE,NA,NA,NA,NA,NA,https://doi.org/10.1109/norcas66540.2025.11231273,NA,NA,publishedVersion
https://openalex.org/A5050710969,Abdul Rahman Idrees,https://orcid.org/0000-0002-9861-1947,first,TRUE,https://openalex.org/I196349391,Universität Ulm,https://ror.org/032000t02,DE,education,https://openalex.org/I196349391,"Department of Clinical Psychology and Psychotherapy, Ulm University, Ulm, Germany",https://doi.org/10.1007/s41666-025-00225-5,2025,article,TRUE,Journal of Healthcare Informatics Research,https://openalex.org/S4210196546,2509-4971,https://openalex.org/P4310319900,Springer Nature,https://doi.org/10.1007/s41666-025-00225-5,https://link.springer.com/content/pdf/10.1007/s41666-025-00225-5.pdf,cc-by,publishedVersion
https://openalex.org/A5068933684,Michael Fritz,https://orcid.org/0000-0003-1336-5116,first,TRUE,https://openalex.org/I196349391,Universität Ulm,https://ror.org/032000t02,DE,education,https://openalex.org/I196349391,"Department of Forensic Psychiatry and Psychotherapy, Ulm University, 89312 Guenzburg, Germany",https://doi.org/10.3390/brainsci15111240,2025,article,TRUE,Brain Sciences,https://openalex.org/S122317144,2076-3425,https://openalex.org/P4310310987,Multidisciplinary Digital Publishing Institute,https://doi.org/10.3390/brainsci15111240,https://www.mdpi.com/2076-3425/15/11/1240/pdf?version=1763549145,cc-by,publishedVersion
https://openalex.org/A5067502396,Filippo Maria Verri,https://orcid.org/0009-0006-2840-8130,first,TRUE,https://openalex.org/I196349391,Universität Ulm,https://ror.org/032000t02,DE,education,https://openalex.org/I196349391,"Ulm University, Institute for Geriatric Research, Ulm, Germany",https://doi.org/10.1016/j.jgo.2025.102472,2025,article,FALSE,Journal of Geriatric Oncology,https://openalex.org/S199414623,1879-4068,https://openalex.org/P4310320990,Elsevier BV,https://doi.org/10.1016/j.jgo.2025.102472,NA,NA,publishedVersion
https://openalex.org/A5067502396,Filippo Maria Verri,https://orcid.org/0009-0006-2840-8130,first,TRUE,https://openalex.org/I196349391,Universität Ulm,https://ror.org/032000t02,DE,education,https://openalex.org/I196349391,"Ulm University, Institute for Geriatric Research, Ulm, Germany",https://doi.org/10.1016/j.jgo.2025.102674,2025,article,FALSE,Journal of Geriatric Oncology,https://openalex.org/S199414623,1879-4068,https://openalex.org/P4310320990,Elsevier BV,https://doi.org/10.1016/j.jgo.2025.102674,NA,NA,publishedVersion
https://openalex.org/A5103094591,Lukas Danner,https://orcid.org/0000-0002-2222-2486,first,TRUE,https://openalex.org/I196349391,Universität Ulm,https://ror.org/032000t02,DE,education,https://openalex.org/I196349391,German Aerospace Center,https://doi.org/10.48550/arxiv.2510.08030,2025,preprint,TRUE,ArXiv.org,https://openalex.org/S4393918464,2331-8422,NA,NA,http://arxiv.org/abs/2510.08030,https://arxiv.org/pdf/2510.08030,cc-by,submittedVersion
https://openalex.org/A5061177559,Florian Steger,https://orcid.org/0000-0001-8108-1591,first,TRUE,https://openalex.org/I196349391,Universität Ulm,https://ror.org/032000t02,DE,education,https://openalex.org/I196349391,"Institut für Geschichte, Theorie und Ethik der Medizin, Universität Ulm Ulm Germany",https://doi.org/10.30965/29498570-20250148,2025,article,FALSE,Zeitschrift für medizinische Ethik,https://openalex.org/S4306535618,0944-7652,NA,NA,https://doi.org/10.30965/29498570-20250148,NA,NA,publishedVersion
https://openalex.org/A5086915145,Rostand Roméo Chamedjeu,https://orcid.org/0000-0002-7800-8147,first,FALSE,https://openalex.org/I196349391,Universität Ulm,https://ror.org/032000t02,DE,education,https://openalex.org/I196349391,Institute of Evolutionary Ecology and Conservation Genomics University of Ulm  Ulm Germany,https://doi.org/10.1111/1758-2229.70235,2025,article,TRUE,Environmental Microbiology Reports,https://openalex.org/S56987637,1758-2229,https://openalex.org/P4310320595,Wiley,https://doi.org/10.1111/1758-2229.70235,https://onlinelibrary.wiley.com/doi/pdfdirect/10.1111/1758-2229.70235,cc-by,publishedVersion
https://openalex.org/A5120659334,Alicia Pirwass,NA,first,TRUE,https://openalex.org/I196349391,Universität Ulm,https://ror.org/032000t02,DE,education,https://openalex.org/I196349391,"AI for Sensor Data Analytics Research Group, Ulm University of Applied Sciences, 89081, Ulm, Germany. alicia.pirwass@uni-ulm.de",https://doi.org/10.1186/s12880-025-02037-w,2025,article,TRUE,BMC Medical Imaging,https://openalex.org/S6505649,1471-2342,https://openalex.org/P4310320256,Springer Nature,https://doi.org/10.1186/s12880-025-02037-w,NA,cc-by,publishedVersion
https://openalex.org/A5005892985,Zeqiang Zhang,https://orcid.org/0000-0001-8764-1123,first,FALSE,https://openalex.org/I196349391,Universität Ulm,https://ror.org/032000t02,DE,education,https://openalex.org/I196349391,"Institute of Neural Information Processing, Ulm University, 89075 Ulm, Germany",https://doi.org/10.3390/e27121182,2025,article,TRUE,Entropy,https://openalex.org/S195231649,1099-4300,https://openalex.org/P4310310987,Multidisciplinary Digital Publishing Institute,https://doi.org/10.3390/e27121182,https://www.mdpi.com/1099-4300/27/12/1182/pdf?version=1763725241,cc-by,publishedVersion
https://openalex.org/A5103217515,M. Kasper,https://orcid.org/0000-0002-3713-0162,first,FALSE,https://openalex.org/I196349391,Universität Ulm,https://ror.org/032000t02,DE,education,https://openalex.org/I196349391,"Bundeswehr Institute of Radiobiology, affiliated to the University of Ulm",https://doi.org/10.1080/09553002.2025.2588402,2025,article,FALSE,International Journal of Radiation Biology,https://openalex.org/S44383424,0955-3002,https://openalex.org/P4310320547,Taylor & Francis,https://doi.org/10.1080/09553002.2025.2588402,NA,NA,publishedVersion
https://openalex.org/A5002418054,Johannes Biskupek,https://orcid.org/0000-0002-0964-3200,first,TRUE,https://openalex.org/I196349391,Universität Ulm,https://ror.org/032000t02,DE,education,https://openalex.org/I196349391,"Electron Microscopy Group of Materials Science, University of Ulm, Ulm D-89081, Germany. Electronic address: johannes.biskupek@uni-ulm.de",https://doi.org/10.1016/j.micron.2025.103963,2025,article,TRUE,Micron,https://openalex.org/S141109035,0968-4328,https://openalex.org/P4310320990,Elsevier BV,https://doi.org/10.1016/j.micron.2025.103963,NA,cc-by,publishedVersion
https://openalex.org/A5071584986,Michael Paukovitsch,https://orcid.org/0000-0002-8056-3908,first,TRUE,https://openalex.org/I196349391,Universität Ulm,https://ror.org/032000t02,DE,education,https://openalex.org/I196349391,"Department of Cardiology, Ulm University Heart Center, Albert-Einstein-Allee 23, 89081, Ulm, Germany. michael.paukovitsch@uniklinik-ulm.de",https://doi.org/10.1007/s00392-025-02802-5,2025,article,TRUE,Clinical Research in Cardiology,https://openalex.org/S81098524,1861-0684,https://openalex.org/P4310319900,Springer Nature,https://doi.org/10.1007/s00392-025-02802-5,https://link.springer.com/content/pdf/10.1007/s00392-025-02802-5.pdf,cc-by,publishedVersion
https://openalex.org/A5120471088,Harini Srikant,https://orcid.org/0009-0004-6066-1991,first,TRUE,https://openalex.org/I196349391,Universität Ulm,https://ror.org/032000t02,DE,education,https://openalex.org/I196349391,University of Illinois Urbana-Champaign,https://doi.org/10.1149/ma2025-02663102mtgabs,2025,article,FALSE,ECS Meeting Abstracts,https://openalex.org/S4210168594,1091-8213,https://openalex.org/P4310311669,Institute of Physics,https://doi.org/10.1149/ma2025-02663102mtgabs,NA,NA,publishedVersion
https://openalex.org/A5044112456,Sara Marques,https://orcid.org/0000-0001-6784-5612,first,FALSE,https://openalex.org/I196349391,Universität Ulm,https://ror.org/032000t02,DE,education,https://openalex.org/I196349391,Department of Orthopedics Division for Biochemistry of Joint and Connective Tissue Diseases University of Ulm  Ulm Germany,https://doi.org/10.1002/mco2.70484,2025,article,TRUE,MedComm,https://openalex.org/S4210236862,2688-2663,https://openalex.org/P4310320595,Wiley,https://doi.org/10.1002/mco2.70484,https://onlinelibrary.wiley.com/doi/pdfdirect/10.1002/mco2.70484,cc-by,publishedVersion
https://openalex.org/A5065582587,Yuchuan Wang,https://orcid.org/0000-0001-5111-6562,first,TRUE,https://openalex.org/I196349391,Universität Ulm,https://ror.org/032000t02,DE,education,https://openalex.org/I196349391,"Dermatology, Universitat Ulm, Ulm, Germany",https://doi.org/10.1016/j.jid.2025.10.455,2025,article,FALSE,Journal of Investigative Dermatology,https://openalex.org/S28607811,0022-202X,https://openalex.org/P4310320990,Elsevier BV,https://doi.org/10.1016/j.jid.2025.10.455,NA,NA,publishedVersion
https://openalex.org/A5120471088,Harini Srikant,https://orcid.org/0009-0004-6066-1991,first,TRUE,https://openalex.org/I196349391,Universität Ulm,https://ror.org/032000t02,DE,education,https://openalex.org/I196349391,University of Illinois Urbana-Champaign,https://doi.org/10.1149/ma2025-022347mtgabs,2025,article,FALSE,ECS Meeting Abstracts,https://openalex.org/S4210168594,1091-8213,https://openalex.org/P4310311669,Institute of Physics,https://doi.org/10.1149/ma2025-022347mtgabs,NA,NA,publishedVersion
https://openalex.org/A5090120877,Verena Bopp,NA,first,TRUE,https://openalex.org/I196349391,Universität Ulm,https://ror.org/032000t02,DE,education,https://openalex.org/I196349391,"Department of Neurology, University Clinic Ulm, 89081 Ulm, Germany",https://doi.org/10.1016/j.isci.2025.114217,2025,article,TRUE,iScience,https://openalex.org/S2898358376,2589-0042,https://openalex.org/P4310315673,Elsevier BV,https://doi.org/10.1016/j.isci.2025.114217,NA,cc-by,publishedVersion
https://openalex.org/A5085404858,Stephan Klessinger,https://orcid.org/0000-0003-1180-9908,first,TRUE,https://openalex.org/I196349391,Universität Ulm,https://ror.org/032000t02,DE,education,https://openalex.org/I196349391,"Neurochirurgie Biberach, Eichendorffweg 5, 88400, Biberach, Germany",https://doi.org/10.1016/j.inpm.2025.100705,2025,editorial,TRUE,Interventional Pain Medicine,https://openalex.org/S4210225249,2772-5944,https://openalex.org/P4310320990,Elsevier BV,https://doi.org/10.1016/j.inpm.2025.100705,NA,cc-by-nc-nd,publishedVersion
https://openalex.org/A5081820494,L Amthor,NA,first,TRUE,https://openalex.org/I196349391,Universität Ulm,https://ror.org/032000t02,DE,education,https://openalex.org/I196349391,"Department of Ophthalmology, Ulm University Medical
                    Center, Ulm, Germany",https://doi.org/10.1055/a-2708-3562,2025,article,FALSE,Experimental and Clinical Endocrinology & Diabetes,https://openalex.org/S67343978,0947-7349,https://openalex.org/P4310320000,Thieme Medical Publishers (Germany),https://doi.org/10.1055/a-2708-3562,NA,NA,publishedVersion
https://openalex.org/A5120614204,Tasja Leupold,NA,first,TRUE,https://openalex.org/I196349391,Universität Ulm,https://ror.org/032000t02,DE,education,https://openalex.org/I196349391,"Sektion Medizinische Psychologie, Klinik für Psychosomatische Medizin und Psychotherapie, Universitätsklinikum Ulm, Albert-Einstein-Allee 7, 89081, Ulm, Deutschland",https://doi.org/10.1007/s00482-025-00913-6,2025,article,TRUE,Der Schmerz,https://openalex.org/S42225297,0932-433X,https://openalex.org/P4310319900,Springer Nature,https://doi.org/10.1007/s00482-025-00913-6,https://link.springer.com/content/pdf/10.1007/s00482-025-00913-6.pdf,cc-by,publishedVersion
https://openalex.org/A5010874053,Tobias Jahn,NA,first,TRUE,https://openalex.org/I196349391,Universität Ulm,https://ror.org/032000t02,DE,education,https://openalex.org/I196349391,University of Ulm,https://doi.org/10.21203/rs.3.rs-7924782/v1,2025,preprint,TRUE,Research Square,https://openalex.org/S4306525896,NA,NA,NA,https://doi.org/10.21203/rs.3.rs-7924782/v1,https://www.researchsquare.com/article/rs-7924782/latest.pdf,cc-by,acceptedVersion
https://openalex.org/A5053897764,Hao Gu,https://orcid.org/0000-0002-4278-8559,first,TRUE,https://openalex.org/I196349391,Universität Ulm,https://ror.org/032000t02,DE,education,https://openalex.org/I196349391,"Institute of Neurobiochemistry , Ulm University Albert-Einstein-Allee , 11, 89081, Ulm, Germany",https://doi.org/10.1038/s41598-025-30105-2,2025,article,TRUE,Scientific Reports,https://openalex.org/S196734849,2045-2322,https://openalex.org/P4310319908,Springer Nature,https://doi.org/10.1038/s41598-025-30105-2,https://www.nature.com/articles/s41598-025-30105-2_reference.pdf,cc-by,publishedVersion
https://openalex.org/A5107115529,Felix Majer,https://orcid.org/0009-0001-0599-9955,first,TRUE,https://openalex.org/I196349391,Universität Ulm,https://ror.org/032000t02,DE,education,https://openalex.org/I196349391,Universität Ulm,https://doi.org/10.26434/chemrxiv-2025-xtrvv,2025,article,FALSE,ChemRxiv,https://openalex.org/S4393918830,2573-2293,NA,NA,https://doi.org/10.26434/chemrxiv-2025-xtrvv,NA,NA,acceptedVersion
https://openalex.org/A5086099441,Julia Bord,NA,first,TRUE,https://openalex.org/I196349391,Universität Ulm,https://ror.org/032000t02,DE,education,https://openalex.org/I196349391,Institute of Electrochemistry Ulm University Albert‐Einstein‐Allee 47 89081 Ulm Germany,https://doi.org/10.1002/smll.71271,2025,article,TRUE,Small,https://openalex.org/S94619837,1613-6810,https://openalex.org/P4310320595,Wiley,https://doi.org/10.1002/smll.71271,https://onlinelibrary.wiley.com/doi/pdfdirect/10.1002/smll.71271,NA,publishedVersion
https://openalex.org/A5050026497,S Aleksandrova–Yankulovska,https://orcid.org/0000-0002-9749-8807,first,TRUE,https://openalex.org/I196349391,Universität Ulm,https://ror.org/032000t02,DE,education,https://openalex.org/I196349391,"German Center for Child and Adolescent Health (DZKJ), partner site Ulm, Ulm, Germany. silviya.aleksandrova-yankulovska@uni-ulm.de",https://doi.org/10.1186/s12910-025-01350-x,2025,article,TRUE,BMC Medical Ethics,https://openalex.org/S17537316,1472-6939,https://openalex.org/P4310320256,Springer Nature,https://doi.org/10.1186/s12910-025-01350-x,NA,cc-by,publishedVersion
https://openalex.org/A5001476012,Manuel Eichenlaub,https://orcid.org/0000-0003-2150-3160,first,TRUE,https://openalex.org/I196349391,Universität Ulm,https://ror.org/032000t02,DE,education,https://openalex.org/I196349391,"Institut für Diabetes-Technologie, Forschungs- und Entwicklungsgesellschaft mbH an der Universität Ulm, Ulm, Germany",https://doi.org/10.1177/15209156251403566,2025,article,FALSE,Diabetes Technology & Therapeutics,https://openalex.org/S67495602,1520-9156,https://openalex.org/P4310320443,"Mary Ann Liebert, Inc.",https://doi.org/10.1177/15209156251403566,NA,NA,publishedVersion
https://openalex.org/A5037521648,Daniel Schoene,https://orcid.org/0000-0003-0717-5746,first,TRUE,https://openalex.org/I196349391,Universität Ulm,https://ror.org/032000t02,DE,education,https://openalex.org/I196349391,"Department of Clinical Gerontology, Robert Bosch Hospital, Stuttgart, Germany",https://doi.org/10.1136/bmjopen-2025-105969,2025,article,TRUE,BMJ Open,https://openalex.org/S79054089,2044-6055,https://openalex.org/P4310319945,BMJ,https://doi.org/10.1136/bmjopen-2025-105969,NA,cc-by-nc,publishedVersion
https://openalex.org/A5067059810,Pascal Jansen,https://orcid.org/0000-0002-9335-5462,first,TRUE,https://openalex.org/I196349391,Universität Ulm,https://ror.org/032000t02,DE,education,https://openalex.org/I196349391,"Ulm University, Ulm, Germany",https://doi.org/10.1145/3771882.3771888,2025,article,TRUE,NA,NA,NA,NA,NA,https://doi.org/10.1145/3771882.3771888,NA,cc-by,publishedVersion
https://openalex.org/A5102652716,Lena Peter,NA,first,TRUE,https://openalex.org/I196349391,Universität Ulm,https://ror.org/032000t02,DE,education,https://openalex.org/I196349391,University of Ulm,https://doi.org/10.21203/rs.3.rs-8056528/v1,2025,preprint,TRUE,Research Square,https://openalex.org/S4306525896,NA,NA,NA,https://doi.org/10.21203/rs.3.rs-8056528/v1,https://www.researchsquare.com/article/rs-8056528/latest.pdf,cc-by,acceptedVersion
https://openalex.org/A5111602852,T Seufferlein,NA,first,TRUE,https://openalex.org/I196349391,Universität Ulm,https://ror.org/032000t02,DE,education,https://openalex.org/I196349391,"Klinik für Innere Medizin I, Gastroenterologie, Endokrinologie, Nephrologie, Ernährung und Stoffwechsel, Universitätsklinikum Ulm, Albert Einstein Allee 23, 89081, Ulm, Deutschland",https://doi.org/10.1007/s12312-025-01517-y,2025,article,FALSE,Forum,https://openalex.org/S4210228950,0947-0255,https://openalex.org/P4310319900,Springer Nature,https://doi.org/10.1007/s12312-025-01517-y,NA,NA,publishedVersion
https://openalex.org/A5041266113,Michaël Uhl,https://orcid.org/0000-0002-9563-4991,first,TRUE,https://openalex.org/I196349391,Universität Ulm,https://ror.org/032000t02,DE,education,https://openalex.org/I196349391,"Department of Neurosurgery, Ulm University Medical Center, Ulm",https://doi.org/10.1055/s-0045-1812336,2025,article,FALSE,Klinische Pädiatrie,https://openalex.org/S186178718,0300-8630,https://openalex.org/P4310320000,Thieme Medical Publishers (Germany),https://doi.org/10.1055/s-0045-1812336,NA,NA,publishedVersion
https://openalex.org/A5006529077,Dennis Stucke,https://orcid.org/0009-0005-8659-1896,first,TRUE,https://openalex.org/I196349391,Universität Ulm,https://ror.org/032000t02,DE,education,https://openalex.org/I196349391,University of Ulm,https://doi.org/10.26434/chemrxiv-2025-54lbn,2025,article,TRUE,ChemRxiv,https://openalex.org/S4393918830,2573-2293,NA,NA,https://doi.org/10.26434/chemrxiv-2025-54lbn,NA,cc-by,acceptedVersion
https://openalex.org/A5109526305,Sbaa Syeda,NA,first,TRUE,https://openalex.org/I196349391,Universität Ulm,https://ror.org/032000t02,DE,education,https://openalex.org/I196349391,"Ulm University, Ulm University Medical Center, Institute of Human Genetics, Ulm, Germany",https://doi.org/10.1055/s-0045-1812966,2025,article,FALSE,Klinische Pädiatrie,https://openalex.org/S186178718,0300-8630,https://openalex.org/P4310320000,Thieme Medical Publishers (Germany),https://doi.org/10.1055/s-0045-1812966,NA,NA,publishedVersion
https://openalex.org/A5046127374,N Matscheko,NA,first,TRUE,https://openalex.org/I196349391,Universität Ulm,https://ror.org/032000t02,DE,education,https://openalex.org/I196349391,"Ulm University and Ulm University Medical Center, Institute of Human Genetics, Ulm, Germany",https://doi.org/10.1055/s-0045-1812945,2025,article,FALSE,Klinische Pädiatrie,https://openalex.org/S186178718,0300-8630,https://openalex.org/P4310320000,Thieme Medical Publishers (Germany),https://doi.org/10.1055/s-0045-1812945,NA,NA,publishedVersion
https://openalex.org/A5059513956,Harald Ehrhardt,NA,first,TRUE,https://openalex.org/I196349391,Universität Ulm,https://ror.org/032000t02,DE,education,https://openalex.org/I196349391,"Division of Neonatology and Pediatric Intensive Care Medicine, Department of Pediatrics and Adolescent Medicine, University Medical Center Ulm, Ulm, Germany harald.ehrhardt@uniklinik-ulm.de",https://doi.org/10.1183/13993003.01672-2025,2025,article,FALSE,European Respiratory Journal,https://openalex.org/S4210207896,0903-1936,https://openalex.org/P4310317833,European Respiratory Society,https://doi.org/10.1183/13993003.01672-2025,NA,NA,publishedVersion
https://openalex.org/A5002442029,Zongren Zhao,NA,first,TRUE,https://openalex.org/I196349391,Universität Ulm,https://ror.org/032000t02,DE,education,https://openalex.org/I196349391,"Department of Neurology, Ulm University, 89081, Ulm, Germany",https://doi.org/10.1038/s41598-025-27172-w,2025,article,TRUE,Scientific Reports,https://openalex.org/S196734849,2045-2322,https://openalex.org/P4310319908,Springer Nature,https://doi.org/10.1038/s41598-025-27172-w,https://www.nature.com/articles/s41598-025-27172-w.pdf,cc-by-nc-nd,publishedVersion
https://openalex.org/A5008039247,Alexandre Laliberté,https://orcid.org/0000-0002-6526-4133,first,FALSE,https://openalex.org/I196349391,Universität Ulm,https://ror.org/032000t02,DE,education,https://openalex.org/I196349391,"Institute of Molecular Virology, Ulm University Medical Center, Ulm, Germany",https://doi.org/10.1038/s41467-025-67028-5,2025,article,TRUE,Nature Communications,https://openalex.org/S64187185,2041-1723,https://openalex.org/P4310319908,Springer Nature,https://doi.org/10.1038/s41467-025-67028-5,https://www.nature.com/articles/s41467-025-67028-5_reference.pdf,cc-by,publishedVersion
https://openalex.org/A5013784904,Dayou Yang,https://orcid.org/0000-0003-1186-0906,first,TRUE,https://openalex.org/I196349391,Universität Ulm,https://ror.org/032000t02,DE,education,https://openalex.org/I196349391,University of Science and Technology of China,https://doi.org/10.1103/ltfw-4fwn,2026,article,TRUE,Physical Review Letters,https://openalex.org/S24807848,0031-9007,https://openalex.org/P4310320261,American Physical Society,https://doi.org/10.1103/ltfw-4fwn,NA,cc-by,publishedVersion
https://openalex.org/A5046741069,Aladdin Skaf,https://orcid.org/0009-0008-1092-7842,first,FALSE,https://openalex.org/I196349391,Universität Ulm,https://ror.org/032000t02,DE,education,https://openalex.org/I196349391,"Molecular and Translational Neuroscience, Department of Neurology, Ulm University, Ulm, Germany",https://doi.org/10.64898/2025.12.02.691836,2025,article,FALSE,bioRxiv (Cold Spring Harbor Laboratory),https://openalex.org/S4306402567,NA,https://openalex.org/I2750212522,Cold Spring Harbor Laboratory,https://doi.org/10.64898/2025.12.02.691836,NA,NA,acceptedVersion
https://openalex.org/A5083176109,Luisa de Roy,https://orcid.org/0009-0006-6906-0599,first,FALSE,https://openalex.org/I196349391,Universität Ulm,https://ror.org/032000t02,DE,education,https://openalex.org/I196349391,"Institute of Orthopedic Research and Biomechanics, Center for Trauma Research Ulm University Medical Center Ulm Germany",https://doi.org/10.1002/ksa.70225,2025,article,TRUE,Knee Surgery Sports Traumatology Arthroscopy,https://openalex.org/S51654951,0942-2056,https://openalex.org/P4310319900,Springer Nature,https://doi.org/10.1002/ksa.70225,https://onlinelibrary.wiley.com/doi/pdfdirect/10.1002/ksa.70225,cc-by,publishedVersion
https://openalex.org/A5063827752,Xingmao Chang,https://orcid.org/0000-0002-0784-3495,first,TRUE,https://openalex.org/I196349391,Universität Ulm,https://ror.org/032000t02,DE,education,https://openalex.org/I196349391,Institut für Organische Chemie und Zentrum für Integrierte Quantenwissenschaft und ‐technologie Universität Ulm  Albert‐Einstein‐Allee 11 89081 Ulm Deutschland,https://doi.org/10.1002/ange.202522950,2025,article,TRUE,Angewandte Chemie,https://openalex.org/S4210200754,0044-8249,https://openalex.org/P4310320595,Wiley,https://doi.org/10.1002/ange.202522950,NA,cc-by,publishedVersion
https://openalex.org/A5047855644,U Friebe-Hoffmann,NA,first,TRUE,https://openalex.org/I196349391,Universität Ulm,https://ror.org/032000t02,DE,education,https://openalex.org/I196349391,"Universitätsfrauenklinik Ulm, Geburtshilfe und Pränatalmedizin, Ulm, Deutschland",https://doi.org/10.1055/s-0045-1813799,2025,article,FALSE,Zeitschrift für Geburtshilfe und Neonatologie,https://openalex.org/S72845316,0948-2393,https://openalex.org/P4310320000,Thieme Medical Publishers (Germany),https://doi.org/10.1055/s-0045-1813799,NA,NA,publishedVersion
https://openalex.org/A5052204880,U Friebe-Hoffmann,NA,first,TRUE,https://openalex.org/I196349391,Universität Ulm,https://ror.org/032000t02,DE,education,https://openalex.org/I196349391,"Universitätsfrauenklinik Ulm, Geburtshilfe und Pränatalmedizin, Ulm, Deutschland",https://doi.org/10.1055/s-0045-1813800,2025,article,FALSE,Zeitschrift für Geburtshilfe und Neonatologie,https://openalex.org/S72845316,0948-2393,https://openalex.org/P4310320000,Thieme Medical Publishers (Germany),https://doi.org/10.1055/s-0045-1813800,NA,NA,publishedVersion
https://openalex.org/A5093234968,Justus Leist,https://orcid.org/0009-0004-0799-6215,first,TRUE,https://openalex.org/I196349391,Universität Ulm,https://ror.org/032000t02,DE,education,https://openalex.org/I196349391,"Institute of Electrochemistry, Ulm University, D-89081 Ulm, Germany",https://doi.org/10.21203/rs.3.rs-8205080/v1,2025,preprint,TRUE,Research Square,https://openalex.org/S4306525896,NA,NA,NA,https://doi.org/10.21203/rs.3.rs-8205080/v1,https://www.researchsquare.com/article/rs-8205080/latest.pdf,cc-by,acceptedVersion
NA,Amelie Huber,NA,first,TRUE,https://openalex.org/I196349391,Universität Ulm,https://ror.org/032000t02,DE,education,https://openalex.org/I196349391,"Hahn-Schickard, Sedanstraße 14, 89077 Ulm, Germany",https://doi.org/10.1016/j.isci.2025.114378,2025,article,TRUE,iScience,https://openalex.org/S2898358376,2589-0042,https://openalex.org/P4310315673,Elsevier BV,https://doi.org/10.1016/j.isci.2025.114378,NA,cc-by,publishedVersion
https://openalex.org/A5025466734,Hannah Flach,NA,first,TRUE,https://openalex.org/I196349391,Universität Ulm,https://ror.org/032000t02,DE,education,https://openalex.org/I196349391,"Institute of Biochemistry and Molecular Biology, Ulm University, Albert-Einstein-Allee 11, Ulm 89081, Germany",https://doi.org/10.1016/j.etap.2025.104905,2025,article,TRUE,Environmental Toxicology and Pharmacology,https://openalex.org/S108944336,1382-6689,https://openalex.org/P4310320990,Elsevier BV,https://doi.org/10.1016/j.etap.2025.104905,NA,cc-by,publishedVersion
NA,Arta Schellhorn,https://orcid.org/0009-0001-0221-5991,first,TRUE,https://openalex.org/I196349391,Universität Ulm,https://ror.org/032000t02,DE,education,https://openalex.org/I196349391,Universität Ulm,https://doi.org/10.1103/5l43-22dp,2025,article,TRUE,Physical Review Research,https://openalex.org/S4210240247,2643-1564,https://openalex.org/P4310320261,American Physical Society,https://doi.org/10.1103/5l43-22dp,NA,cc-by,publishedVersion
https://openalex.org/A5068399160,Daniel Gruber,https://orcid.org/0009-0007-7142-1039,first,TRUE,https://openalex.org/I196349391,Universität Ulm,https://ror.org/032000t02,DE,education,https://openalex.org/I196349391,Ulm University,https://doi.org/10.1080/21505594.2025.2597576,2025,article,TRUE,Virulence,https://openalex.org/S2484688887,2150-5594,https://openalex.org/P4310320547,Taylor & Francis,https://doi.org/10.1080/21505594.2025.2597576,NA,cc-by,publishedVersion
https://openalex.org/A5037750452,Billy Michael Chelliah Jebaraj,https://orcid.org/0000-0002-6188-1652,first,TRUE,https://openalex.org/I196349391,Universität Ulm,https://ror.org/032000t02,DE,education,https://openalex.org/I196349391,"Division of CLL, Department of Internal Medicine III, Ulm University, Ulm, Germany",https://doi.org/10.1158/2643-3230.bcd-25-0390,2025,article,FALSE,Blood Cancer Discovery,https://openalex.org/S4210239195,2643-3230,https://openalex.org/P4310320273,American Association for Cancer Research,https://doi.org/10.1158/2643-3230.bcd-25-0390,NA,NA,publishedVersion
https://openalex.org/A5022074063,Ulrich Martin,https://orcid.org/0000-0002-1237-0426,first,TRUE,https://openalex.org/I196349391,Universität Ulm,https://ror.org/032000t02,DE,education,https://openalex.org/I196349391,"Department of Psychiatry, Ulm University, Ulm, Germany. martin.ulrich@uni-ulm.de",https://doi.org/10.1038/s41598-025-32189-2,2025,article,TRUE,Scientific Reports,https://openalex.org/S196734849,2045-2322,https://openalex.org/P4310319908,Springer Nature,https://doi.org/10.1038/s41598-025-32189-2,https://www.nature.com/articles/s41598-025-32189-2_reference.pdf,cc-by,publishedVersion
https://openalex.org/A5101698247,Shengnan He,https://orcid.org/0000-0002-3425-8603,first,FALSE,https://openalex.org/I196349391,Universität Ulm,https://ror.org/032000t02,DE,education,https://openalex.org/I196349391,Ulm University;,https://doi.org/10.64898/2025.12.12.693864,2025,preprint,TRUE,bioRxiv (Cold Spring Harbor Laboratory),https://openalex.org/S4306402567,NA,https://openalex.org/I2750212522,Cold Spring Harbor Laboratory,https://doi.org/10.64898/2025.12.12.693864,NA,cc-by,acceptedVersion
https://openalex.org/A5033345922,Andreas Sakkas,https://orcid.org/0000-0002-1268-6375,first,TRUE,https://openalex.org/I196349391,Universität Ulm,https://ror.org/032000t02,DE,education,https://openalex.org/I196349391,"Department of Oral and Maxillofacial Surgery, University Hospital Ulm, Albert-Einstein-Allee 11, Ulm, 89081, Germany. andreas.sakkas@uni-ulm.de",https://doi.org/10.1186/s13005-025-00558-x,2025,article,TRUE,Head & Face Medicine,https://openalex.org/S4480651,1746-160X,https://openalex.org/P4310320256,Springer Nature,https://doi.org/10.1186/s13005-025-00558-x,https://link.springer.com/content/pdf/10.1186/s13005-025-00558-x.pdf,cc-by,publishedVersion
https://openalex.org/A5085497237,Falko Schmidt,https://orcid.org/0000-0002-1664-0796,first,TRUE,https://openalex.org/I196349391,Universität Ulm,https://ror.org/032000t02,DE,education,https://openalex.org/I196349391,"Department of Orthodontics, Centre of Dentistry, University of Ulm, Albert-Einstein-Allee 11, 89081, Ulm, Germany. Electronic address: falko.schmidt@uni-ulm.de",https://doi.org/10.1016/j.jmbbm.2025.107312,2025,article,TRUE,Journal of the mechanical behavior of biomedical materials/Journal of mechanical behavior of biomedical materials,https://openalex.org/S100249163,1751-6161,https://openalex.org/P4310320990,Elsevier BV,https://doi.org/10.1016/j.jmbbm.2025.107312,NA,cc-by,publishedVersion
https://openalex.org/A5111342249,Abhinav Das,NA,first,TRUE,https://openalex.org/I196349391,Universität Ulm,https://ror.org/032000t02,DE,education,https://openalex.org/I196349391,"Ulm University,Faculty of Mathematics and Economics,Ulm,Germany,89081",https://doi.org/10.1109/eeae65901.2025.11273385,2025,article,FALSE,NA,NA,NA,NA,NA,https://doi.org/10.1109/eeae65901.2025.11273385,NA,NA,publishedVersion
https://openalex.org/A5068399160,Daniel Gruber,https://orcid.org/0009-0007-7142-1039,first,FALSE,https://openalex.org/I196349391,Universität Ulm,https://ror.org/032000t02,DE,education,https://openalex.org/I196349391,Ulm University: Universitat Ulm;,https://doi.org/10.64898/2025.12.16.694556,2025,article,TRUE,bioRxiv (Cold Spring Harbor Laboratory),https://openalex.org/S4306402567,NA,https://openalex.org/I2750212522,Cold Spring Harbor Laboratory,https://doi.org/10.64898/2025.12.16.694556,https://www.biorxiv.org/content/biorxiv/early/2025/12/16/2025.12.16.694556.full.pdf,cc-by,acceptedVersion
https://openalex.org/A5082278051,Jessica Wolf,https://orcid.org/0000-0001-6983-9881,first,TRUE,https://openalex.org/I196349391,Universität Ulm,https://ror.org/032000t02,DE,education,https://openalex.org/I196349391,"Geriatric Center Ulm, AGAPLESION Bethesda Ulm, Ulm, Germany",https://doi.org/10.1186/s12877-025-06833-5,2025,article,TRUE,BMC Geriatrics,https://openalex.org/S14643628,1471-2318,https://openalex.org/P4310320256,Springer Nature,https://doi.org/10.1186/s12877-025-06833-5,NA,cc-by,publishedVersion
https://openalex.org/A5086773329,Joachim Bansmann,https://orcid.org/0000-0003-3205-7450,first,TRUE,https://openalex.org/I196349391,Universität Ulm,https://ror.org/032000t02,DE,education,https://openalex.org/I196349391,Institute of Surface Chemistry and Catalysis/Institute of Physical Chemistry II Ulm University  D‐89069 Ulm Germany,https://doi.org/10.1002/cphc.202500397,2025,article,TRUE,ChemPhysChem,https://openalex.org/S169445072,1439-4235,https://openalex.org/P4310320595,Wiley,https://doi.org/10.1002/cphc.202500397,NA,cc-by,publishedVersion
https://openalex.org/A5108349393,A. Schubert,NA,first,TRUE,https://openalex.org/I196349391,Universität Ulm,https://ror.org/032000t02,DE,education,https://openalex.org/I196349391,"Ulm , Dsseldorf ;",https://doi.org/10.20944/preprints202512.1376.v1,2025,preprint,TRUE,Preprints.org,https://openalex.org/S6309402219,NA,NA,NA,https://doi.org/10.20944/preprints202512.1376.v1,https://www.preprints.org/frontend/manuscript/aad52a2aaa25a64dd8568b2ce119f6cf/download_pub,cc-by,acceptedVersion
https://openalex.org/A5108349393,A. Schubert,NA,first,TRUE,https://openalex.org/I196349391,Universität Ulm,https://ror.org/032000t02,DE,education,https://openalex.org/I196349391,"Ulm , Dsseldorf",https://doi.org/10.20944/preprints202512.1416.v1,2025,preprint,TRUE,Preprints.org,https://openalex.org/S6309402219,NA,NA,NA,https://doi.org/10.20944/preprints202512.1416.v1,https://www.preprints.org/frontend/manuscript/d4848449177fb01dee02f45eb777bf64/download_pub,cc-by,acceptedVersion
https://openalex.org/A5041362490,Luna Bellani,https://orcid.org/0000-0002-4640-2967,first,FALSE,https://openalex.org/I196349391,Universität Ulm,https://ror.org/032000t02,DE,education,https://openalex.org/I196349391,"Department of Economics, Ulm University",https://doi.org/10.1080/00220388.2025.2595045,2025,article,TRUE,The Journal of Development Studies,https://openalex.org/S61808140,0022-0388,https://openalex.org/P4310320547,Taylor & Francis,https://doi.org/10.1080/00220388.2025.2595045,NA,cc-by,publishedVersion
https://openalex.org/A5007150819,Marius Müßler,https://orcid.org/0009-0009-4300-4742,first,TRUE,https://openalex.org/I196349391,Universität Ulm,https://ror.org/032000t02,DE,education,https://openalex.org/I196349391,"Institute of Inorganic Chemistry I, Ulm University, Albert-Einstein-Allee 11, 89081 Ulm, Germany",https://doi.org/10.26434/chemrxiv-2025-1nsr5,2025,preprint,FALSE,ChemRxiv,https://openalex.org/S4393918830,2573-2293,NA,NA,https://doi.org/10.26434/chemrxiv-2025-1nsr5,NA,NA,acceptedVersion
NA,Riccarda Müller,https://orcid.org/0009-0007-7189-9411,first,TRUE,https://openalex.org/I196349391,Universität Ulm,https://ror.org/032000t02,DE,education,https://openalex.org/I196349391,"Institute of Analytical and Bioanalytical Chemistry (IABC), Ulm University, Albert-Einstein-Allee 11, 89081, Ulm, Germany",https://doi.org/10.1007/s00216-025-06292-2,2025,article,TRUE,Analytical and Bioanalytical Chemistry,https://openalex.org/S18188872,1618-2642,https://openalex.org/P4310319900,Springer Nature,https://doi.org/10.1007/s00216-025-06292-2,https://link.springer.com/content/pdf/10.1007/s00216-025-06292-2.pdf,cc-by,publishedVersion
NA,"Rothenbacher, Dietrich",NA,first,TRUE,https://openalex.org/I196349391,Universität Ulm,https://ror.org/032000t02,DE,education,https://openalex.org/I196349391,"Institute of Epidemiology and Medical Biometry, Ulm University, Ulm, Germany",https://doi.org/10.3205/25gmds164,2025,article,TRUE,German Medical Science (German Research Foundation),https://openalex.org/S4306402251,NA,https://openalex.org/I4210126796,German Heart Research Foundation,https://doi.org/10.3205/25gmds164,NA,cc-by,NA
NA,"Pietron, Jakob",https://orcid.org/0000-0001-8308-6636,first,TRUE,https://openalex.org/I196349391,Universität Ulm,https://ror.org/032000t02,DE,education,https://openalex.org/I196349391,Universität Ulm,https://doi.org/10.5281/zenodo.17517128,2025,dataset,TRUE,Zenodo (CERN European Organization for Nuclear Research),https://openalex.org/S4306400562,NA,https://openalex.org/I67311998,European Organization for Nuclear Research,https://doi.org/10.5281/zenodo.17517128,NA,cc-by,NA
NA,"Dake, Jules",https://orcid.org/0000-0003-0586-0344,first,TRUE,https://openalex.org/I196349391,Universität Ulm,https://ror.org/032000t02,DE,education,https://openalex.org/I196349391,"Universitaet Ulm, Institute of Functional Nanosystems, Albert-Einstein-Allee 47, 89081 Ulm, Germany",https://doi.org/10.15151/esrf-es-2237627366,2025,dataset,TRUE,European Synchrotron Radiation Facility,https://openalex.org/S7407051764,NA,NA,NA,https://doi.org/10.15151/esrf-es-2237627366,NA,cc-by,NA
NA,"Dake, Jules",https://orcid.org/0000-0003-0586-0344,first,TRUE,https://openalex.org/I196349391,Universität Ulm,https://ror.org/032000t02,DE,education,https://openalex.org/I196349391,"Universitaet Ulm, Institute of Functional Nanosystems, Albert-Einstein-Allee 47, 89081 Ulm, Germany",https://doi.org/10.15151/esrf-es-2278503101,2025,dataset,TRUE,European Synchrotron Radiation Facility,https://openalex.org/S7407051764,NA,NA,NA,https://doi.org/10.15151/esrf-es-2278503101,NA,cc-by,NA
NA,Kalpan Ved,NA,first,TRUE,https://openalex.org/I196349391,Universität Ulm,https://ror.org/032000t02,DE,education,https://openalex.org/I196349391,Universität Ulm,https://doi.org/10.5281/zenodo.17608696,2025,dataset,TRUE,Zenodo (CERN European Organization for Nuclear Research),https://openalex.org/S4306400562,NA,https://openalex.org/I67311998,European Organization for Nuclear Research,https://doi.org/10.5281/zenodo.17608696,NA,cc-by,NA
NA,Kalpan Ved,NA,first,TRUE,https://openalex.org/I196349391,Universität Ulm,https://ror.org/032000t02,DE,education,https://openalex.org/I196349391,Universität Ulm,https://doi.org/10.5281/zenodo.17608695,2026,dataset,TRUE,Zenodo (CERN European Organization for Nuclear Research),https://openalex.org/S4306400562,NA,https://openalex.org/I67311998,European Organization for Nuclear Research,https://doi.org/10.5281/zenodo.17608695,NA,cc-by,NA
NA,"Brand, Matthias",https://orcid.org/0009-0007-9722-8771,first,TRUE,https://openalex.org/I196349391,Universität Ulm,https://ror.org/032000t02,DE,education,https://openalex.org/I196349391,University of Ulm,https://doi.org/10.6084/m9.figshare.30645007.v1,2025,other,TRUE,Figshare,https://openalex.org/S4377196282,NA,https://openalex.org/I4210132348,Figshare (United Kingdom),NA,NA,cc-by,submittedVersion
NA,"Zolg, Julia",NA,first,TRUE,https://openalex.org/I196349391,Universität Ulm,https://ror.org/032000t02,DE,education,https://openalex.org/I196349391,Universität Ulm,https://doi.org/10.5281/zenodo.17608992,2025,dataset,TRUE,Zenodo (CERN European Organization for Nuclear Research),https://openalex.org/S4306400562,NA,https://openalex.org/I67311998,European Organization for Nuclear Research,https://doi.org/10.5281/zenodo.17608992,NA,cc-by,NA
NA,"Brand, Matthias",https://orcid.org/0009-0007-9722-8771,first,TRUE,https://openalex.org/I196349391,Universität Ulm,https://ror.org/032000t02,DE,education,https://openalex.org/I196349391,University of Ulm,https://doi.org/10.6084/m9.figshare.30645007,2025,other,TRUE,Figshare,https://openalex.org/S4377196282,NA,https://openalex.org/I4210132348,Figshare (United Kingdom),https://doi.org/10.6084/m9.figshare.30645007,NA,cc-by,NA
NA,"Zolg, Julia",NA,first,TRUE,https://openalex.org/I196349391,Universität Ulm,https://ror.org/032000t02,DE,education,https://openalex.org/I196349391,Universität Ulm,https://doi.org/10.5281/zenodo.17608991,2025,dataset,TRUE,Zenodo (CERN European Organization for Nuclear Research),https://openalex.org/S4306400562,NA,https://openalex.org/I67311998,European Organization for Nuclear Research,https://doi.org/10.5281/zenodo.17608991,NA,cc-by,NA
NA,"थोपटे, महादेव गुलाबराव",NA,first,TRUE,https://openalex.org/I196349391,Universität Ulm,https://ror.org/032000t02,DE,education,https://openalex.org/I196349391,"अर्थशास्त्र विभाग प्रमुख, सुभाष बाबुराव कुल कला,वाणिज्य व विज्ञान महाविद्यालय, केडगाव  ता.- दौंड, जि.- पुणे",https://doi.org/10.5281/zenodo.17646507,2025,article,TRUE,Zenodo (CERN European Organization for Nuclear Research),https://openalex.org/S4306400562,NA,https://openalex.org/I67311998,European Organization for Nuclear Research,https://doi.org/10.5281/zenodo.17646507,NA,cc-by,NA
NA,"थोपटे, महादेव गुलाबराव",NA,first,TRUE,https://openalex.org/I196349391,Universität Ulm,https://ror.org/032000t02,DE,education,https://openalex.org/I196349391,"अर्थशास्त्र विभाग प्रमुख, सुभाष बाबुराव कुल कला,वाणिज्य व विज्ञान महाविद्यालय, केडगाव  ता.- दौंड, जि.- पुणे",https://doi.org/10.5281/zenodo.17646506,2025,article,TRUE,Zenodo (CERN European Organization for Nuclear Research),https://openalex.org/S4306400562,NA,https://openalex.org/I67311998,European Organization for Nuclear Research,https://doi.org/10.5281/zenodo.17646506,NA,cc-by,NA
NA,"Penert, Philipp",https://orcid.org/0009-0000-6882-8953,first,TRUE,https://openalex.org/I196349391,Universität Ulm,https://ror.org/032000t02,DE,education,https://openalex.org/I196349391,Universität Ulm,https://doi.org/10.5281/zenodo.17591856,2025,article,TRUE,Zenodo (CERN European Organization for Nuclear Research),https://openalex.org/S4306400562,NA,https://openalex.org/I67311998,European Organization for Nuclear Research,https://doi.org/10.5281/zenodo.17591856,NA,cc-by,NA
NA,"Penert, Philipp",https://orcid.org/0009-0000-6882-8953,first,TRUE,https://openalex.org/I196349391,Universität Ulm,https://ror.org/032000t02,DE,education,https://openalex.org/I196349391,Universität Ulm,https://doi.org/10.5281/zenodo.17591857,2025,article,TRUE,Zenodo (CERN European Organization for Nuclear Research),https://openalex.org/S4306400562,NA,https://openalex.org/I67311998,European Organization for Nuclear Research,https://doi.org/10.5281/zenodo.17591857,NA,cc-by,NA
NA,"Weber, Sabrina",https://orcid.org/0009-0004-6004-6817,first,TRUE,https://openalex.org/I196349391,Universität Ulm,https://ror.org/032000t02,DE,education,https://openalex.org/I196349391,Universität Ulm,https://doi.org/10.5281/zenodo.17748892,2025,dataset,TRUE,Zenodo (CERN European Organization for Nuclear Research),https://openalex.org/S4306400562,NA,https://openalex.org/I67311998,European Organization for Nuclear Research,https://doi.org/10.5281/zenodo.17748892,NA,cc-by,NA
NA,"Weber, Sabrina",https://orcid.org/0009-0004-6004-6817,first,TRUE,https://openalex.org/I196349391,Universität Ulm,https://ror.org/032000t02,DE,education,https://openalex.org/I196349391,Universität Ulm,https://doi.org/10.5281/zenodo.17748893,2025,dataset,TRUE,Zenodo (CERN European Organization for Nuclear Research),https://openalex.org/S4306400562,NA,https://openalex.org/I67311998,European Organization for Nuclear Research,https://doi.org/10.5281/zenodo.17748893,NA,cc-by,NA
NA,"He, Shengnan",NA,first,TRUE,https://openalex.org/I196349391,Universität Ulm,https://ror.org/032000t02,DE,education,https://openalex.org/I196349391,Universitat Ulm,https://doi.org/10.17632/wrkrs83rm8,2025,dataset,TRUE,Mendeley Data,https://openalex.org/S7407050775,NA,NA,NA,https://doi.org/10.17632/wrkrs83rm8,NA,cc-by,NA
NA,"He, Shengnan",NA,first,TRUE,https://openalex.org/I196349391,Universität Ulm,https://ror.org/032000t02,DE,education,https://openalex.org/I196349391,Universitat Ulm,https://doi.org/10.17632/wrkrs83rm8.1,2025,dataset,TRUE,Mendeley Data,https://openalex.org/S7407050775,NA,NA,NA,https://doi.org/10.17632/wrkrs83rm8.1,NA,cc-by,NA
NA,André Knoll,https://orcid.org/0009-0001-2793-2962,first,TRUE,https://openalex.org/I196349391,Universität Ulm,https://ror.org/032000t02,DE,education,https://openalex.org/I196349391,Universität Ulm,https://doi.org/10.1103/3jjy-8f99,2025,article,TRUE,"Physical review. A/Physical review, A",https://openalex.org/S4210182288,2469-9926,https://openalex.org/P4310320261,American Physical Society,https://doi.org/10.1103/3jjy-8f99,NA,cc-by,publishedVersion
NA,Nikolai A. K. Steur,https://orcid.org/0000-0002-8182-6781,first,TRUE,https://openalex.org/I196349391,Universität Ulm,https://ror.org/032000t02,DE,education,https://openalex.org/I196349391,"Institute of Neural Information Processing, Ulm University, James-Franck-Ring, 89081 Ulm, Germany",https://doi.org/10.3390/make7040165,2025,article,TRUE,Machine Learning and Knowledge Extraction,https://openalex.org/S4210213891,2504-4990,https://openalex.org/P4310310987,Multidisciplinary Digital Publishing Institute,https://doi.org/10.3390/make7040165,https://www.mdpi.com/2504-4990/7/4/165/pdf?version=1765545239,cc-by,publishedVersion
NA,Franz Braun,https://orcid.org/0009-0002-6930-4267,first,FALSE,https://openalex.org/I196349391,Universität Ulm,https://ror.org/032000t02,DE,education,https://openalex.org/I196349391,Institute for Chemical Engineering Ulm University  Albert‐Einstein‐Allee 11 89081 Ulm Germany,https://doi.org/10.1002/cite.70055,2025,article,TRUE,Chemie Ingenieur Technik,https://openalex.org/S125795645,0009-286X,https://openalex.org/P4310320595,Wiley,https://doi.org/10.1002/cite.70055,https://onlinelibrary.wiley.com/doi/pdfdirect/10.1002/cite.70055,cc-by,publishedVersion
NA,"Rzesny, Luisa",https://orcid.org/0000-0003-1594-1148,first,TRUE,https://openalex.org/I196349391,Universität Ulm,https://ror.org/032000t02,DE,education,https://openalex.org/I196349391,Universität Ulm,https://doi.org/10.5281/zenodo.17940218,2025,article,TRUE,Zenodo (CERN European Organization for Nuclear Research),https://openalex.org/S4306400562,NA,https://openalex.org/I67311998,European Organization for Nuclear Research,https://doi.org/10.5281/zenodo.17940218,NA,cc-by,NA
NA,Anne Beltzer,https://orcid.org/0000-0002-8308-8540,first,TRUE,https://openalex.org/I196349391,Universität Ulm,https://ror.org/032000t02,DE,education,https://openalex.org/I196349391,"Institute for Diabetes Technology Ulm, Ulm, Germany",https://doi.org/10.2147/prom.s554524,2025,article,TRUE,Patient Related Outcome Measures,https://openalex.org/S2764672344,1179-271X,https://openalex.org/P4310320348,Taylor & Francis,https://doi.org/10.2147/prom.s554524,https://www.dovepress.com/article/download/110120,cc-by-nc,publishedVersion
NA,"Müller, Riccarda",https://orcid.org/0009-0007-7189-9411,first,TRUE,https://openalex.org/I196349391,Universität Ulm,https://ror.org/032000t02,DE,education,https://openalex.org/I196349391,Universität Ulm,https://doi.org/10.5281/zenodo.17866132,2025,dataset,TRUE,Zenodo (CERN European Organization for Nuclear Research),https://openalex.org/S4306400562,NA,https://openalex.org/I67311998,European Organization for Nuclear Research,https://doi.org/10.5281/zenodo.17866132,NA,cc-by,NA
NA,"Müller, Riccarda",https://orcid.org/0009-0007-7189-9411,first,TRUE,https://openalex.org/I196349391,Universität Ulm,https://ror.org/032000t02,DE,education,https://openalex.org/I196349391,Universität Ulm,https://doi.org/10.5281/zenodo.17866131,2025,dataset,TRUE,Zenodo (CERN European Organization for Nuclear Research),https://openalex.org/S4306400562,NA,https://openalex.org/I67311998,European Organization for Nuclear Research,https://doi.org/10.5281/zenodo.17866131,NA,cc-by,NA
NA,C. Ruth Archer,https://orcid.org/0000-0003-2501-425X,first,TRUE,https://openalex.org/I196349391,Universität Ulm,https://ror.org/032000t02,DE,education,https://openalex.org/I196349391,"Institute of Evolutionary Ecology and Conservation Genomics, University of Ulm, Ulm, Germany",https://doi.org/10.1016/j.anbehav.2025.123423,2025,article,TRUE,Animal Behaviour,https://openalex.org/S157690423,0003-3472,https://openalex.org/P4310320990,Elsevier BV,https://doi.org/10.1016/j.anbehav.2025.123423,NA,cc-by,publishedVersion
NA,Stephan Klessinger,https://orcid.org/0000-0003-1180-9908,first,TRUE,https://openalex.org/I196349391,Universität Ulm,https://ror.org/032000t02,DE,education,https://openalex.org/I196349391,"Neurochirurgie Biberach, Eichendorffweg 5, 88400, Biberach, Germany",https://doi.org/10.1016/j.inpm.2025.100720,2025,article,TRUE,Interventional Pain Medicine,https://openalex.org/S4210225249,2772-5944,https://openalex.org/P4310320990,Elsevier BV,https://doi.org/10.1016/j.inpm.2025.100720,NA,cc-by-nc-nd,publishedVersion
https://openalex.org/A5067239308,Dajana Isakov,NA,first,TRUE,https://openalex.org/I196349391,Universität Ulm,https://ror.org/032000t02,DE,education,https://openalex.org/I196349391,"Institute of Inorganic Chemistry I, Ulm University, Albert-Einstein-Allee 11, 89081 Ulm, Germany",https://doi.org/10.26434/chemrxiv-2025-jd7c8,2025,article,FALSE,ChemRxiv,https://openalex.org/S4393918830,2573-2293,NA,NA,https://doi.org/10.26434/chemrxiv-2025-jd7c8,NA,NA,acceptedVersion
https://openalex.org/A5028307345,Fatemeh Sousani,NA,first,TRUE,https://openalex.org/I196349391,Universität Ulm,https://ror.org/032000t02,DE,education,https://openalex.org/I196349391,"Institute of Inorganic Chemistry I, Ulm University, Albert-Einstein-Allee 11, 89081 Ulm, Germany",https://doi.org/10.26434/chemrxiv-2025-13f16,2025,article,FALSE,ChemRxiv,https://openalex.org/S4393918830,2573-2293,NA,NA,https://doi.org/10.26434/chemrxiv-2025-13f16,NA,NA,acceptedVersion
https://openalex.org/A5093050373,Luca Hefty,NA,first,TRUE,https://openalex.org/I196349391,Universität Ulm,https://ror.org/032000t02,DE,education,https://openalex.org/I196349391,"Institute of Inorganic Chemistry I, Ulm University, Albert Einstein Allee, 11, 89081 Ulm, Germany",https://doi.org/10.26434/chemrxiv-2025-78dls,2025,article,FALSE,ChemRxiv,https://openalex.org/S4393918830,2573-2293,NA,NA,https://doi.org/10.26434/chemrxiv-2025-78dls,NA,NA,acceptedVersion
https://openalex.org/A5061866744,Sebastian Knoll,https://orcid.org/0000-0003-0566-3025,first,TRUE,https://openalex.org/I196349391,Universität Ulm,https://ror.org/032000t02,DE,education,https://openalex.org/I196349391,Universität Ulm,https://doi.org/10.26434/chemrxiv-2025-z8nc0,2025,article,TRUE,ChemRxiv,https://openalex.org/S4393918830,2573-2293,NA,NA,https://doi.org/10.26434/chemrxiv-2025-z8nc0,NA,cc-by,acceptedVersion
https://openalex.org/A5090546525,B Mizaikoff,NA,first,TRUE,https://openalex.org/I196349391,Universität Ulm,https://ror.org/032000t02,DE,education,https://openalex.org/I196349391,Hahn-Schickard,https://doi.org/10.5281/zenodo.18023176,2025,dataset,TRUE,Zenodo (CERN European Organization for Nuclear Research),https://openalex.org/S4306400562,NA,https://openalex.org/I67311998,European Organization for Nuclear Research,https://doi.org/10.5281/zenodo.18023176,NA,cc-by,NA
https://openalex.org/A5087618564,Alexander Tombrink,NA,first,TRUE,https://openalex.org/I196349391,Universität Ulm,https://ror.org/032000t02,DE,education,https://openalex.org/I196349391,"Institute of Organic Chemistry II and Advanced Materials, Ulm University, Albert-Einstein-Allee 11, 89081 Ulm, Germany",https://doi.org/10.1039/d5sc08675b,2025,article,TRUE,Chemical Science,https://openalex.org/S184645833,2041-6520,https://openalex.org/P4310320556,Royal Society of Chemistry,https://doi.org/10.1039/d5sc08675b,https://pubs.rsc.org/en/content/articlepdf/2026/sc/d5sc08675b,cc-by,publishedVersion
https://openalex.org/A5090546525,B Mizaikoff,NA,first,TRUE,https://openalex.org/I196349391,Universität Ulm,https://ror.org/032000t02,DE,education,https://openalex.org/I196349391,Hahn-Schickard,https://doi.org/10.5281/zenodo.18023175,2025,dataset,TRUE,Zenodo (CERN European Organization for Nuclear Research),https://openalex.org/S4306400562,NA,https://openalex.org/I67311998,European Organization for Nuclear Research,https://doi.org/10.5281/zenodo.18023175,NA,cc-by,NA
https://openalex.org/A5077157111,Dominik Buckert,https://orcid.org/0000-0001-6190-2145,first,TRUE,https://openalex.org/I196349391,Universität Ulm,https://ror.org/032000t02,DE,education,https://openalex.org/I196349391,"Department of Clinical Medicine II, University Heart Center Ulm, University Hospital Ulm , Albert-Einstein-Allee 23, Ulm 89081 ,",https://doi.org/10.1093/ehjci/jeaf363,2025,article,TRUE,European Heart Journal - Cardiovascular Imaging,https://openalex.org/S64942916,2047-2404,https://openalex.org/P4310311648,Oxford University Press,https://doi.org/10.1093/ehjci/jeaf363,https://academic.oup.com/ehjcimaging/advance-article-pdf/doi/10.1093/ehjci/jeaf363/66116756/jeaf363.pdf,NA,publishedVersion
https://openalex.org/A5121158924,Alina Koba,NA,first,TRUE,https://openalex.org/I196349391,Universität Ulm,https://ror.org/032000t02,DE,education,https://openalex.org/I196349391,Universität Ulm,https://doi.org/10.5281/zenodo.17867940,2025,preprint,TRUE,Zenodo (CERN European Organization for Nuclear Research),https://openalex.org/S4306400562,NA,https://openalex.org/I67311998,European Organization for Nuclear Research,https://doi.org/10.5281/zenodo.17867940,NA,cc-by,NA
https://openalex.org/A5121158924,Alina Koba,NA,first,TRUE,https://openalex.org/I196349391,Universität Ulm,https://ror.org/032000t02,DE,education,https://openalex.org/I196349391,Universität Ulm,https://doi.org/10.5281/zenodo.17867941,2025,preprint,TRUE,Zenodo (CERN European Organization for Nuclear Research),https://openalex.org/S4306400562,NA,https://openalex.org/I67311998,European Organization for Nuclear Research,https://doi.org/10.5281/zenodo.17867941,NA,cc-by,NA
https://openalex.org/A5028903823,Luisa Rzesny,https://orcid.org/0000-0003-1594-1148,first,TRUE,https://openalex.org/I196349391,Universität Ulm,https://ror.org/032000t02,DE,education,https://openalex.org/I196349391,Institut für Organische Chemie II und Neue Materialien Universität Ulm  Albert‐Einstein‐Allee 11 Ulm 89081 Deutschland,https://doi.org/10.1002/ange.202516208,2025,article,TRUE,Angewandte Chemie,https://openalex.org/S4210200754,0044-8249,https://openalex.org/P4310320595,Wiley,https://doi.org/10.1002/ange.202516208,NA,cc-by,publishedVersion
https://openalex.org/A5121355479,Assyifa R. Hakim,NA,first,FALSE,https://openalex.org/I196349391,Universität Ulm,https://ror.org/032000t02,DE,education,https://openalex.org/I196349391,Medical Physics and Biophysics Physics Department Faculty of Mathematics and Natural Sciences Universitas Indonesia  Depok Indonesia,https://doi.org/10.1002/mp.70212,2025,article,TRUE,Medical Physics,https://openalex.org/S95522064,0094-2405,https://openalex.org/P4310320595,Wiley,https://doi.org/10.1002/mp.70212,https://onlinelibrary.wiley.com/doi/pdfdirect/10.1002/mp.70212,cc-by,publishedVersion
https://openalex.org/A5121169048,Denis Neumüller,NA,first,TRUE,https://openalex.org/I196349391,Universität Ulm,https://ror.org/032000t02,DE,education,https://openalex.org/I196349391,Universität Ulm,https://doi.org/10.5281/zenodo.18069697,2025,other,TRUE,Zenodo (CERN European Organization for Nuclear Research),https://openalex.org/S4306400562,NA,https://openalex.org/I67311998,European Organization for Nuclear Research,https://doi.org/10.5281/zenodo.18069697,NA,cc-by,NA
https://openalex.org/A5121169048,Denis Neumüller,NA,first,TRUE,https://openalex.org/I196349391,Universität Ulm,https://ror.org/032000t02,DE,education,https://openalex.org/I196349391,Universität Ulm,https://doi.org/10.5281/zenodo.18069698,2025,other,TRUE,Zenodo (CERN European Organization for Nuclear Research),https://openalex.org/S4306400562,NA,https://openalex.org/I67311998,European Organization for Nuclear Research,https://doi.org/10.5281/zenodo.18069698,NA,cc-by,NA
https://openalex.org/A5089547723,Martin Wabitsch,https://orcid.org/0000-0001-6795-8430,first,TRUE,https://openalex.org/I196349391,Universität Ulm,https://ror.org/032000t02,DE,education,https://openalex.org/I196349391,"Division of Pediatric Endocrinology and Diabetes, Department of Pediatrics and Adolescent Medicine, Ulm University Medical Center, Ulm, Germany",https://doi.org/10.1001/jamapediatrics.2025.5145,2025,article,FALSE,JAMA Pediatrics,https://openalex.org/S14226812,2168-6203,https://openalex.org/P4310320259,American Medical Association,https://doi.org/10.1001/jamapediatrics.2025.5145,NA,NA,publishedVersion
https://openalex.org/A5090344108,Nina Jendrike,NA,first,TRUE,https://openalex.org/I196349391,Universität Ulm,https://ror.org/032000t02,DE,education,https://openalex.org/I196349391,"Institut für Diabetes-Technologie, Forschungs- und Entwicklungsgesellschaft mbH an der Universität Ulm, Lise-Meitner-Strasse 8/2, 89081, Ulm, Germany. nina.jendrike@idt-ulm.de",https://doi.org/10.1007/s13300-025-01832-6,2025,article,TRUE,Diabetes Therapy,https://openalex.org/S16535137,1869-6953,https://openalex.org/P4310320330,Springer Nature,https://doi.org/10.1007/s13300-025-01832-6,https://link.springer.com/content/pdf/10.1007/s13300-025-01832-6.pdf,cc-by-nc,publishedVersion
https://openalex.org/A5121465732,An Chen,NA,first,TRUE,https://openalex.org/I196349391,Universität Ulm,https://ror.org/032000t02,DE,education,https://openalex.org/I196349391,"Institute of Insurance Science, University of Ulm, Ulm, Germany",https://doi.org/10.1007/s10797-025-09930-8,2025,article,TRUE,International Tax and Public Finance,https://openalex.org/S42192170,0927-5940,https://openalex.org/P4310319900,Springer Nature,https://doi.org/10.1007/s10797-025-09930-8,https://link.springer.com/content/pdf/10.1007/s10797-025-09930-8.pdf,cc-by,publishedVersion
https://openalex.org/A5090184431,Hossein Falah Mohammadi,https://orcid.org/0000-0002-3685-4345,first,FALSE,https://openalex.org/I196349391,Universität Ulm,https://ror.org/032000t02,DE,education,https://openalex.org/I196349391,"Institute of Biochemistry and Molecular Biology, Ulm University, Albert-Einstein-Allee 11, 89081 Ulm, Germany",https://doi.org/10.64898/2025.12.29.696582,2025,article,TRUE,bioRxiv (Cold Spring Harbor Laboratory),https://openalex.org/S4306402567,NA,https://openalex.org/I2750212522,Cold Spring Harbor Laboratory,https://doi.org/10.64898/2025.12.29.696582,https://www.biorxiv.org/content/biorxiv/early/2025/12/29/2025.12.29.696582.full.pdf,cc-by,acceptedVersion
https://openalex.org/A5116074855,Luisa T. Balz,https://orcid.org/0009-0002-8088-3386,first,TRUE,https://openalex.org/I196349391,Universität Ulm,https://ror.org/032000t02,DE,education,https://openalex.org/I196349391,"Department of Neurology, Faculty of Medicine, Ulm University Oberer Eselsberg, 45-89071, Ulm, Germany",https://doi.org/10.1038/s41598-025-33148-7,2025,article,TRUE,Scientific Reports,https://openalex.org/S196734849,2045-2322,https://openalex.org/P4310319908,Springer Nature,https://doi.org/10.1038/s41598-025-33148-7,NA,cc-by,publishedVersion
https://openalex.org/A5054925318,Robert Güttel,https://orcid.org/0000-0002-9709-1388,first,TRUE,https://openalex.org/I196349391,Universität Ulm,https://ror.org/032000t02,DE,education,https://openalex.org/I196349391,"Institute for Chemical Engineering, University of Ulm, Ulm, Germany",https://doi.org/10.1007/978-3-662-69921-8_9,2025,book-chapter,FALSE,NA,NA,NA,NA,NA,https://doi.org/10.1007/978-3-662-69921-8_9,NA,NA,publishedVersion
https://openalex.org/A5058381642,Ahmed Abdelaal,https://orcid.org/0000-0001-9724-5896,first,TRUE,https://openalex.org/I196349391,Universität Ulm,https://ror.org/032000t02,DE,education,https://openalex.org/I196349391,"Institute of Microelectronics, University of Ulm, Ulm, Germany",https://doi.org/10.1109/jssc.2025.3648344,2025,article,TRUE,IEEE Journal of Solid-State Circuits,https://openalex.org/S83637746,0018-9200,https://openalex.org/P4310319808,Institute of Electrical and Electronics Engineers,https://doi.org/10.1109/jssc.2025.3648344,NA,cc-by,publishedVersion
https://openalex.org/A5092784010,Judith Bürzle,NA,first,FALSE,https://openalex.org/I196349391,Universität Ulm,https://ror.org/032000t02,DE,education,https://openalex.org/I196349391,"Department of Child and Adolescent Psychiatry, Ulm University Medical Center, Steinhövelstr. 5, 89075 Ulm, Germany",https://doi.org/10.3390/children13010057,2025,article,TRUE,Children,https://openalex.org/S2736895435,2227-9067,https://openalex.org/P4310310987,Multidisciplinary Digital Publishing Institute,https://doi.org/10.3390/children13010057,https://www.mdpi.com/2227-9067/13/1/57/pdf?version=1767107851,cc-by,publishedVersion
https://openalex.org/A5078593816,Marie L. Ohlms,https://orcid.org/0000-0003-4022-6904,first,TRUE,https://openalex.org/I196349391,Universität Ulm,https://ror.org/032000t02,DE,education,https://openalex.org/I196349391,Institute of Psychology Albert‐Ludwigs‐Universität Freiburg Germany,https://doi.org/10.1111/ijsa.70040,2025,article,TRUE,International Journal of Selection and Assessment,https://openalex.org/S148368070,0965-075X,https://openalex.org/P4310320595,Wiley,https://doi.org/10.1111/ijsa.70040,https://onlinelibrary.wiley.com/doi/pdfdirect/10.1111/ijsa.70040,cc-by,publishedVersion
NA,Dominik Dorer,https://orcid.org/0000-0002-6988-7506,first,TRUE,https://openalex.org/I196349391,Universität Ulm,https://ror.org/032000t02,DE,education,https://openalex.org/I196349391,Universität Ulm,https://doi.org/10.1103/5mxs-g3z8,2026,article,TRUE,Physical Review Letters,https://openalex.org/S24807848,0031-9007,https://openalex.org/P4310320261,American Physical Society,https://doi.org/10.1103/5mxs-g3z8,NA,cc-by,publishedVersion
https://openalex.org/A5072382372,Zrinka Sosic-Vasic,NA,first,FALSE,https://openalex.org/I196349391,Universität Ulm,https://ror.org/032000t02,DE,education,https://openalex.org/I196349391,"Department of Applied Psychiatry and Psychotherapy, Christophsbad-Academy for Psychotherapy, Christophsbad Goeppingen, Goeppingen, Germany",https://doi.org/10.3389/fpsyt.2025.1673223,2026,article,TRUE,Frontiers in Psychiatry,https://openalex.org/S92766711,1664-0640,https://openalex.org/P4310320527,Frontiers Media,https://doi.org/10.3389/fpsyt.2025.1673223,https://public-pages-files-2025.frontiersin.org/journals/psychiatry/articles/10.3389/fpsyt.2025.1673223/pdf,cc-by,publishedVersion
https://openalex.org/A5003600946,Ernesto M. Martell-Huguet,https://orcid.org/0000-0001-6494-800X,first,TRUE,https://openalex.org/I196349391,Universität Ulm,https://ror.org/032000t02,DE,education,https://openalex.org/I196349391,"Center for Protein Studies, Faculty of Biology, University of Havana, 25 and I, La Habana 10400, Cuba",https://doi.org/10.3390/md24010032,2026,article,TRUE,Marine Drugs,https://openalex.org/S146563757,1660-3397,https://openalex.org/P4310310987,Multidisciplinary Digital Publishing Institute,https://doi.org/10.3390/md24010032,NA,cc-by,publishedVersion
https://openalex.org/A5051805345,Mariam Seyfang,https://orcid.org/0000-0003-0789-3895,first,TRUE,https://openalex.org/I196349391,Universität Ulm,https://ror.org/032000t02,DE,education,https://openalex.org/I196349391,"Universität Ulm Medizinische Fakultät, Germany",https://doi.org/10.1055/a-2771-3026,2026,article,FALSE,RöFo - Fortschritte auf dem Gebiet der Röntgenstrahlen und der bildgebenden Verfahren,https://openalex.org/S4210212309,1438-9010,https://openalex.org/P4310320000,Thieme Medical Publishers (Germany),https://doi.org/10.1055/a-2771-3026,NA,NA,publishedVersion
https://openalex.org/A5122273732,Anonymous,NA,first,TRUE,https://openalex.org/I196349391,Universität Ulm,https://ror.org/032000t02,DE,education,https://openalex.org/I196349391,Universität Ulm,https://doi.org/10.1103/185z-nxt1,2026,article,TRUE,Physical Review Applied,https://openalex.org/S2764453006,2331-7019,https://openalex.org/P4310320261,American Physical Society,https://doi.org/10.1103/185z-nxt1,NA,cc-by,publishedVersion
https://openalex.org/A5122396873,Andreas Schelhorn,NA,first,FALSE,https://openalex.org/I196349391,Universität Ulm,https://ror.org/032000t02,DE,education,https://openalex.org/I196349391,"Institute of Organic Chemistry III-Macromolecular Chemistry and Organic Materials, University of Ulm, Ulm, Germany",https://doi.org/10.1038/s41428-025-01136-3,2026,article,TRUE,Polymer Journal,https://openalex.org/S91170297,0032-3896,https://openalex.org/P4310319965,Springer Nature,https://doi.org/10.1038/s41428-025-01136-3,https://www.nature.com/articles/s41428-025-01136-3.pdf,cc-by,publishedVersion
https://openalex.org/A5122361520,Cornelia Herbert,NA,first,TRUE,https://openalex.org/I196349391,Universität Ulm,https://ror.org/032000t02,DE,education,https://openalex.org/I196349391,"Universität Ulm, Ulm, Deutschland",https://doi.org/10.1007/978-3-658-48132-2_49,2026,book-chapter,FALSE,NA,NA,NA,NA,NA,https://doi.org/10.1007/978-3-658-48132-2_49,NA,NA,publishedVersion
https://openalex.org/A5122316484,Zeynep Elmas,NA,first,TRUE,https://openalex.org/I196349391,Universität Ulm,https://ror.org/032000t02,DE,education,https://openalex.org/I196349391,"Department of Neurology, University of Ulm, Ulm, Germany",https://doi.org/10.1016/j.eclinm.2025.103742,2026,article,TRUE,EClinicalMedicine,https://openalex.org/S2898347799,2589-5370,https://openalex.org/P4310320990,Elsevier BV,https://doi.org/10.1016/j.eclinm.2025.103742,NA,cc-by,publishedVersion
https://openalex.org/A5055624388,Melih Parlak,https://orcid.org/0000-0003-2321-2359,first,TRUE,https://openalex.org/I196349391,Universität Ulm,https://ror.org/032000t02,DE,education,https://openalex.org/I196349391,"Department of Ophthalmology, Ulm University Medical School, Prittwitzstr. 43, Ulm, 89075, Germany. melih.parlak@uniklinik-ulm.de",https://doi.org/10.1007/s00417-025-07106-y,2026,article,TRUE,Graefe s Archive for Clinical and Experimental Ophthalmology,https://openalex.org/S93410275,0721-832X,https://openalex.org/P4310319900,Springer Nature,https://doi.org/10.1007/s00417-025-07106-y,https://link.springer.com/content/pdf/10.1007/s00417-025-07106-y.pdf,cc-by,publishedVersion
https://openalex.org/A5058702804,Lennart W. Sannwald,NA,first,TRUE,https://openalex.org/I196349391,Universität Ulm,https://ror.org/032000t02,DE,education,https://openalex.org/I196349391,"Department of Neurosurgery, Ulm University, 89081 Ulm, Germany",https://doi.org/10.3390/curroncol33010036,2026,article,TRUE,Current Oncology,https://openalex.org/S113449754,1198-0052,https://openalex.org/P4310310987,Multidisciplinary Digital Publishing Institute,https://doi.org/10.3390/curroncol33010036,https://www.mdpi.com/1718-7729/33/1/36/pdf,cc-by,publishedVersion
NA,"Plenio, Martin B",https://orcid.org/0000-0003-4238-8843,first,TRUE,https://openalex.org/I196349391,Universität Ulm,https://ror.org/032000t02,DE,education,https://openalex.org/I196349391,Universität Ulm,https://doi.org/10.5281/zenodo.18187533,2026,other,TRUE,Zenodo (CERN European Organization for Nuclear Research),https://openalex.org/S4306400562,NA,https://openalex.org/I67311998,European Organization for Nuclear Research,https://doi.org/10.5281/zenodo.18187533,NA,cc-by,NA
https://openalex.org/A5122375034,Katharina Feil,NA,first,TRUE,https://openalex.org/I196349391,Universität Ulm,https://ror.org/032000t02,DE,education,https://openalex.org/I196349391,"Department of Neurology and Stroke, University of Tübingen, Tübingen, Germany. katharina.feil@uniklinik-ulm.de",https://doi.org/10.1007/s12028-025-02431-w,2026,article,TRUE,Neurocritical Care,https://openalex.org/S163185351,1541-6933,https://openalex.org/P4310319900,Springer Nature,https://doi.org/10.1007/s12028-025-02431-w,https://link.springer.com/content/pdf/10.1007/s12028-025-02431-w.pdf,cc-by,publishedVersion
NA,"Korzeczek, Martin",https://orcid.org/0000-0002-0349-374X,first,TRUE,https://openalex.org/I196349391,Universität Ulm,https://ror.org/032000t02,DE,education,https://openalex.org/I196349391,Universität Ulm,https://doi.org/10.5281/zenodo.18187532,2026,other,TRUE,Zenodo (CERN European Organization for Nuclear Research),https://openalex.org/S4306400562,NA,https://openalex.org/I67311998,European Organization for Nuclear Research,https://doi.org/10.5281/zenodo.18187532,NA,cc-by,NA
https://openalex.org/A5092443076,Tim Moderer,NA,first,TRUE,https://openalex.org/I196349391,Universität Ulm,https://ror.org/032000t02,DE,education,https://openalex.org/I196349391,"Institute of Protein Biochemistry, Ulm University, 89081, Ulm, Germany. tim.moderer@uni-ulm.de",https://doi.org/10.1038/s41598-026-35297-9,2026,article,TRUE,Scientific Reports,https://openalex.org/S196734849,2045-2322,https://openalex.org/P4310319908,Springer Nature,https://doi.org/10.1038/s41598-026-35297-9,https://www.nature.com/articles/s41598-026-35297-9_reference.pdf,cc-by,publishedVersion
https://openalex.org/A5038858663,Maja Vujić Spasić,https://orcid.org/0000-0002-0297-0014,first,TRUE,https://openalex.org/I196349391,Universität Ulm,https://ror.org/032000t02,DE,education,https://openalex.org/I196349391,"Institute of Comparative Molecular Endocrinology, Ulm University , 89081 Ulm ,",https://doi.org/10.1093/jbmrpl/ziag001,2026,article,TRUE,JBMR Plus,https://openalex.org/S4210170492,2473-4039,https://openalex.org/P4310320595,Wiley,https://doi.org/10.1093/jbmrpl/ziag001,NA,cc-by,publishedVersion
https://openalex.org/A5122639446,Nevena Dimitrova,NA,first,FALSE,https://openalex.org/I196349391,Universität Ulm,https://ror.org/032000t02,DE,education,https://openalex.org/I196349391,"Department of Otorhinolaryngology, Head and Neck Surgery, Ulm University Medical Center, Frauensteige 12, 89075, Ulm, Germany",https://doi.org/10.1186/s12950-026-00485-x,2026,article,TRUE,Journal of Inflammation,https://openalex.org/S24701539,1476-9255,https://openalex.org/P4310320256,Springer Nature,https://doi.org/10.1186/s12950-026-00485-x,NA,cc-by,publishedVersion
https://openalex.org/A5003828456,Daniel Kowalczyk,https://orcid.org/0000-0002-3603-5980,first,TRUE,https://openalex.org/I196349391,Universität Ulm,https://ror.org/032000t02,DE,education,https://openalex.org/I196349391,Universität Ulm,https://doi.org/10.5281/zenodo.17867852,2025,article,TRUE,Zenodo (CERN European Organization for Nuclear Research),https://openalex.org/S4306400562,NA,https://openalex.org/I67311998,European Organization for Nuclear Research,https://doi.org/10.5281/zenodo.17867852,NA,cc-by,NA
https://openalex.org/A5086172508,Marie‐Nicole Theodoraki,https://orcid.org/0000-0002-5491-1593,first,FALSE,https://openalex.org/I196349391,Universität Ulm,https://ror.org/032000t02,DE,education,https://openalex.org/I196349391,"Department of Otolaryngology, Head and Neck Surgery, School of Medicine and Health, Technical University of Munich (TUM), Munich, Germany",https://doi.org/10.3389/fonc.2025.1701388,2026,article,TRUE,Frontiers in Oncology,https://openalex.org/S2596394214,2234-943X,https://openalex.org/P4310320527,Frontiers Media,https://doi.org/10.3389/fonc.2025.1701388,https://public-pages-files-2025.frontiersin.org/journals/oncology/articles/10.3389/fonc.2025.1701388/pdf,cc-by,publishedVersion
https://openalex.org/A5003828456,Daniel Kowalczyk,https://orcid.org/0000-0002-3603-5980,first,TRUE,https://openalex.org/I196349391,Universität Ulm,https://ror.org/032000t02,DE,education,https://openalex.org/I196349391,Universität Ulm,https://doi.org/10.5281/zenodo.17867851,2025,article,TRUE,Zenodo (CERN European Organization for Nuclear Research),https://openalex.org/S4306400562,NA,https://openalex.org/I67311998,European Organization for Nuclear Research,https://doi.org/10.5281/zenodo.17867851,NA,cc-by,NA
https://openalex.org/A5122817398,Julia Wildfeuer,NA,first,TRUE,https://openalex.org/I196349391,Universität Ulm,https://ror.org/032000t02,DE,education,https://openalex.org/I196349391,"Institute of Pathology, Ulm University, 89081 Ulm, Germany",https://doi.org/10.3390/antiox15010090,2026,article,TRUE,Antioxidants,https://openalex.org/S2737566431,2076-3921,https://openalex.org/P4310310987,Multidisciplinary Digital Publishing Institute,https://doi.org/10.3390/antiox15010090,https://www.mdpi.com/2076-3921/15/1/90/pdf,cc-by,publishedVersion
https://openalex.org/A5090788238,Zhe Zeng,https://orcid.org/0000-0001-9188-2181,first,TRUE,https://openalex.org/I196349391,Universität Ulm,https://ror.org/032000t02,DE,education,https://openalex.org/I196349391,"Department of Human Factors, Ulm University, Institute of Psychology and Education, Ulm, Germany",https://doi.org/10.1007/s12369-025-01350-2,2026,article,TRUE,International Journal of Social Robotics,https://openalex.org/S168738021,1875-4791,https://openalex.org/P4310319900,Springer Nature,https://doi.org/10.1007/s12369-025-01350-2,https://link.springer.com/content/pdf/10.1007/s12369-025-01350-2.pdf,cc-by,publishedVersion
https://openalex.org/A5052737543,Swetlana Kreinert,https://orcid.org/0009-0007-8248-5222,first,TRUE,https://openalex.org/I196349391,Universität Ulm,https://ror.org/032000t02,DE,education,https://openalex.org/I196349391,Institute of Botany Ulm University  Albert‐Einstein‐Allee 11 89081 Ulm Germany,https://doi.org/10.1111/nph.70895,2026,article,TRUE,New Phytologist,https://openalex.org/S58631098,0028-646X,https://openalex.org/P4310320595,Wiley,https://doi.org/10.1111/nph.70895,https://onlinelibrary.wiley.com/doi/pdfdirect/10.1111/nph.70895,cc-by,publishedVersion
https://openalex.org/A5044036407,Julian Zimmer,NA,first,TRUE,https://openalex.org/I196349391,Universität Ulm,https://ror.org/032000t02,DE,education,https://openalex.org/I196349391,"Ulm University,Institute of Measurement, Control and Microtechnology,Germany",https://doi.org/10.1109/cdc57313.2025.11312109,2025,article,FALSE,NA,NA,NA,NA,NA,https://doi.org/10.1109/cdc57313.2025.11312109,NA,NA,publishedVersion
https://openalex.org/A5093763449,Katja Oetinger,NA,first,TRUE,https://openalex.org/I196349391,Universität Ulm,https://ror.org/032000t02,DE,education,https://openalex.org/I196349391,"Department of Orthopaedics, Spinal Cord Injury Centre, Ulm University Medical Centre, Ulm, Germany",https://doi.org/10.3389/fpubh.2025.1704099,2026,article,TRUE,Frontiers in Public Health,https://openalex.org/S2595931848,2296-2565,https://openalex.org/P4310320527,Frontiers Media,https://doi.org/10.3389/fpubh.2025.1704099,https://public-pages-files-2025.frontiersin.org/journals/public-health/articles/10.3389/fpubh.2025.1704099/pdf,cc-by,publishedVersion
https://openalex.org/A5114747959,Nathasja Roggo-Van Luijn,NA,first,TRUE,https://openalex.org/I196349391,Universität Ulm,https://ror.org/032000t02,DE,education,https://openalex.org/I196349391,"Institute of the History, Philosophy and Ethics of Medicine, University of Ulm https://dx.doi.org/9189 Germany",https://doi.org/10.1163/1568525x-bja10396,2025,article,FALSE,Mnemosyne,https://openalex.org/S47679038,0026-7074,https://openalex.org/P4310320561,De Gruyter Brill,https://doi.org/10.1163/1568525x-bja10396,NA,NA,publishedVersion
https://openalex.org/A5065440334,Marvin Klimke,https://orcid.org/0000-0003-2647-9673,first,TRUE,https://openalex.org/I196349391,Universität Ulm,https://ror.org/032000t02,DE,education,https://openalex.org/I196349391,"Institute of Measurement, Control and Microtechnology, Ulm University, Ulm, Germany",https://doi.org/10.1109/mits.2025.3643199,2026,article,FALSE,IEEE Intelligent Transportation Systems Magazine,https://openalex.org/S131000621,1939-1390,https://openalex.org/P4310319808,Institute of Electrical and Electronics Engineers,https://doi.org/10.1109/mits.2025.3643199,NA,NA,publishedVersion
https://openalex.org/A5003828456,Daniel Kowalczyk,https://orcid.org/0000-0002-3603-5980,first,TRUE,https://openalex.org/I196349391,Universität Ulm,https://ror.org/032000t02,DE,education,https://openalex.org/I196349391,Universität Ulm,https://doi.org/10.5281/zenodo.17965864,2025,other,TRUE,Zenodo (CERN European Organization for Nuclear Research),https://openalex.org/S4306400562,NA,https://openalex.org/I67311998,European Organization for Nuclear Research,https://doi.org/10.5281/zenodo.17965864,NA,cc-by,NA
https://openalex.org/A5003828456,Daniel Kowalczyk,https://orcid.org/0000-0002-3603-5980,first,TRUE,https://openalex.org/I196349391,Universität Ulm,https://ror.org/032000t02,DE,education,https://openalex.org/I196349391,Universität Ulm,https://doi.org/10.5281/zenodo.17965863,2025,other,TRUE,Zenodo (CERN European Organization for Nuclear Research),https://openalex.org/S4306400562,NA,https://openalex.org/I67311998,European Organization for Nuclear Research,https://doi.org/10.5281/zenodo.17965863,NA,cc-by,NA
https://openalex.org/A5093609726,Nicoleta Mădălina NIȚĂ,NA,first,TRUE,https://openalex.org/I196349391,Universität Ulm,https://ror.org/032000t02,DE,education,https://openalex.org/I196349391,"Department of Cardiology, Ulm University Heart Center, Albert-Einstein-Allee 23, 89081 Ulm, Germany",https://doi.org/10.3390/biomedicines14010185,2026,article,TRUE,Biomedicines,https://openalex.org/S2737005842,2227-9059,https://openalex.org/P4310310987,Multidisciplinary Digital Publishing Institute,https://doi.org/10.3390/biomedicines14010185,https://www.mdpi.com/2227-9059/14/1/185/pdf?version=1768464452,cc-by,publishedVersion
https://openalex.org/A5120190179,Larissa Schöneburg,NA,first,TRUE,https://openalex.org/I196349391,Universität Ulm,https://ror.org/032000t02,DE,education,https://openalex.org/I196349391,Universität Ulm,https://doi.org/10.5281/zenodo.18268671,2026,dataset,TRUE,Zenodo (CERN European Organization for Nuclear Research),https://openalex.org/S4306400562,NA,https://openalex.org/I67311998,European Organization for Nuclear Research,https://doi.org/10.5281/zenodo.18268671,NA,cc-by,NA
https://openalex.org/A5120190179,Larissa Schöneburg,NA,first,TRUE,https://openalex.org/I196349391,Universität Ulm,https://ror.org/032000t02,DE,education,https://openalex.org/I196349391,Universität Ulm,https://doi.org/10.5281/zenodo.18268670,2026,dataset,TRUE,Zenodo (CERN European Organization for Nuclear Research),https://openalex.org/S4306400562,NA,https://openalex.org/I67311998,European Organization for Nuclear Research,https://doi.org/10.5281/zenodo.18268670,NA,cc-by,NA
https://openalex.org/A5123230188,Laura Rinser,NA,first,TRUE,https://openalex.org/I196349391,Universität Ulm,https://ror.org/032000t02,DE,education,https://openalex.org/I196349391,"Department of Forensic Psychiatry and Psychotherapy, University Ulm, Ulm, Germany. Electronic address: laura.rinser@bkh-guenzburg.de",https://doi.org/10.1016/j.chiabu.2026.107898,2026,article,TRUE,Child Abuse & Neglect,https://openalex.org/S53055215,0145-2134,https://openalex.org/P4310320990,Elsevier BV,https://doi.org/10.1016/j.chiabu.2026.107898,NA,cc-by,publishedVersion
https://openalex.org/A5093949218,Valentina Vasić,https://orcid.org/0000-0002-5989-5609,first,TRUE,https://openalex.org/I196349391,Universität Ulm,https://ror.org/032000t02,DE,education,https://openalex.org/I196349391,"Department of Nuclear Medicine, Ulm University, 89081, Ulm, Germany. valentina.vasic@uni-ulm.de",https://doi.org/10.1186/s40658-025-00826-4,2026,article,TRUE,EJNMMI Physics,https://openalex.org/S2737569433,2197-7364,https://openalex.org/P4310319900,Springer Nature,https://doi.org/10.1186/s40658-025-00826-4,NA,cc-by,publishedVersion
https://openalex.org/A5029796921,W. A. Kreiner,NA,first,TRUE,https://openalex.org/I196349391,Universität Ulm,https://ror.org/032000t02,DE,education,https://openalex.org/I196349391,"Faculty of Natural Sciences, Ulm University, Einsteinallee 11, D-89069 Ulm, Germany",https://doi.org/10.33425/2690-8077.1218,2025,article,TRUE,Japan Journal of Research,https://openalex.org/S4210203153,2690-8077,NA,NA,https://doi.org/10.33425/2690-8077.1218,http://sciencexcel.com/articles/oxKYia8qO5frtnGDE4E0mEMFJzl7VH9cr3MWpaDZ.pdf,cc-by,publishedVersion
https://openalex.org/A5004045747,Jennifer Spohrs,https://orcid.org/0000-0001-8886-0395,first,TRUE,https://openalex.org/I196349391,Universität Ulm,https://ror.org/032000t02,DE,education,https://openalex.org/I196349391,"Department for Child and Adolescent Psychiatry and Psychotherapy, Ulm University Medical Centre, Ulm, Germany. jennifer.spohrs@uni-ulm.de",https://doi.org/10.1007/s00787-025-02940-1,2026,article,TRUE,European Child & Adolescent Psychiatry,https://openalex.org/S159275680,1018-8827,https://openalex.org/P4310319900,Springer Nature,https://doi.org/10.1007/s00787-025-02940-1,https://link.springer.com/content/pdf/10.1007/s00787-025-02940-1.pdf,cc-by,publishedVersion
https://openalex.org/A5006529077,Dennis Stucke,https://orcid.org/0009-0005-8659-1896,first,TRUE,https://openalex.org/I196349391,Universität Ulm,https://ror.org/032000t02,DE,education,https://openalex.org/I196349391,Laboratory of Thermal Process Engineering Institute of Chemical Engineering Ulm University  Albert‐Einstein‐Allee 47 Ulm 89081 Germany,https://doi.org/10.1002/cite.70063,2026,article,TRUE,Chemie Ingenieur Technik,https://openalex.org/S125795645,0009-286X,https://openalex.org/P4310320595,Wiley,https://doi.org/10.1002/cite.70063,https://onlinelibrary.wiley.com/doi/pdfdirect/10.1002/cite.70063,cc-by,publishedVersion
https://openalex.org/A5089988023,Anne Lang,https://orcid.org/0000-0002-4441-8279,first,TRUE,https://openalex.org/I196349391,Universität Ulm,https://ror.org/032000t02,DE,education,https://openalex.org/I196349391,"Department of Psychiatry II, University of Ulm and BKH Günzburg, Ulm, Germany. kontakt@anne-lang.de",https://doi.org/10.1186/s12888-025-07764-6,2026,article,TRUE,BMC Psychiatry,https://openalex.org/S94610253,1471-244X,https://openalex.org/P4310320256,Springer Nature,https://doi.org/10.1186/s12888-025-07764-6,NA,cc-by-nc-nd,publishedVersion
https://openalex.org/A5071109160,Rebecca Halbgebauer,https://orcid.org/0000-0001-8060-2076,first,TRUE,https://openalex.org/I196349391,Universität Ulm,https://ror.org/032000t02,DE,education,https://openalex.org/I196349391,Institute of Clinical and Experimental Trauma Immunology (ITI) Ulm University Medical Center  Ulm Germany,https://doi.org/10.1002/ueg2.70168,2026,article,FALSE,United European Gastroenterology Journal,https://openalex.org/S2764702794,2050-6406,https://openalex.org/P4310320595,Wiley,https://doi.org/10.1002/ueg2.70168,NA,NA,publishedVersion
https://openalex.org/A5062986643,Alexander Berger,https://orcid.org/0000-0002-4659-7581,first,TRUE,https://openalex.org/I196349391,Universität Ulm,https://ror.org/032000t02,DE,education,https://openalex.org/I196349391,"Department of Psychiatry, Section for Cognitive Electrophysiology, Ulm University, Ulm, Germany. alexander.berger@uni-ulm.de",https://doi.org/10.1038/s41598-026-36614-y,2026,article,TRUE,Scientific Reports,https://openalex.org/S196734849,2045-2322,https://openalex.org/P4310319908,Springer Nature,https://doi.org/10.1038/s41598-026-36614-y,https://www.nature.com/articles/s41598-026-36614-y.pdf,cc-by,publishedVersion
https://openalex.org/A5112887992,Wieland Mayer,NA,first,FALSE,https://openalex.org/I196349391,Universität Ulm,https://ror.org/032000t02,DE,education,https://openalex.org/I196349391,"Institute of Pharmaceutical Biotechnology, Ulm University, Ulm, Germany",https://doi.org/10.64898/2026.01.20.700544,2026,article,TRUE,bioRxiv (Cold Spring Harbor Laboratory),https://openalex.org/S4306402567,NA,https://openalex.org/I2750212522,Cold Spring Harbor Laboratory,https://doi.org/10.64898/2026.01.20.700544,https://www.biorxiv.org/content/biorxiv/early/2026/01/20/2026.01.20.700544.full.pdf,cc-by,acceptedVersion
https://openalex.org/A5048205623,D. Zhang,NA,first,FALSE,https://openalex.org/I196349391,Universität Ulm,https://ror.org/032000t02,DE,education,https://openalex.org/I196349391,"Department of Dermatology and Allergic Diseases, Ulm University, 89081, Ulm, Germany",https://doi.org/10.1007/s00439-025-02804-3,2026,article,TRUE,Human Genetics,https://openalex.org/S199832308,0340-6717,https://openalex.org/P4310319900,Springer Nature,https://doi.org/10.1007/s00439-025-02804-3,https://link.springer.com/content/pdf/10.1007/s00439-025-02804-3.pdf,cc-by,publishedVersion
https://openalex.org/A5123588479,Burak Özkan,NA,first,TRUE,https://openalex.org/I196349391,Universität Ulm,https://ror.org/032000t02,DE,education,https://openalex.org/I196349391,"Department of Neurology, Ulm University, Ulm, Germany",https://doi.org/10.1172/jci.insight.197475,2026,article,TRUE,JCI Insight,https://openalex.org/S2764964142,2379-3708,https://openalex.org/P4310320279,American Society for Clinical Investigation,https://doi.org/10.1172/jci.insight.197475,http://insight.jci.org/articles/view/197475/files/pdf,cc-by,publishedVersion
https://openalex.org/A5123668365,Ann-Kathrin Kissmann,NA,first,TRUE,https://openalex.org/I196349391,Universität Ulm,https://ror.org/032000t02,DE,education,https://openalex.org/I196349391,Universitat Ulm,https://doi.org/10.17632/pvfwf6xmc5.1,2026,dataset,TRUE,Mendeley Data,https://openalex.org/S7407050775,NA,NA,NA,https://doi.org/10.17632/pvfwf6xmc5.1,NA,cc-by,NA
https://openalex.org/A5048734816,Julian Niemann,NA,first,FALSE,https://openalex.org/I196349391,Universität Ulm,https://ror.org/032000t02,DE,education,https://openalex.org/I196349391,"Institute of Molecular Medicine, Ulm University, Ulm, Germany",https://doi.org/10.64898/2026.01.20.700344,2026,article,TRUE,bioRxiv (Cold Spring Harbor Laboratory),https://openalex.org/S4306402567,NA,https://openalex.org/I2750212522,Cold Spring Harbor Laboratory,https://doi.org/10.64898/2026.01.20.700344,https://www.biorxiv.org/content/biorxiv/early/2026/01/22/2026.01.20.700344.full.pdf,cc-by-nc,acceptedVersion
https://openalex.org/A5060617545,Stefan Dominik Brändel,https://orcid.org/0000-0002-7024-6386,first,TRUE,https://openalex.org/I196349391,Universität Ulm,https://ror.org/032000t02,DE,education,https://openalex.org/I196349391,University of Ulm,https://doi.org/10.21203/rs.3.rs-8419449/v1,2026,preprint,TRUE,Research Square,https://openalex.org/S4306525896,NA,NA,NA,https://doi.org/10.21203/rs.3.rs-8419449/v1,https://www.researchsquare.com/article/rs-8419449/latest.pdf,cc-by,acceptedVersion
https://openalex.org/A5123668365,Ann-Kathrin Kissmann,NA,first,TRUE,https://openalex.org/I196349391,Universität Ulm,https://ror.org/032000t02,DE,education,https://openalex.org/I196349391,Universitat Ulm,https://doi.org/10.17632/pvfwf6xmc5,2026,dataset,TRUE,Mendeley Data,https://openalex.org/S7407050775,NA,NA,NA,https://doi.org/10.17632/pvfwf6xmc5,NA,cc-by,NA
https://openalex.org/A5032831545,Estera Jeruzalska,NA,first,FALSE,https://openalex.org/I196349391,Universität Ulm,https://ror.org/032000t02,DE,education,https://openalex.org/I196349391,"Institute of Pharmaceutical Biotechnology, Ulm University, James-Franck-Ring N27, 89081 Ulm, Germany",https://doi.org/10.64898/2026.01.21.700829,2026,article,TRUE,bioRxiv (Cold Spring Harbor Laboratory),https://openalex.org/S4306402567,NA,https://openalex.org/I2750212522,Cold Spring Harbor Laboratory,https://doi.org/10.64898/2026.01.21.700829,https://www.biorxiv.org/content/biorxiv/early/2026/01/23/2026.01.21.700829.full.pdf,cc-by,acceptedVersion
NA,Gudrun Weinmayr,NA,first,TRUE,https://openalex.org/I196349391,Universität Ulm,https://ror.org/032000t02,DE,education,https://openalex.org/I196349391,"Institute of Epidemiology and Medical Biometry, Ulm University, Ulm, Germany. Electronic address: gudrun.weinmayr@uni-ulm.de",https://doi.org/10.1016/j.scitotenv.2026.181430,2026,article,TRUE,The Science of The Total Environment,https://openalex.org/S86852077,0048-9697,https://openalex.org/P4310320990,Elsevier BV,https://doi.org/10.1016/j.scitotenv.2026.181430,NA,cc-by,publishedVersion
https://openalex.org/A5120180953,Kais Almohammad,NA,first,FALSE,https://openalex.org/I196349391,Universität Ulm,https://ror.org/032000t02,DE,education,https://openalex.org/I196349391,Department of Cardiology University Heart Center Ulm  Albert‐Einstein‐Allee 23 Ulm Germany,https://doi.org/10.1002/eji.70137,2026,article,TRUE,European Journal of Immunology,https://openalex.org/S126191069,0014-2980,https://openalex.org/P4310320595,Wiley,https://doi.org/10.1002/eji.70137,https://onlinelibrary.wiley.com/doi/pdfdirect/10.1002/eji.70137,cc-by,publishedVersion
https://openalex.org/A5063055821,Maria Carolina Florian,https://orcid.org/0000-0002-5791-1310,first,FALSE,https://openalex.org/I196349391,Universität Ulm,https://ror.org/032000t02,DE,education,https://openalex.org/I196349391,"DKFZ and BioQuant Center scOpenLab, BioQuant, Heidelberg, Germany",https://doi.org/10.64898/2026.01.24.701060,2026,article,TRUE,bioRxiv (Cold Spring Harbor Laboratory),https://openalex.org/S4306402567,NA,https://openalex.org/I2750212522,Cold Spring Harbor Laboratory,https://doi.org/10.64898/2026.01.24.701060,https://www.biorxiv.org/content/biorxiv/early/2026/01/26/2026.01.24.701060.full.pdf,cc-by,acceptedVersion
https://openalex.org/A5042848890,X. D. Xiang,NA,first,TRUE,https://openalex.org/I196349391,Universität Ulm,https://ror.org/032000t02,DE,education,https://openalex.org/I196349391,"Institute of Organic Chemistry II and Advanced Materials, Ulm University, Albert-Einstein-Allee 11, 89081 Ulm, Germany",https://doi.org/10.1039/d5sc05305f,2026,article,TRUE,Chemical Science,https://openalex.org/S184645833,2041-6520,https://openalex.org/P4310320556,Royal Society of Chemistry,https://doi.org/10.1039/d5sc05305f,https://pubs.rsc.org/en/content/articlepdf/2026/sc/d5sc05305f,cc-by,publishedVersion
https://openalex.org/A5124018331,Daniel Kowalczyk,NA,first,TRUE,https://openalex.org/I196349391,Universität Ulm,https://ror.org/032000t02,DE,education,https://openalex.org/I196349391,Universität Ulm,https://doi.org/10.5281/zenodo.17862427,2025,article,TRUE,Zenodo (CERN European Organization for Nuclear Research),https://openalex.org/S4306400562,NA,https://openalex.org/I67311998,European Organization for Nuclear Research,https://doi.org/10.5281/zenodo.17862427,NA,cc-by,NA
https://openalex.org/A5123904379,Julia Zinngrebe,NA,first,FALSE,https://openalex.org/I196349391,Universität Ulm,https://ror.org/032000t02,DE,education,https://openalex.org/I196349391,"Department of Pediatrics and Adolescent Medicine, Ulm University Medical Center, Ulm, Germany",https://doi.org/10.1038/s41420-025-02919-6,2026,article,TRUE,Cell Death Discovery,https://openalex.org/S2764515074,2058-7716,https://openalex.org/P4310319965,Springer Nature,https://doi.org/10.1038/s41420-025-02919-6,https://www.nature.com/articles/s41420-025-02919-6.pdf,cc-by,publishedVersion
https://openalex.org/A5124018331,Daniel Kowalczyk,NA,first,TRUE,https://openalex.org/I196349391,Universität Ulm,https://ror.org/032000t02,DE,education,https://openalex.org/I196349391,Universität Ulm,https://doi.org/10.5281/zenodo.17862428,2025,article,TRUE,Zenodo (CERN European Organization for Nuclear Research),https://openalex.org/S4306400562,NA,https://openalex.org/I67311998,European Organization for Nuclear Research,https://doi.org/10.5281/zenodo.17862428,NA,cc-by,NA
NA,Luciano Petruzziello,https://orcid.org/0000-0002-7515-9767,first,TRUE,https://openalex.org/I196349391,Universität Ulm,https://ror.org/032000t02,DE,education,https://openalex.org/I196349391,Center for Integrated Quantum Science and Technology (IQST),https://doi.org/10.1103/wgmf-88lv,2026,article,TRUE,Physical review. D/Physical review. D.,https://openalex.org/S4210238307,2470-0010,https://openalex.org/P4310320261,American Physical Society,https://doi.org/10.1103/wgmf-88lv,NA,cc-by,publishedVersion
https://openalex.org/A5123961502,Sebastian Menke,NA,first,TRUE,https://openalex.org/I196349391,Universität Ulm,https://ror.org/032000t02,DE,education,https://openalex.org/I196349391,"Institute of Evolutionary Ecology and Conservation Genomics, University of Ulm, Albert-Einstein Allee 11, 89069, Ulm, Germany. sebastian.menke@posteo.de",https://doi.org/10.1038/s41598-026-35555-w,2026,article,TRUE,Scientific Reports,https://openalex.org/S196734849,2045-2322,https://openalex.org/P4310319908,Springer Nature,https://doi.org/10.1038/s41598-026-35555-w,NA,cc-by,publishedVersion
https://openalex.org/A5122639446,Nevena Dimitrova,NA,first,TRUE,https://openalex.org/I196349391,Universität Ulm,https://ror.org/032000t02,DE,education,https://openalex.org/I196349391,University of Ulm,https://doi.org/10.6084/m9.figshare.c.8265447,2026,other,TRUE,Figshare,https://openalex.org/S4377196282,NA,https://openalex.org/I4210132348,Figshare (United Kingdom),https://doi.org/10.6084/m9.figshare.c.8265447,NA,cc-by,NA
https://openalex.org/A5122639446,Nevena Dimitrova,NA,first,TRUE,https://openalex.org/I196349391,Universität Ulm,https://ror.org/032000t02,DE,education,https://openalex.org/I196349391,University of Ulm,https://doi.org/10.6084/m9.figshare.31166283,2026,other,TRUE,Figshare,https://openalex.org/S4377196282,NA,https://openalex.org/I4210132348,Figshare (United Kingdom),https://doi.org/10.6084/m9.figshare.31166283,NA,cc-by,NA
https://openalex.org/A5093949218,Valentina Vasić,https://orcid.org/0000-0002-5989-5609,first,TRUE,https://openalex.org/I196349391,Universität Ulm,https://ror.org/032000t02,DE,education,https://openalex.org/I196349391,University of Ulm,https://doi.org/10.6084/m9.figshare.c.8265571.v1,2026,other,TRUE,Figshare,https://openalex.org/S4377196282,NA,https://openalex.org/I4210132348,Figshare (United Kingdom),https://doi.org/10.6084/m9.figshare.c.8265571.v1,NA,cc-by,NA
https://openalex.org/A5122639446,Nevena Dimitrova,NA,first,TRUE,https://openalex.org/I196349391,Universität Ulm,https://ror.org/032000t02,DE,education,https://openalex.org/I196349391,University of Ulm,https://doi.org/10.6084/m9.figshare.31166289,2026,article,TRUE,Figshare,https://openalex.org/S4377196282,NA,https://openalex.org/I4210132348,Figshare (United Kingdom),https://doi.org/10.6084/m9.figshare.31166289,NA,cc-by,NA
https://openalex.org/A5014993927,Steve Durstewitz,NA,first,FALSE,https://openalex.org/I196349391,Universität Ulm,https://ror.org/032000t02,DE,education,https://openalex.org/I196349391,"Group of Biomedical Sensor Systems and Microsystems, Universität Ulm",https://doi.org/10.3389/fnins.2026.1736957,2026,article,TRUE,Frontiers in Neuroscience,https://openalex.org/S115201632,1662-453X,https://openalex.org/P4310320527,Frontiers Media,https://doi.org/10.3389/fnins.2026.1736957,https://public-pages-files-2025.frontiersin.org/journals/neuroscience/articles/10.3389/fnins.2026.1736957/pdf,cc-by,publishedVersion
https://openalex.org/A5122639446,Nevena Dimitrova,NA,first,TRUE,https://openalex.org/I196349391,Universität Ulm,https://ror.org/032000t02,DE,education,https://openalex.org/I196349391,University of Ulm,https://doi.org/10.6084/m9.figshare.31166286.v1,2026,other,TRUE,Figshare,https://openalex.org/S4377196282,NA,https://openalex.org/I4210132348,Figshare (United Kingdom),https://doi.org/10.6084/m9.figshare.31166286.v1,NA,cc-by,NA
https://openalex.org/A5122639446,Nevena Dimitrova,NA,first,TRUE,https://openalex.org/I196349391,Universität Ulm,https://ror.org/032000t02,DE,education,https://openalex.org/I196349391,University of Ulm,https://doi.org/10.6084/m9.figshare.31166289.v1,2026,article,TRUE,Figshare,https://openalex.org/S4377196282,NA,https://openalex.org/I4210132348,Figshare (United Kingdom),https://doi.org/10.6084/m9.figshare.31166289.v1,NA,cc-by,NA
https://openalex.org/A5122639446,Nevena Dimitrova,NA,first,TRUE,https://openalex.org/I196349391,Universität Ulm,https://ror.org/032000t02,DE,education,https://openalex.org/I196349391,University of Ulm,https://doi.org/10.6084/m9.figshare.c.8265447.v1,2026,other,TRUE,Figshare,https://openalex.org/S4377196282,NA,https://openalex.org/I4210132348,Figshare (United Kingdom),https://doi.org/10.6084/m9.figshare.c.8265447.v1,NA,cc-by,NA
https://openalex.org/A5093949218,Valentina Vasić,https://orcid.org/0000-0002-5989-5609,first,TRUE,https://openalex.org/I196349391,Universität Ulm,https://ror.org/032000t02,DE,education,https://openalex.org/I196349391,University of Ulm,https://doi.org/10.6084/m9.figshare.31166494,2026,article,TRUE,Open MIND,https://openalex.org/S4406922384,NA,NA,NA,NA,NA,cc-by,submittedVersion
https://openalex.org/A5101379709,An Chen,NA,first,TRUE,https://openalex.org/I196349391,Universität Ulm,https://ror.org/032000t02,DE,education,https://openalex.org/I196349391,Ulm University - Institute of Insurance Science,https://doi.org/10.2139/ssrn.6143791,2026,preprint,TRUE,SSRN Electronic Journal,https://openalex.org/S4210172589,1556-5068,https://openalex.org/I1318003438,RELX Group (Netherlands),https://doi.org/10.2139/ssrn.6143791,NA,NA,acceptedVersion
https://openalex.org/A5122639446,Nevena Dimitrova,NA,first,TRUE,https://openalex.org/I196349391,Universität Ulm,https://ror.org/032000t02,DE,education,https://openalex.org/I196349391,University of Ulm,https://doi.org/10.6084/m9.figshare.31166283.v1,2026,other,TRUE,Figshare,https://openalex.org/S4377196282,NA,https://openalex.org/I4210132348,Figshare (United Kingdom),https://doi.org/10.6084/m9.figshare.31166283.v1,NA,cc-by,NA
https://openalex.org/A5093949218,Valentina Vasić,https://orcid.org/0000-0002-5989-5609,first,TRUE,https://openalex.org/I196349391,Universität Ulm,https://ror.org/032000t02,DE,education,https://openalex.org/I196349391,University of Ulm,https://doi.org/10.6084/m9.figshare.31166494.v1,2026,article,TRUE,Figshare,https://openalex.org/S4377196282,NA,https://openalex.org/I4210132348,Figshare (United Kingdom),https://doi.org/10.6084/m9.figshare.31166494.v1,NA,cc-by,NA
https://openalex.org/A5122639446,Nevena Dimitrova,NA,first,TRUE,https://openalex.org/I196349391,Universität Ulm,https://ror.org/032000t02,DE,education,https://openalex.org/I196349391,University of Ulm,https://doi.org/10.6084/m9.figshare.31166286,2026,other,TRUE,Figshare,https://openalex.org/S4377196282,NA,https://openalex.org/I4210132348,Figshare (United Kingdom),https://doi.org/10.6084/m9.figshare.31166286,NA,cc-by,NA
https://openalex.org/A5093949218,Valentina Vasić,https://orcid.org/0000-0002-5989-5609,first,TRUE,https://openalex.org/I196349391,Universität Ulm,https://ror.org/032000t02,DE,education,https://openalex.org/I196349391,University of Ulm,https://doi.org/10.6084/m9.figshare.c.8265571,2026,other,TRUE,Figshare,https://openalex.org/S4377196282,NA,https://openalex.org/I4210132348,Figshare (United Kingdom),https://doi.org/10.6084/m9.figshare.c.8265571,NA,cc-by,NA
https://openalex.org/A5086260667,Veselin Grozdanov,https://orcid.org/0000-0002-0825-7383,first,TRUE,https://openalex.org/I196349391,Universität Ulm,https://ror.org/032000t02,DE,education,https://openalex.org/I196349391,"Department of Neurology, University Clinic, University of Ulm, Ulm, Germany",https://doi.org/10.5281/zenodo.18370646,2026,dataset,TRUE,Open MIND,https://openalex.org/S4406922384,NA,NA,NA,NA,NA,cc-by,submittedVersion
https://openalex.org/A5086260667,Veselin Grozdanov,https://orcid.org/0000-0002-0825-7383,first,TRUE,https://openalex.org/I196349391,Universität Ulm,https://ror.org/032000t02,DE,education,https://openalex.org/I196349391,"Department of Neurology, University Clinic, University of Ulm, Ulm, Germany",https://doi.org/10.5281/zenodo.18371192,2026,dataset,TRUE,Open MIND,https://openalex.org/S4406922384,NA,NA,NA,NA,NA,cc-by,submittedVersion
https://openalex.org/A5028285680,Jonas Mirbeth,https://orcid.org/0000-0001-7711-7088,first,TRUE,https://openalex.org/I196349391,Universität Ulm,https://ror.org/032000t02,DE,education,https://openalex.org/I196349391,Universität Ulm,https://doi.org/10.5281/zenodo.18418528,2026,article,TRUE,Open MIND,https://openalex.org/S4406922384,NA,NA,NA,NA,NA,cc-by,submittedVersion
https://openalex.org/A5044586700,Stefanie Braig,https://orcid.org/0000-0003-0757-5045,first,TRUE,https://openalex.org/I196349391,Universität Ulm,https://ror.org/032000t02,DE,education,https://openalex.org/I196349391,University of Ulm,https://doi.org/10.6084/m9.figshare.31176444,2026,article,TRUE,Open MIND,https://openalex.org/S4406922384,NA,NA,NA,NA,NA,cc-by,submittedVersion
https://openalex.org/A5113330943,Benedikt Wiedemann,NA,first,TRUE,https://openalex.org/I196349391,Universität Ulm,https://ror.org/032000t02,DE,education,https://openalex.org/I196349391,Universität Ulm,https://doi.org/10.5281/zenodo.17867873,2025,article,TRUE,Open MIND,https://openalex.org/S4406922384,NA,NA,NA,NA,NA,cc-by,submittedVersion
https://openalex.org/A5044586700,Stefanie Braig,https://orcid.org/0000-0003-0757-5045,first,TRUE,https://openalex.org/I196349391,Universität Ulm,https://ror.org/032000t02,DE,education,https://openalex.org/I196349391,University of Ulm,https://doi.org/10.6084/m9.figshare.c.8267838,2026,other,TRUE,Figshare,https://openalex.org/S4377196282,NA,https://openalex.org/I4210132348,Figshare (United Kingdom),https://doi.org/10.6084/m9.figshare.c.8267838,NA,cc-by,NA
https://openalex.org/A5086260667,Veselin Grozdanov,https://orcid.org/0000-0002-0825-7383,first,TRUE,https://openalex.org/I196349391,Universität Ulm,https://ror.org/032000t02,DE,education,https://openalex.org/I196349391,"Department of Neurology, University Clinic, University of Ulm, Ulm, Germany",https://doi.org/10.5281/zenodo.18370645,2026,dataset,TRUE,Zenodo (CERN European Organization for Nuclear Research),https://openalex.org/S4306400562,NA,https://openalex.org/I67311998,European Organization for Nuclear Research,https://doi.org/10.5281/zenodo.18370645,NA,cc-by,NA
https://openalex.org/A5124281392,Katja Häußermann,NA,first,TRUE,https://openalex.org/I196349391,Universität Ulm,https://ror.org/032000t02,DE,education,https://openalex.org/I196349391,"Department Learning and Instruction Ulm University, Institute of Psychology and Education  Ulm Germany",https://doi.org/10.1002/hrdq.70011,2026,article,TRUE,Human Resource Development Quarterly,https://openalex.org/S191693275,1044-8004,https://openalex.org/P4310320595,Wiley,https://doi.org/10.1002/hrdq.70011,NA,cc-by,publishedVersion
https://openalex.org/A5044586700,Stefanie Braig,https://orcid.org/0000-0003-0757-5045,first,TRUE,https://openalex.org/I196349391,Universität Ulm,https://ror.org/032000t02,DE,education,https://openalex.org/I196349391,University of Ulm,https://doi.org/10.6084/m9.figshare.31176444.v1,2026,article,TRUE,Figshare,https://openalex.org/S4377196282,NA,https://openalex.org/I4210132348,Figshare (United Kingdom),https://doi.org/10.6084/m9.figshare.31176444.v1,NA,cc-by,NA
https://openalex.org/A5086260667,Veselin Grozdanov,https://orcid.org/0000-0002-0825-7383,first,TRUE,https://openalex.org/I196349391,Universität Ulm,https://ror.org/032000t02,DE,education,https://openalex.org/I196349391,"Department of Neurology, University Clinic, University of Ulm, Ulm, Germany",https://doi.org/10.5281/zenodo.18371193,2026,dataset,TRUE,Zenodo (CERN European Organization for Nuclear Research),https://openalex.org/S4306400562,NA,https://openalex.org/I67311998,European Organization for Nuclear Research,https://doi.org/10.5281/zenodo.18371193,NA,cc-by,NA
https://openalex.org/A5113330943,Benedikt Wiedemann,NA,first,TRUE,https://openalex.org/I196349391,Universität Ulm,https://ror.org/032000t02,DE,education,https://openalex.org/I196349391,Universität Ulm,https://doi.org/10.5281/zenodo.17867874,2025,article,TRUE,Zenodo (CERN European Organization for Nuclear Research),https://openalex.org/S4306400562,NA,https://openalex.org/I67311998,European Organization for Nuclear Research,https://doi.org/10.5281/zenodo.17867874,NA,cc-by,NA
https://openalex.org/A5028285680,Jonas Mirbeth,https://orcid.org/0000-0001-7711-7088,first,TRUE,https://openalex.org/I196349391,Universität Ulm,https://ror.org/032000t02,DE,education,https://openalex.org/I196349391,Universität Ulm,https://doi.org/10.5281/zenodo.18418529,2026,article,TRUE,Zenodo (CERN European Organization for Nuclear Research),https://openalex.org/S4306400562,NA,https://openalex.org/I67311998,European Organization for Nuclear Research,https://doi.org/10.5281/zenodo.18418529,NA,cc-by,NA
https://openalex.org/A5044586700,Stefanie Braig,https://orcid.org/0000-0003-0757-5045,first,TRUE,https://openalex.org/I196349391,Universität Ulm,https://ror.org/032000t02,DE,education,https://openalex.org/I196349391,University of Ulm,https://doi.org/10.6084/m9.figshare.c.8267838.v1,2026,other,TRUE,Figshare,https://openalex.org/S4377196282,NA,https://openalex.org/I4210132348,Figshare (United Kingdom),https://doi.org/10.6084/m9.figshare.c.8267838.v1,NA,cc-by,NA
https://openalex.org/A5082278051,Jessica Wolf,https://orcid.org/0000-0001-6983-9881,first,TRUE,https://openalex.org/I196349391,Universität Ulm,https://ror.org/032000t02,DE,education,https://openalex.org/I196349391,University of Ulm,https://doi.org/10.6084/m9.figshare.31216749,2026,article,TRUE,Figshare,https://openalex.org/S4377196282,NA,https://openalex.org/I4210132348,Figshare (United Kingdom),https://doi.org/10.6084/m9.figshare.31216749,NA,cc-by,NA
https://openalex.org/A5092568659,Christina Steffke,NA,first,FALSE,https://openalex.org/I196349391,Universität Ulm,https://ror.org/032000t02,DE,education,https://openalex.org/I196349391,Department of Neurology Ulm University  Ulm Germany,https://doi.org/10.1002/ana.78090,2026,article,TRUE,Annals of Neurology,https://openalex.org/S114530997,0364-5134,https://openalex.org/P4310320595,Wiley,https://doi.org/10.1002/ana.78090,https://onlinelibrary.wiley.com/doi/pdfdirect/10.1002/ana.78090,cc-by-nc-nd,publishedVersion
https://openalex.org/A5124393787,Adnan Kilani,NA,first,TRUE,https://openalex.org/I196349391,Universität Ulm,https://ror.org/032000t02,DE,education,https://openalex.org/I196349391,Universität Ulm,https://doi.org/10.21203/rs.3.rs-8503671/v1,2026,preprint,TRUE,Research Square,https://openalex.org/S4306525896,NA,NA,NA,https://doi.org/10.21203/rs.3.rs-8503671/v1,https://www.researchsquare.com/article/rs-8503671/latest.pdf,cc-by,acceptedVersion
https://openalex.org/A5082278051,Jessica Wolf,https://orcid.org/0000-0001-6983-9881,first,TRUE,https://openalex.org/I196349391,Universität Ulm,https://ror.org/032000t02,DE,education,https://openalex.org/I196349391,University of Ulm,https://doi.org/10.6084/m9.figshare.31216749.v1,2026,article,TRUE,Figshare,https://openalex.org/S4377196282,NA,https://openalex.org/I4210132348,Figshare (United Kingdom),https://doi.org/10.6084/m9.figshare.31216749.v1,NA,cc-by,NA
https://openalex.org/A5082278051,Jessica Wolf,https://orcid.org/0000-0001-6983-9881,first,TRUE,https://openalex.org/I196349391,Universität Ulm,https://ror.org/032000t02,DE,education,https://openalex.org/I196349391,University of Ulm,https://doi.org/10.6084/m9.figshare.31216743,2026,article,TRUE,Figshare,https://openalex.org/S4377196282,NA,https://openalex.org/I4210132348,Figshare (United Kingdom),https://doi.org/10.6084/m9.figshare.31216743,NA,cc-by,NA
https://openalex.org/A5082278051,Jessica Wolf,https://orcid.org/0000-0001-6983-9881,first,TRUE,https://openalex.org/I196349391,Universität Ulm,https://ror.org/032000t02,DE,education,https://openalex.org/I196349391,University of Ulm,https://doi.org/10.6084/m9.figshare.c.8281404,2026,other,TRUE,Figshare,https://openalex.org/S4377196282,NA,https://openalex.org/I4210132348,Figshare (United Kingdom),https://doi.org/10.6084/m9.figshare.c.8281404,NA,cc-by,NA
https://openalex.org/A5082278051,Jessica Wolf,https://orcid.org/0000-0001-6983-9881,first,TRUE,https://openalex.org/I196349391,Universität Ulm,https://ror.org/032000t02,DE,education,https://openalex.org/I196349391,University of Ulm,https://doi.org/10.6084/m9.figshare.c.8281404.v1,2026,other,TRUE,Figshare,https://openalex.org/S4377196282,NA,https://openalex.org/I4210132348,Figshare (United Kingdom),https://doi.org/10.6084/m9.figshare.c.8281404.v1,NA,cc-by,NA
https://openalex.org/A5071584986,Michael Paukovitsch,https://orcid.org/0000-0002-8056-3908,first,TRUE,https://openalex.org/I196349391,Universität Ulm,https://ror.org/032000t02,DE,education,https://openalex.org/I196349391,Ulm University Heart Center,https://doi.org/10.1161/jaha.125.045652,2026,article,TRUE,Journal of the American Heart Association,https://openalex.org/S2489920150,2047-9980,https://openalex.org/P4310320595,Wiley,https://doi.org/10.1161/jaha.125.045652,NA,cc-by-nc,publishedVersion
https://openalex.org/A5124298620,Jonas Sebastian Mattig,NA,first,TRUE,https://openalex.org/I196349391,Universität Ulm,https://ror.org/032000t02,DE,education,https://openalex.org/I196349391,"Institute for Clinical and Experimental Trauma-Immunology, Ulm University Medical Center, Ulm, Germany",https://doi.org/10.1097/shk.0000000000002682,2025,article,FALSE,Shock,https://openalex.org/S174819509,1073-2322,https://openalex.org/P4310315671,Wolters Kluwer,https://doi.org/10.1097/shk.0000000000002682,NA,NA,publishedVersion
https://openalex.org/A5082278051,Jessica Wolf,https://orcid.org/0000-0001-6983-9881,first,TRUE,https://openalex.org/I196349391,Universität Ulm,https://ror.org/032000t02,DE,education,https://openalex.org/I196349391,University of Ulm,https://doi.org/10.6084/m9.figshare.31216746,2026,article,TRUE,Figshare,https://openalex.org/S4377196282,NA,https://openalex.org/I4210132348,Figshare (United Kingdom),https://doi.org/10.6084/m9.figshare.31216746,NA,cc-by,NA
https://openalex.org/A5117275568,Jannis Marzluf,NA,first,TRUE,https://openalex.org/I196349391,Universität Ulm,https://ror.org/032000t02,DE,education,https://openalex.org/I196349391,"Corporate Research, Sartorius Stedim Cellca GmbH",https://doi.org/10.3389/fbioe.2026.1750646,2026,article,TRUE,Frontiers in Bioengineering and Biotechnology,https://openalex.org/S2595131146,2296-4185,https://openalex.org/P4310320527,Frontiers Media,https://doi.org/10.3389/fbioe.2026.1750646,https://public-pages-files-2025.frontiersin.org/journals/bioengineering-and-biotechnology/articles/10.3389/fbioe.2026.1750646/pdf,cc-by,publishedVersion
https://openalex.org/A5124332300,Laura Simon,NA,first,TRUE,https://openalex.org/I196349391,Universität Ulm,https://ror.org/032000t02,DE,education,https://openalex.org/I196349391,"Department of Clinical Psychology and Psychotherapy, Ulm University, Lise-Meitner-Str. 16, 89081, Ulm, Germany; Germany German Center for Mental Health (DZPG), Partner Site Ulm, Ulm, Germany. Electronic address: laura.simon@uni-ulm.de",https://doi.org/10.1016/j.sleep.2026.108814,2026,article,TRUE,Sleep Medicine,https://openalex.org/S183718435,1389-9457,https://openalex.org/P4310320990,Elsevier BV,https://doi.org/10.1016/j.sleep.2026.108814,NA,cc-by,publishedVersion
https://openalex.org/A5082278051,Jessica Wolf,https://orcid.org/0000-0001-6983-9881,first,TRUE,https://openalex.org/I196349391,Universität Ulm,https://ror.org/032000t02,DE,education,https://openalex.org/I196349391,University of Ulm,https://doi.org/10.6084/m9.figshare.31216743.v1,2026,article,TRUE,Figshare,https://openalex.org/S4377196282,NA,https://openalex.org/I4210132348,Figshare (United Kingdom),https://doi.org/10.6084/m9.figshare.31216743.v1,NA,cc-by,NA
https://openalex.org/A5082278051,Jessica Wolf,https://orcid.org/0000-0001-6983-9881,first,TRUE,https://openalex.org/I196349391,Universität Ulm,https://ror.org/032000t02,DE,education,https://openalex.org/I196349391,University of Ulm,https://doi.org/10.6084/m9.figshare.31216746.v1,2026,article,TRUE,Figshare,https://openalex.org/S4377196282,NA,https://openalex.org/I4210132348,Figshare (United Kingdom),https://doi.org/10.6084/m9.figshare.31216746.v1,NA,cc-by,NA
https://openalex.org/A5050026497,S Aleksandrova–Yankulovska,https://orcid.org/0000-0002-9749-8807,first,TRUE,https://openalex.org/I196349391,Universität Ulm,https://ror.org/032000t02,DE,education,https://openalex.org/I196349391,"Institute of the History, Philosophy and Ethics of Medicine, Ulm University, Oberberghof 7, Ulm, 89081, Germany. silviya.aleksandrova-yankulovska@uni-ulm.de",https://doi.org/10.1186/s12910-026-01393-8,2026,article,TRUE,BMC Medical Ethics,https://openalex.org/S17537316,1472-6939,https://openalex.org/P4310320256,Springer Nature,https://doi.org/10.1186/s12910-026-01393-8,NA,cc-by,publishedVersion
https://openalex.org/A5083791549,Göksu Oruc,https://orcid.org/0000-0002-8592-5058,first,TRUE,https://openalex.org/I196349391,Universität Ulm,https://ror.org/032000t02,DE,education,https://openalex.org/I196349391,"Institute of Numerical Mathematics, University of Ulm, Ulm, Germany",https://doi.org/10.1016/j.cnsns.2026.109809,2026,article,TRUE,Communications in Nonlinear Science and Numerical Simulation,https://openalex.org/S39612629,1007-5704,https://openalex.org/P4310320990,Elsevier BV,https://doi.org/10.1016/j.cnsns.2026.109809,NA,cc-by,publishedVersion
NA,Miriam Resch,https://orcid.org/0009-0009-5460-8808,first,TRUE,https://openalex.org/I196349391,Universität Ulm,https://ror.org/032000t02,DE,education,https://openalex.org/I196349391,University of Ulm,https://doi.org/10.1103/55bj-gmdv,2026,article,TRUE,Physical Review Research,https://openalex.org/S4210240247,2643-1564,https://openalex.org/P4310320261,American Physical Society,https://doi.org/10.1103/55bj-gmdv,NA,cc-by,publishedVersion
NA,Günther Palm,https://orcid.org/0000-0001-7448-6443,first,FALSE,https://openalex.org/I196349391,Universität Ulm,https://ror.org/032000t02,DE,education,https://openalex.org/I196349391,"Institute for Advanced Simulation (IAS-6), Forschungszentrum Jülich, Jülich, Germany",https://doi.org/10.64898/2026.01.31.702754,2026,article,TRUE,bioRxiv (Cold Spring Harbor Laboratory),https://openalex.org/S4306402567,NA,https://openalex.org/I2750212522,Cold Spring Harbor Laboratory,https://doi.org/10.64898/2026.01.31.702754,https://www.biorxiv.org/content/biorxiv/early/2026/02/02/2026.01.31.702754.full.pdf,cc-by-nc-nd,acceptedVersion
https://openalex.org/A5035885991,Philipp Penert,https://orcid.org/0009-0000-6882-8953,first,TRUE,https://openalex.org/I196349391,Universität Ulm,https://ror.org/032000t02,DE,education,https://openalex.org/I196349391,Universität Ulm,https://doi.org/10.5281/zenodo.18399627,2026,article,TRUE,Zenodo (CERN European Organization for Nuclear Research),https://openalex.org/S4306400562,NA,https://openalex.org/I67311998,European Organization for Nuclear Research,https://doi.org/10.5281/zenodo.18399627,NA,cc-by,NA
https://openalex.org/A5035885991,Philipp Penert,https://orcid.org/0009-0000-6882-8953,first,TRUE,https://openalex.org/I196349391,Universität Ulm,https://ror.org/032000t02,DE,education,https://openalex.org/I196349391,Universität Ulm,https://doi.org/10.5281/zenodo.18399626,2026,article,TRUE,Zenodo (CERN European Organization for Nuclear Research),https://openalex.org/S4306400562,NA,https://openalex.org/I67311998,European Organization for Nuclear Research,https://doi.org/10.5281/zenodo.18399626,NA,cc-by,NA
https://openalex.org/A5005503265,David-Peter Wiens,https://orcid.org/0009-0003-0693-8331,first,TRUE,https://openalex.org/I196349391,Universität Ulm,https://ror.org/032000t02,DE,education,https://openalex.org/I196349391,"University of Ulm, Germany",https://doi.org/10.1109/sem.2025.3646985,2026,article,FALSE,IEEE Sensors Magazine,https://openalex.org/S5407056469,3068-8604,NA,NA,https://doi.org/10.1109/sem.2025.3646985,NA,NA,publishedVersion
https://openalex.org/A5125097097,Andrés Fernando Palma Villavicencio,NA,first,TRUE,https://openalex.org/I196349391,Universität Ulm,https://ror.org/032000t02,DE,education,https://openalex.org/I196349391,Estudiante de Derecho de ULEAM,https://doi.org/10.59814/resofro.2026.6(1)1033,2026,article,TRUE,Revista Social Fronteriza,https://openalex.org/S4387290841,2806-5913,NA,NA,https://doi.org/10.59814/resofro.2026.6(1)1033,NA,cc-by-nc-nd,publishedVersion
https://openalex.org/A5125204661,Dominik Werner Melville,NA,first,TRUE,https://openalex.org/I196349391,Universität Ulm,https://ror.org/032000t02,DE,education,https://openalex.org/I196349391,"Institute for Evolutionary Ecology and Conservation Genomics, Ulm University, Ulm, Germany",https://doi.org/10.1038/s44358-026-00132-6,2026,article,FALSE,Nature Reviews Biodiversity,https://openalex.org/S5407042881,3005-0677,NA,NA,https://doi.org/10.1038/s44358-026-00132-6,NA,NA,publishedVersion
NA,Daniel L. Dulog,https://orcid.org/0000-0003-0732-7412,first,TRUE,https://openalex.org/I196349391,Universität Ulm,https://ror.org/032000t02,DE,education,https://openalex.org/I196349391,Universität Ulm,https://doi.org/10.1103/1fh4-l1g8,2026,article,TRUE,Physical review. B./Physical review. B,https://openalex.org/S4210237713,2469-9950,https://openalex.org/P4310320261,American Physical Society,https://doi.org/10.1103/1fh4-l1g8,NA,cc-by,publishedVersion
https://openalex.org/A5123160116,Dominik Felbel,NA,first,TRUE,https://openalex.org/I196349391,Universität Ulm,https://ror.org/032000t02,DE,education,https://openalex.org/I196349391,"Ulm University Heart Center, Department of Cardiology , Ulm ,",https://doi.org/10.1093/eurheartj/ehaf784.2415,2025,article,FALSE,European Heart Journal,https://openalex.org/S181568219,0195-668X,https://openalex.org/P4310311648,Oxford University Press,https://doi.org/10.1093/eurheartj/ehaf784.2415,NA,NA,publishedVersion
https://openalex.org/A5048734816,Julian Niemann,NA,first,TRUE,https://openalex.org/I196349391,Universität Ulm,https://ror.org/032000t02,DE,education,https://openalex.org/I196349391,"Institute of Molecular Medicine, Ulm University. julian.niemann@uni-ulm.de",https://doi.org/10.3324/haematol.2025.288847,2026,article,TRUE,Haematologica,https://openalex.org/S2752781272,0390-6078,https://openalex.org/P4310317774,Ferrata Storti Foundation,https://doi.org/10.3324/haematol.2025.288847,NA,cc-by-nc,publishedVersion
https://openalex.org/A5125257420,Hans G. Beger,NA,first,TRUE,https://openalex.org/I196349391,Universität Ulm,https://ror.org/032000t02,DE,education,https://openalex.org/I196349391,"Institute for Epidemiology and Medical Biometry, Ulm University, Ulm, Germany. hans@beger-ulm.de",https://doi.org/10.1007/s00464-026-12585-z,2026,article,TRUE,Surgical Endoscopy,https://openalex.org/S47192491,0930-2794,https://openalex.org/P4310319900,Springer Nature,https://doi.org/10.1007/s00464-026-12585-z,https://link.springer.com/content/pdf/10.1007/s00464-026-12585-z.pdf,cc-by,publishedVersion
https://openalex.org/A5062986643,Alexander Berger,https://orcid.org/0000-0002-4659-7581,first,TRUE,https://openalex.org/I196349391,Universität Ulm,https://ror.org/032000t02,DE,education,https://openalex.org/I196349391,"Department of Psychiatry, Section for Cognitive Electrophysiology, Ulm University, Leimgrubenweg 12, 89075, Ulm, Germany. alexander.berger@uni-ulm.de",https://doi.org/10.1007/s10339-026-01331-x,2026,article,TRUE,Cognitive Processing,https://openalex.org/S99753134,1612-4782,https://openalex.org/P4310319900,Springer Nature,https://doi.org/10.1007/s10339-026-01331-x,https://link.springer.com/content/pdf/10.1007/s10339-026-01331-x.pdf,cc-by,publishedVersion
NA,Christian Bolenz,NA,first,TRUE,https://openalex.org/I196349391,Universität Ulm,https://ror.org/032000t02,DE,education,https://openalex.org/I196349391,"Klinik für Urologie und Kinderurologie, Universitätsklinikum Ulm, Albert-Einstein-Allee 23, 89081, Ulm, Deutschland. christian.bolenz@uniklinik-ulm.de",https://doi.org/10.1007/s00120-026-02774-y,2026,article,FALSE,Die Urologie,https://openalex.org/S4387280488,2731-7064,https://openalex.org/P4310319900,Springer Nature,https://doi.org/10.1007/s00120-026-02774-y,NA,NA,publishedVersion
https://openalex.org/A5022094613,Philipp Hehnle,https://orcid.org/0009-0006-0420-7000,first,TRUE,https://openalex.org/I196349391,Universität Ulm,https://ror.org/032000t02,DE,education,https://openalex.org/I196349391,"Institute of Databases and Information Systems, Ulm University, Ulm, Germany",https://doi.org/10.1007/978-3-032-15538-2_20,2026,book-chapter,FALSE,Lecture notes in computer science,https://openalex.org/S106296714,0302-9743,https://openalex.org/P4310319900,Springer Nature,https://doi.org/10.1007/978-3-032-15538-2_20,NA,NA,publishedVersion
https://openalex.org/A5092576620,Grigory Bolotnikov,NA,first,FALSE,https://openalex.org/I196349391,Universität Ulm,https://ror.org/032000t02,DE,education,https://openalex.org/I196349391,"Institute of Pharmaceutical Biotechnology, Ulm University, 89081 Ulm, Germany",https://doi.org/10.3390/ph19020286,2026,article,TRUE,Pharmaceuticals,https://openalex.org/S16322639,1424-8247,https://openalex.org/P4310310987,Multidisciplinary Digital Publishing Institute,https://doi.org/10.3390/ph19020286,https://www.mdpi.com/1424-8247/19/2/286/pdf,cc-by,publishedVersion
https://openalex.org/A5121158924,Alina Koba,NA,first,TRUE,https://openalex.org/I196349391,Universität Ulm,https://ror.org/032000t02,DE,education,https://openalex.org/I196349391,Universität Ulm,https://doi.org/10.5281/zenodo.17867914,2025,article,TRUE,Open MIND,https://openalex.org/S4406922384,NA,NA,NA,NA,NA,cc-by,submittedVersion
https://openalex.org/A5121158924,Alina Koba,NA,first,TRUE,https://openalex.org/I196349391,Universität Ulm,https://ror.org/032000t02,DE,education,https://openalex.org/I196349391,Universität Ulm,https://doi.org/10.5281/zenodo.17867915,2025,article,TRUE,Zenodo (CERN European Organization for Nuclear Research),https://openalex.org/S4306400562,NA,https://openalex.org/I67311998,European Organization for Nuclear Research,https://doi.org/10.5281/zenodo.17867915,NA,cc-by,NA
https://openalex.org/A5026896866,Albert Koroma,https://orcid.org/0000-0001-5579-0845,first,FALSE,https://openalex.org/I196349391,Universität Ulm,https://ror.org/032000t02,DE,education,https://openalex.org/I196349391,Aging Research Center (ARC) Ulm University  Ulm Germany,https://doi.org/10.1111/acel.70398,2026,article,TRUE,Aging Cell,https://openalex.org/S174672550,1474-9718,https://openalex.org/P4310320595,Wiley,https://doi.org/10.1111/acel.70398,https://onlinelibrary.wiley.com/doi/pdfdirect/10.1111/acel.70398,cc-by,publishedVersion
https://openalex.org/A5125460210,Alexander J. Eckert,NA,first,TRUE,https://openalex.org/I196349391,Universität Ulm,https://ror.org/032000t02,DE,education,https://openalex.org/I196349391,"German Center for Diabetes Research (DZD), Munich-Neuherberg, Germany, dzd-ev.de",https://doi.org/10.1155/pedi/6905472,2026,article,TRUE,Pediatric Diabetes,https://openalex.org/S118758356,1399-543X,https://openalex.org/P4310320595,Wiley,https://doi.org/10.1155/pedi/6905472,https://onlinelibrary.wiley.com/doi/pdfdirect/10.1155/pedi/6905472,cc-by,publishedVersion
https://openalex.org/A5061233764,Lorenz Rapp,https://orcid.org/0009-0000-9068-4749,first,TRUE,https://openalex.org/I196349391,Universität Ulm,https://ror.org/032000t02,DE,education,https://openalex.org/I196349391,"Department of Clinical and Health Psychology, Institute of Psychology and Education, Ulm University, Albert-Einstein-Allee 47, Ulm 89069, Germany. Electronic address: lorenz.rapp@uni-ulm.de",https://doi.org/10.1016/j.biopsycho.2026.109214,2026,article,TRUE,Biological Psychology,https://openalex.org/S3694117,0301-0511,https://openalex.org/P4310320990,Elsevier BV,https://doi.org/10.1016/j.biopsycho.2026.109214,NA,cc-by,publishedVersion
https://openalex.org/A5125534522,Yu Liu,NA,first,TRUE,https://openalex.org/I196349391,Universität Ulm,https://ror.org/032000t02,DE,education,https://openalex.org/I196349391,Universität Ulm,https://doi.org/10.5281/zenodo.18595771,2026,other,TRUE,Zenodo (CERN European Organization for Nuclear Research),https://openalex.org/S4306400562,NA,https://openalex.org/I67311998,European Organization for Nuclear Research,https://doi.org/10.5281/zenodo.18595771,NA,cc-by,NA
https://openalex.org/A5125594927,MD ADIL,NA,first,TRUE,https://openalex.org/I196349391,Universität Ulm,https://ror.org/032000t02,DE,education,https://openalex.org/I196349391,Universität Ulm,https://doi.org/10.5281/zenodo.18552817,2026,dataset,TRUE,Open MIND,https://openalex.org/S4406922384,NA,NA,NA,NA,NA,cc-by,submittedVersion
https://openalex.org/A5071109160,Rebecca Halbgebauer,https://orcid.org/0000-0001-8060-2076,first,TRUE,https://openalex.org/I196349391,Universität Ulm,https://ror.org/032000t02,DE,education,https://openalex.org/I196349391,"Institute of Clinical and Experimental Trauma Immunology, Ulm University Medical Center, Ulm, Germany",https://doi.org/10.1001/jamanetworkopen.2025.58573,2026,article,TRUE,JAMA Network Open,https://openalex.org/S4210217848,2574-3805,https://openalex.org/P4310320259,American Medical Association,https://doi.org/10.1001/jamanetworkopen.2025.58573,https://jamanetwork.com/journals/jamanetworkopen/articlepdf/2844876/halbgebauer_2026_oi_251559_1770144436.03013.pdf,cc-by,publishedVersion
https://openalex.org/A5039393311,Daniel Tews,https://orcid.org/0000-0003-3300-3446,first,FALSE,https://openalex.org/I196349391,Universität Ulm,https://ror.org/032000t02,DE,education,https://openalex.org/I196349391,"Department of Pediatrics and Adolescent Medicine, Ulm University Medical Center, Ulm, Germany",https://doi.org/10.1038/s41574-026-01234-z,2026,article,FALSE,Nature Reviews Endocrinology,https://openalex.org/S116269268,1759-5029,https://openalex.org/P4310319908,Springer Nature,https://doi.org/10.1038/s41574-026-01234-z,NA,NA,publishedVersion
https://openalex.org/A5125594927,MD ADIL,NA,first,TRUE,https://openalex.org/I196349391,Universität Ulm,https://ror.org/032000t02,DE,education,https://openalex.org/I196349391,Universität Ulm,https://doi.org/10.5281/zenodo.18552816,2026,dataset,TRUE,Zenodo (CERN European Organization for Nuclear Research),https://openalex.org/S4306400562,NA,https://openalex.org/I67311998,European Organization for Nuclear Research,https://doi.org/10.5281/zenodo.18552816,NA,cc-by,NA
https://openalex.org/A5125534522,Yu Liu,NA,first,TRUE,https://openalex.org/I196349391,Universität Ulm,https://ror.org/032000t02,DE,education,https://openalex.org/I196349391,Universität Ulm,https://doi.org/10.5281/zenodo.18595770,2026,other,TRUE,Zenodo (CERN European Organization for Nuclear Research),https://openalex.org/S4306400562,NA,https://openalex.org/I67311998,European Organization for Nuclear Research,https://doi.org/10.5281/zenodo.18595770,NA,cc-by,NA
https://openalex.org/A5122420739,Ann-Kathrin Lederer,NA,first,TRUE,https://openalex.org/I196349391,Universität Ulm,https://ror.org/032000t02,DE,education,https://openalex.org/I196349391,"Fachbereich Integrative Medizin, Klinik für Allgemein- und Viszeralchirurgie, Uniklinik Ulm, Ulm, Deutschland",https://doi.org/10.1007/s00053-026-00945-1,2026,article,FALSE,coloproctology,https://openalex.org/S77791401,0174-2442,https://openalex.org/P4310319900,Springer Nature,https://doi.org/10.1007/s00053-026-00945-1,NA,NA,publishedVersion
https://openalex.org/A5061346986,Joachim Strobel,https://orcid.org/0009-0006-0332-5478,first,TRUE,https://openalex.org/I196349391,Universität Ulm,https://ror.org/032000t02,DE,education,https://openalex.org/I196349391,"Department of Nuclear Medicine, University Hospital Ulm, Albert-Einstein-Allee 23, 89081 Ulm, Germany; Department of Diagnostic and Interventional Radiology, University Hospital Ulm, Albert-Einstein-Allee 23, 89081 Ulm, Germany. Electronic address: Joachim.strobel@uni-ulm.de",https://doi.org/10.1016/j.nicl.2026.103964,2026,article,TRUE,NeuroImage Clinical,https://openalex.org/S2898194095,2213-1582,https://openalex.org/P4310320990,Elsevier BV,https://doi.org/10.1016/j.nicl.2026.103964,NA,cc-by,publishedVersion
https://openalex.org/A5092012192,Valentin Foucher,https://orcid.org/0009-0000-2632-3519,first,TRUE,https://openalex.org/I196349391,Universität Ulm,https://ror.org/032000t02,DE,education,https://openalex.org/I196349391,"Faculty of Engineering, Computer Science, and Psychology, Experimental Psychology, Ulm University, 89081 Ulm, Germany",https://doi.org/10.3390/jemr19010021,2026,article,TRUE,Journal of Eye Movement Research,https://openalex.org/S2502673154,1995-8692,https://openalex.org/P4310317811,Bern Open Publishing,https://doi.org/10.3390/jemr19010021,NA,cc-by,publishedVersion
https://openalex.org/A5062430055,Carlos Martel,https://orcid.org/0000-0001-9892-1999,first,TRUE,https://openalex.org/I196349391,Universität Ulm,https://ror.org/032000t02,DE,education,https://openalex.org/I196349391,"Institute of Experimental Ecology, Ulm University, Albert-Einstein-Allee 11, Ulm 89069, Germany",https://doi.org/10.48580/d5sx,2026,dataset,TRUE,The Catalogue of Life,https://openalex.org/S7407051464,NA,NA,NA,https://doi.org/10.48580/d5sx,NA,NA,NA
https://openalex.org/A5114816936,Julian Schüle,NA,first,TRUE,https://openalex.org/I196349391,Universität Ulm,https://ror.org/032000t02,DE,education,https://openalex.org/I196349391,"Department of Internal Medicine II, Ulm University Medical Center, 89081, Ulm, Germany. julian.schuele@uni-ulm.de",https://doi.org/10.1007/s10334-026-01330-1,2026,article,TRUE,Magnetic Resonance Materials in Physics Biology and Medicine,https://openalex.org/S78155443,0968-5243,https://openalex.org/P4310319900,Springer Nature,https://doi.org/10.1007/s10334-026-01330-1,https://link.springer.com/content/pdf/10.1007/s10334-026-01330-1.pdf,cc-by,publishedVersion
https://openalex.org/A5046222242,Kristina Encinas Bartos,NA,first,FALSE,https://openalex.org/I196349391,Universität Ulm,https://ror.org/032000t02,DE,education,https://openalex.org/I196349391,"Institute of Sustainable Corporate Management, Ulm University, Ulm, Germany",https://doi.org/10.1007/978-3-032-13412-7_25,2026,book-chapter,FALSE,World sustainability series,https://openalex.org/S4210181232,2199-7373,https://openalex.org/P4310319972,Springer Nature,https://doi.org/10.1007/978-3-032-13412-7_25,NA,NA,publishedVersion
https://openalex.org/A5010349974,Thomas Frey,https://orcid.org/0000-0003-1032-4925,first,TRUE,https://openalex.org/I196349391,Universität Ulm,https://ror.org/032000t02,DE,education,https://openalex.org/I196349391,"Institute of Microwave Engineering, University of Ulm, Ulm, Germany",https://doi.org/10.1109/jmw.2026.3658926,2026,article,TRUE,IEEE Journal of Microwaves,https://openalex.org/S4210184428,2692-8388,https://openalex.org/P4310319808,Institute of Electrical and Electronics Engineers,https://doi.org/10.1109/jmw.2026.3658926,NA,cc-by,publishedVersion
https://openalex.org/A5038607137,Helene Hoenigsperger,https://orcid.org/0009-0009-1295-4067,first,FALSE,https://openalex.org/I196349391,Universität Ulm,https://ror.org/032000t02,DE,education,https://openalex.org/I196349391,"Institute of Molecular Virology, Ulm University Medical Center, 89081 Ulm, Baden-Wuerttemberg, Germany",https://doi.org/10.1016/j.xpro.2026.104361,2026,article,TRUE,STAR Protocols,https://openalex.org/S4210212477,2666-1667,https://openalex.org/P4310320990,Elsevier BV,https://doi.org/10.1016/j.xpro.2026.104361,NA,cc-by-nc-nd,publishedVersion
https://openalex.org/A5014515348,S. Y. Kim,https://orcid.org/0000-0002-1029-487X,first,TRUE,https://openalex.org/I196349391,Universität Ulm,https://ror.org/032000t02,DE,education,https://openalex.org/I196349391,"Molecular Cardiology, Department of Internal Medicine II, University of Ulm",https://doi.org/10.3389/fcvm.2026.1682381,2026,article,TRUE,Frontiers in Cardiovascular Medicine,https://openalex.org/S2595413687,2297-055X,https://openalex.org/P4310320527,Frontiers Media,https://doi.org/10.3389/fcvm.2026.1682381,https://public-pages-files-2025.frontiersin.org/journals/cardiovascular-medicine/articles/10.3389/fcvm.2026.1682381/pdf,cc-by,publishedVersion
https://openalex.org/A5056249211,Harry Scherthan,NA,first,TRUE,https://openalex.org/I196349391,Universität Ulm,https://ror.org/032000t02,DE,education,https://openalex.org/I196349391,"Institut für Radiobiologie der Bw in Verb. mit der Universität Ulm, Munich, Germany",https://doi.org/10.1007/978-1-0716-5150-6_40,2026,book-chapter,FALSE,Springer protocols handbooks/Springer protocols,https://openalex.org/S4210224522,1949-2448,https://openalex.org/P4310315801,Humana Press,https://doi.org/10.1007/978-1-0716-5150-6_40,NA,NA,publishedVersion
https://openalex.org/A5011154966,Martin C. Korzeczek,https://orcid.org/0000-0002-0349-374X,first,TRUE,https://openalex.org/I196349391,Universität Ulm,https://ror.org/032000t02,DE,education,https://openalex.org/I196349391,Universität Ulm,https://doi.org/10.5281/zenodo.18629790,2026,other,TRUE,Open MIND,https://openalex.org/S4406922384,NA,NA,NA,NA,NA,cc-by,submittedVersion
https://openalex.org/A5093056608,Martin Petkov,NA,first,TRUE,https://openalex.org/I196349391,Universität Ulm,https://ror.org/032000t02,DE,education,https://openalex.org/I196349391,"Department of Neurosurgery, University of Ulm, Albert-Einstein-Allee 23, 89081 Ulm, Germany",https://doi.org/10.3390/jcm15041459,2026,article,TRUE,Journal of Clinical Medicine,https://openalex.org/S2737969411,2077-0383,https://openalex.org/P4310310987,Multidisciplinary Digital Publishing Institute,https://doi.org/10.3390/jcm15041459,https://www.mdpi.com/2077-0383/15/4/1459/pdf?version=1770962309,cc-by,publishedVersion
https://openalex.org/A5038750351,Chantal Allgöwer,NA,first,TRUE,https://openalex.org/I196349391,Universität Ulm,https://ror.org/032000t02,DE,education,https://openalex.org/I196349391,University of Ulm,https://doi.org/10.6084/m9.figshare.31330117,2026,article,TRUE,Open MIND,https://openalex.org/S4406922384,NA,NA,NA,NA,NA,cc-by,submittedVersion
https://openalex.org/A5035964430,T. Steinert,NA,first,TRUE,https://openalex.org/I196349391,Universität Ulm,https://ror.org/032000t02,DE,education,https://openalex.org/I196349391,Ulm University: Universitat Ulm,https://doi.org/10.1192/j.eurpsy.2026.10160,2026,article,TRUE,European Psychiatry,https://openalex.org/S87202501,0924-9338,https://openalex.org/P4310311721,Cambridge University Press,https://doi.org/10.1192/j.eurpsy.2026.10160,https://www.cambridge.org/core/services/aop-cambridge-core/content/view/9E18B8A5A3DAF726E2B54AAF89CCD610/S0924933826101606a.pdf/div-class-title-abolition-of-coercion-in-psychiatry-on-the-horizon-a-descriptive-ecologic-data-study-from-six-european-countries-div.pdf,cc-by-nc-nd,publishedVersion
https://openalex.org/A5038750351,Chantal Allgöwer,NA,first,TRUE,https://openalex.org/I196349391,Universität Ulm,https://ror.org/032000t02,DE,education,https://openalex.org/I196349391,University of Ulm,https://doi.org/10.6084/m9.figshare.c.8307748,2026,other,TRUE,Figshare,https://openalex.org/S4377196282,NA,https://openalex.org/I4210132348,Figshare (United Kingdom),https://doi.org/10.6084/m9.figshare.c.8307748,NA,cc-by,NA
https://openalex.org/A5038750351,Chantal Allgöwer,NA,first,TRUE,https://openalex.org/I196349391,Universität Ulm,https://ror.org/032000t02,DE,education,https://openalex.org/I196349391,University of Ulm,https://doi.org/10.6084/m9.figshare.31330117.v1,2026,article,TRUE,Figshare,https://openalex.org/S4377196282,NA,https://openalex.org/I4210132348,Figshare (United Kingdom),https://doi.org/10.6084/m9.figshare.31330117.v1,NA,cc-by,NA
https://openalex.org/A5038750351,Chantal Allgöwer,NA,first,TRUE,https://openalex.org/I196349391,Universität Ulm,https://ror.org/032000t02,DE,education,https://openalex.org/I196349391,University of Ulm,https://doi.org/10.6084/m9.figshare.c.8307748.v1,2026,other,TRUE,Figshare,https://openalex.org/S4377196282,NA,https://openalex.org/I4210132348,Figshare (United Kingdom),https://doi.org/10.6084/m9.figshare.c.8307748.v1,NA,cc-by,NA
https://openalex.org/A5112949350,Kalpan Ved,NA,first,TRUE,https://openalex.org/I196349391,Universität Ulm,https://ror.org/032000t02,DE,education,https://openalex.org/I196349391,"Group of Biomedical systems and Microsystems, Ulm University Institute for Functional Nanosystems, Albert-Einstein-Allee 47, Ulm, BW, 89081, Germany",https://doi.org/10.1088/2634-4386/ae45c9,2026,article,TRUE,Neuromorphic Computing and Engineering,https://openalex.org/S4210212933,2634-4386,https://openalex.org/P4310320083,Institute of Physics,https://doi.org/10.1088/2634-4386/ae45c9,NA,cc-by,publishedVersion
https://openalex.org/A5126022704,Fabian Bschorr,NA,first,TRUE,https://openalex.org/I196349391,Universität Ulm,https://ror.org/032000t02,DE,education,https://openalex.org/I196349391,"Ulm University Medical Center, Albert-Einstein-Allee 23, Ulm, 89081, Baden-Württemberg, Germany. Electronic address: fabian.bschorr@uni-ulm.de",https://doi.org/10.1016/j.zemedi.2026.02.002,2026,article,TRUE,Zeitschrift für Medizinische Physik,https://openalex.org/S13941947,0939-3889,https://openalex.org/P4310320990,Elsevier BV,https://doi.org/10.1016/j.zemedi.2026.02.002,NA,cc-by-nc-nd,publishedVersion
https://openalex.org/A5119866904,Melanie Rebecca Kuhn,NA,first,TRUE,https://openalex.org/I196349391,Universität Ulm,https://ror.org/032000t02,DE,education,https://openalex.org/I196349391,"Department of Orthopedic Trauma, University Medical Center , 89081 Ulm, Baden-Württemberg ,",https://doi.org/10.1093/jbmrpl/ziag021,2026,article,TRUE,JBMR Plus,https://openalex.org/S4210170492,2473-4039,https://openalex.org/P4310320595,Wiley,https://doi.org/10.1093/jbmrpl/ziag021,NA,NA,publishedVersion
https://openalex.org/A5116238168,Tana Dornbrach,NA,first,TRUE,https://openalex.org/I196349391,Universität Ulm,https://ror.org/032000t02,DE,education,https://openalex.org/I196349391,Department of Psychosomatic Medicine and Psychotherapy University Clinic of Ulm  Albert‐Einstein‐Allee Germany,https://doi.org/10.1002/pon.70401,2026,article,TRUE,Psycho-Oncology,https://openalex.org/S13506822,1057-9249,https://openalex.org/P4310320595,Wiley,https://doi.org/10.1002/pon.70401,NA,cc-by,publishedVersion
https://openalex.org/A5126029193,Mehmet Erdal,NA,first,TRUE,https://openalex.org/I196349391,Universität Ulm,https://ror.org/032000t02,DE,education,https://openalex.org/I196349391,"Institute of Neural Information Processing, Ulm University, James-Franck-Ring, 89081 Ulm, Germany",https://doi.org/10.3390/computers15020127,2026,article,TRUE,Computers,https://openalex.org/S4210228075,2073-431X,https://openalex.org/P4310310987,Multidisciplinary Digital Publishing Institute,https://doi.org/10.3390/computers15020127,NA,cc-by,publishedVersion
https://openalex.org/A5085054529,Klaus Dietmayer,https://orcid.org/0000-0002-1651-014X,first,TRUE,https://openalex.org/I196349391,Universität Ulm,https://ror.org/032000t02,DE,education,https://openalex.org/I196349391,"Institute for Measurement, Control and Microtechnology, University of Ulm, Ulm, Baden-Württemberg, Germany",https://doi.org/10.1007/978-3-658-45276-6_20,2026,book-chapter,TRUE,NA,NA,NA,NA,NA,https://doi.org/10.1007/978-3-658-45276-6_20,https://link.springer.com/content/pdf/10.1007/978-3-658-45276-6_20.pdf,cc-by-nc-nd,publishedVersion
https://openalex.org/A5126097922,Maurits Ortmanns,NA,first,TRUE,https://openalex.org/I196349391,Universität Ulm,https://ror.org/032000t02,DE,education,https://openalex.org/I196349391,"University of Ulm, Ulm, Germany",https://doi.org/10.1007/978-3-032-09468-1_2,2026,book-chapter,FALSE,NA,NA,NA,NA,NA,https://doi.org/10.1007/978-3-032-09468-1_2,NA,NA,publishedVersion
https://openalex.org/A5126097922,Maurits Ortmanns,NA,first,TRUE,https://openalex.org/I196349391,Universität Ulm,https://ror.org/032000t02,DE,education,https://openalex.org/I196349391,"University of Ulm, Ulm, Germany",https://doi.org/10.1007/978-3-032-09468-1_4,2026,book-chapter,FALSE,NA,NA,NA,NA,NA,https://doi.org/10.1007/978-3-032-09468-1_4,NA,NA,publishedVersion
https://openalex.org/A5126097922,Maurits Ortmanns,NA,first,TRUE,https://openalex.org/I196349391,Universität Ulm,https://ror.org/032000t02,DE,education,https://openalex.org/I196349391,"University of Ulm, Ulm, Germany",https://doi.org/10.1007/978-3-032-09468-1_1,2026,book-chapter,FALSE,NA,NA,NA,NA,NA,https://doi.org/10.1007/978-3-032-09468-1_1,NA,NA,publishedVersion
https://openalex.org/A5126275310,Daniel Gruber,NA,first,FALSE,https://openalex.org/I196349391,Universität Ulm,https://ror.org/032000t02,DE,education,https://openalex.org/I196349391,"Institute of Pharmaceutical Biotechnology, Ulm University, 89081 Ulm, Germany",https://doi.org/10.3390/antibiotics15020211,2026,article,TRUE,Antibiotics,https://openalex.org/S2736332253,2079-6382,https://openalex.org/P4310310987,Multidisciplinary Digital Publishing Institute,https://doi.org/10.3390/antibiotics15020211,https://www.mdpi.com/2079-6382/15/2/211/pdf,cc-by,publishedVersion
https://openalex.org/A5034938079,Maurits Ortmanns,https://orcid.org/0000-0002-3547-1596,first,TRUE,https://openalex.org/I196349391,Universität Ulm,https://ror.org/032000t02,DE,education,https://openalex.org/I196349391,"University of Ulm, Ulm, Germany",https://doi.org/10.1007/978-3-032-09468-1_5,2026,book-chapter,FALSE,NA,NA,NA,NA,NA,https://doi.org/10.1007/978-3-032-09468-1_5,NA,NA,publishedVersion
https://openalex.org/A5126097922,Maurits Ortmanns,NA,first,TRUE,https://openalex.org/I196349391,Universität Ulm,https://ror.org/032000t02,DE,education,https://openalex.org/I196349391,"University of Ulm, Ulm, Germany",https://doi.org/10.1007/978-3-032-09468-1_3,2026,book-chapter,FALSE,NA,NA,NA,NA,NA,https://doi.org/10.1007/978-3-032-09468-1_3,NA,NA,publishedVersion
https://openalex.org/A5124009633,Friederike Liesche-Starnecker,NA,first,TRUE,https://openalex.org/I196349391,Universität Ulm,https://ror.org/032000t02,DE,education,https://openalex.org/I196349391,"Institut für Neuropathologie, Universitätsklinikum Ulm, Medizinische Fakultät, Universität Ulm, Albert-Einstein-Allee 23, 89081, Ulm, Deutschland. friederike.liesche-starnecker@uni-ulm.de",https://doi.org/10.1007/s00292-026-01543-0,2026,article,FALSE,Die Pathologie,https://openalex.org/S4387280373,2731-7188,https://openalex.org/P4310319900,Springer Nature,https://doi.org/10.1007/s00292-026-01543-0,NA,NA,publishedVersion
https://openalex.org/A5119054665,Marie Fiedler,NA,first,TRUE,https://openalex.org/I196349391,Universität Ulm,https://ror.org/032000t02,DE,education,https://openalex.org/I196349391,"Department of Child and Adolescent Psychiatry/Psychotherapy, University Hospital Ulm, Steinhövelstr.5, 89077, Ulm, Germany. Marie.fiedler@uniklinik-ulm.de",https://doi.org/10.1186/s13034-026-01049-w,2026,article,TRUE,Child and Adolescent Psychiatry and Mental Health,https://openalex.org/S133884896,1753-2000,https://openalex.org/P4310320256,Springer Nature,https://doi.org/10.1186/s13034-026-01049-w,NA,cc-by,publishedVersion
https://openalex.org/A5091987843,Lyuboslav Katov,NA,first,TRUE,https://openalex.org/I196349391,Universität Ulm,https://ror.org/032000t02,DE,education,https://openalex.org/I196349391,"Department of Cardiology, Ulm University Heart Center, Albert-Einstein-Allee 23, 89081 Ulm, Germany",https://doi.org/10.3390/healthcare14040517,2026,article,TRUE,Healthcare,https://openalex.org/S4210214101,2227-9032,https://openalex.org/P4310310987,Multidisciplinary Digital Publishing Institute,https://doi.org/10.3390/healthcare14040517,https://www.mdpi.com/2227-9032/14/4/517/pdf,cc-by,publishedVersion
https://openalex.org/A5058702804,Lennart W. Sannwald,NA,first,TRUE,https://openalex.org/I196349391,Universität Ulm,https://ror.org/032000t02,DE,education,https://openalex.org/I196349391,"Department of Neurosurgery, Ulm University, Ulm, Germany. Lennart.sannwald@outlook.com",https://doi.org/10.1007/s10143-026-04182-4,2026,article,TRUE,Neurosurgical Review,https://openalex.org/S98437390,0344-5607,https://openalex.org/P4310319900,Springer Nature,https://doi.org/10.1007/s10143-026-04182-4,https://link.springer.com/content/pdf/10.1007/s10143-026-04182-4.pdf,cc-by,publishedVersion
https://openalex.org/A5056042288,Farouk Khury,https://orcid.org/0000-0003-4882-209X,first,TRUE,https://openalex.org/I196349391,Universität Ulm,https://ror.org/032000t02,DE,education,https://openalex.org/I196349391,"Department of Orthopedic Surgery, University of Ulm, Ulm, Germany. farouk.khury@technion.ac.il",https://doi.org/10.1007/s00590-026-04669-2,2026,article,TRUE,European Journal of Orthopaedic Surgery & Traumatology,https://openalex.org/S54672533,1432-1068,https://openalex.org/P4310319900,Springer Nature,https://doi.org/10.1007/s00590-026-04669-2,https://link.springer.com/content/pdf/10.1007/s00590-026-04669-2.pdf,cc-by,publishedVersion
https://openalex.org/A5126455377,Tassilo L. Föhr,NA,first,TRUE,https://openalex.org/I196349391,Universität Ulm,https://ror.org/032000t02,DE,education,https://openalex.org/I196349391,"Ulm University, Institute of Accounting and Auditing, Ulm, Germany",https://doi.org/10.1016/j.accinf.2025.100758,2026,article,TRUE,International Journal of Accounting Information Systems,https://openalex.org/S38901890,1467-0895,https://openalex.org/P4310320990,Elsevier BV,https://doi.org/10.1016/j.accinf.2025.100758,NA,cc-by,publishedVersion
https://openalex.org/A5126463031,Cristobal Corvalan Morbiducci,NA,first,TRUE,https://openalex.org/I196349391,Universität Ulm,https://ror.org/032000t02,DE,education,https://openalex.org/I196349391,"DLR Institute for AI Safety and Security, Wilhelm-Runge-Straße 10, 89081, Ulm, Germany",https://doi.org/10.1007/978-3-032-13852-1_23,2026,book-chapter,FALSE,Communications in computer and information science,https://openalex.org/S2764900261,1865-0929,https://openalex.org/P4310319900,Springer Nature,https://doi.org/10.1007/978-3-032-13852-1_23,NA,NA,publishedVersion
https://openalex.org/A5126480656,Ji-Young Yang,NA,first,FALSE,https://openalex.org/I196349391,Universität Ulm,https://ror.org/032000t02,DE,education,https://openalex.org/I196349391,Institute for Analytical and Bioanalytical Chemistry,https://doi.org/10.1021/acs.molpharmaceut.5c01851,2026,article,FALSE,Molecular Pharmaceutics,https://openalex.org/S204562082,1543-8384,https://openalex.org/P4310320006,American Chemical Society,https://doi.org/10.1021/acs.molpharmaceut.5c01851,NA,NA,publishedVersion
https://openalex.org/A5126455132,L. Tepohl,NA,first,TRUE,https://openalex.org/I196349391,Universität Ulm,https://ror.org/032000t02,DE,education,https://openalex.org/I196349391,"Institut für Rehabilitationsmedizinische Forschung an der Universität Ulm, Am Kurpark 1, 88422, Bad Buchau, Deutschland",https://doi.org/10.1007/s11553-026-01304-0,2026,article,FALSE,Prävention und Gesundheitsförderung,https://openalex.org/S4210187245,1861-6755,https://openalex.org/P4310319900,Springer Nature,https://doi.org/10.1007/s11553-026-01304-0,NA,NA,publishedVersion
https://openalex.org/A5006190603,Tugce Canbaz Gumussu,https://orcid.org/0000-0001-5779-0734,first,TRUE,https://openalex.org/I196349391,Universität Ulm,https://ror.org/032000t02,DE,education,https://openalex.org/I196349391,"Institute of Biomedical Engineering, Ulm University, Ulm, Germany",https://doi.org/10.64898/2026.02.19.26346633,2026,article,TRUE,medRxiv,https://openalex.org/S3005729997,NA,NA,NA,https://doi.org/10.64898/2026.02.19.26346633,https://www.medrxiv.org/content/medrxiv/early/2026/02/20/2026.02.19.26346633.full.pdf,other-oa,acceptedVersion
https://openalex.org/A5114533793,Emily Sitarski,https://orcid.org/0009-0001-1632-2587,first,TRUE,https://openalex.org/I196349391,Universität Ulm,https://ror.org/032000t02,DE,education,https://openalex.org/I196349391,"Department of Child and Adolescent Psychiatry, Psychosomatics and Psychotherapy, University Hospital Ulm, Steinhövelstraße 5, 89075, Ulm, Germany; Competence Area Mental Health Prevention in the Competence Network Preventive Medicine Baden-Württemberg, Steinhövelstraße 5, 89075, Ulm, Germany; German Center for Mental Health (DZPG), partner site Ulm, Steinhövelstraße 5, 89075, Ulm, Germany; Competence Center Public Child Mental Health, partner site Ulm, Steinhövelstraße 5, 89075, Ulm, Germany. Electronic address: emily.sitarski@uniklinik-ulm.de",https://doi.org/10.1016/j.chiabu.2026.107896,2026,article,TRUE,Child Abuse & Neglect,https://openalex.org/S53055215,0145-2134,https://openalex.org/P4310320990,Elsevier BV,https://doi.org/10.1016/j.chiabu.2026.107896,NA,cc-by,publishedVersion
https://openalex.org/A5052006671,Maria Victoria Martinez-Dominguez,https://orcid.org/0000-0002-7035-3384,first,FALSE,https://openalex.org/I196349391,Universität Ulm,https://ror.org/032000t02,DE,education,https://openalex.org/I196349391,"German Center for Neurodegenerative Diseases (DZNE), Ulm site, Germany",https://doi.org/10.1016/j.jddst.2026.108171,2026,article,TRUE,Journal of Drug Delivery Science and Technology,https://openalex.org/S97205441,1773-2247,https://openalex.org/P4310320990,Elsevier BV,https://doi.org/10.1016/j.jddst.2026.108171,NA,cc-by,publishedVersion
https://openalex.org/A5052353929,Thomas Schmid,https://orcid.org/0000-0002-2204-0850,first,TRUE,https://openalex.org/I196349391,Universität Ulm,https://ror.org/032000t02,DE,education,https://openalex.org/I196349391,"Universität Ulm, Institut für Unfallchirurgische Forschung und Biomechanik, Knochenregeneration, Ulm",https://doi.org/10.1055/s-0046-1816007,2026,article,FALSE,Osteologie/Osteology,https://openalex.org/S68901728,1019-1291,https://openalex.org/P4310313753,Thieme Medical Publishers (Germany),https://doi.org/10.1055/s-0046-1816007,NA,NA,publishedVersion
https://openalex.org/A5081697782,Christoph Leinert,https://orcid.org/0000-0001-6638-1780,first,TRUE,https://openalex.org/I196349391,Universität Ulm,https://ror.org/032000t02,DE,education,https://openalex.org/I196349391,"Institute for Geriatric Research, Ulm University Medical Center at Agaplesion Bethesda Ulm, Zollernring 26, 89073, Ulm, Germany. Christoph.leinert@uni-ulm.de",https://doi.org/10.1007/s41999-026-01436-8,2026,article,TRUE,European Geriatric Medicine,https://openalex.org/S24649050,1878-7649,https://openalex.org/P4310320990,Elsevier BV,https://doi.org/10.1007/s41999-026-01436-8,https://link.springer.com/content/pdf/10.1007/s41999-026-01436-8.pdf,cc-by,publishedVersion
https://openalex.org/A5126609000,Ke Wang,NA,first,FALSE,https://openalex.org/I196349391,Universität Ulm,https://ror.org/032000t02,DE,education,https://openalex.org/I196349391,Institute of Inorganic Chemistry Ulm University  Ulm Germany,https://doi.org/10.1002/cssc.202502185,2026,article,TRUE,ChemSusChem,https://openalex.org/S193447295,1864-5631,https://openalex.org/P4310320595,Wiley,https://doi.org/10.1002/cssc.202502185,https://onlinelibrary.wiley.com/doi/pdfdirect/10.1002/cssc.202502185,cc-by,publishedVersion
https://openalex.org/A5093050373,Luca Hefty,NA,first,TRUE,https://openalex.org/I196349391,Universität Ulm,https://ror.org/032000t02,DE,education,https://openalex.org/I196349391,Universität Ulm,https://doi.org/10.5281/zenodo.18741394,2026,dataset,TRUE,Zenodo (CERN European Organization for Nuclear Research),https://openalex.org/S4306400562,NA,https://openalex.org/I67311998,European Organization for Nuclear Research,https://doi.org/10.5281/zenodo.18741394,NA,cc-by,NA
https://openalex.org/A5093050373,Luca Hefty,NA,first,TRUE,https://openalex.org/I196349391,Universität Ulm,https://ror.org/032000t02,DE,education,https://openalex.org/I196349391,Universität Ulm,https://doi.org/10.5281/zenodo.18741393,2026,dataset,TRUE,Zenodo (CERN European Organization for Nuclear Research),https://openalex.org/S4306400562,NA,https://openalex.org/I67311998,European Organization for Nuclear Research,https://doi.org/10.5281/zenodo.18741393,NA,cc-by,NA
https://openalex.org/A5076295240,Jens H. Tran,https://orcid.org/0000-0002-5328-4778,first,FALSE,https://openalex.org/I196349391,Universität Ulm,https://ror.org/032000t02,DE,education,https://openalex.org/I196349391,"Institute of Inorganic Chemistry I, Ulm University, Albert-Einstein-Allee 11, Ulm 89081, Germany",https://doi.org/10.1021/acsmaterialsau.5c00212,2026,article,TRUE,ACS Materials Au,https://openalex.org/S4210204497,2694-2461,https://openalex.org/P4310320006,American Chemical Society,https://doi.org/10.1021/acsmaterialsau.5c00212,NA,cc-by,publishedVersion
https://openalex.org/A5050026497,S Aleksandrova–Yankulovska,https://orcid.org/0000-0002-9749-8807,first,TRUE,https://openalex.org/I196349391,Universität Ulm,https://ror.org/032000t02,DE,education,https://openalex.org/I196349391,University of Ulm,https://doi.org/10.6084/m9.figshare.31396854,2026,article,TRUE,Figshare,https://openalex.org/S4377196282,NA,https://openalex.org/I4210132348,Figshare (United Kingdom),https://doi.org/10.6084/m9.figshare.31396854,NA,cc-by,NA
https://openalex.org/A5050026497,S Aleksandrova–Yankulovska,https://orcid.org/0000-0002-9749-8807,first,TRUE,https://openalex.org/I196349391,Universität Ulm,https://ror.org/032000t02,DE,education,https://openalex.org/I196349391,University of Ulm,https://doi.org/10.6084/m9.figshare.31396854.v1,2026,article,TRUE,Figshare,https://openalex.org/S4377196282,NA,https://openalex.org/I4210132348,Figshare (United Kingdom),https://doi.org/10.6084/m9.figshare.31396854.v1,NA,cc-by,NA
https://openalex.org/A5124136609,Patrick Oeckl,NA,first,TRUE,https://openalex.org/I196349391,Universität Ulm,https://ror.org/032000t02,DE,education,https://openalex.org/I196349391,German Center for Neurodegenerative Diseases,https://doi.org/10.6084/m9.figshare.c.8323406,2026,other,TRUE,Figshare,https://openalex.org/S4377196282,NA,https://openalex.org/I4210132348,Figshare (United Kingdom),https://doi.org/10.6084/m9.figshare.c.8323406,NA,cc-by,NA
https://openalex.org/A5050026497,S Aleksandrova–Yankulovska,https://orcid.org/0000-0002-9749-8807,first,TRUE,https://openalex.org/I196349391,Universität Ulm,https://ror.org/032000t02,DE,education,https://openalex.org/I196349391,University of Ulm,https://doi.org/10.6084/m9.figshare.31396851.v1,2026,article,TRUE,Figshare,https://openalex.org/S4377196282,NA,https://openalex.org/I4210132348,Figshare (United Kingdom),https://doi.org/10.6084/m9.figshare.31396851.v1,NA,cc-by,NA
https://openalex.org/A5050026497,S Aleksandrova–Yankulovska,https://orcid.org/0000-0002-9749-8807,first,TRUE,https://openalex.org/I196349391,Universität Ulm,https://ror.org/032000t02,DE,education,https://openalex.org/I196349391,University of Ulm,https://doi.org/10.6084/m9.figshare.31396848,2026,article,TRUE,Figshare,https://openalex.org/S4377196282,NA,https://openalex.org/I4210132348,Figshare (United Kingdom),https://doi.org/10.6084/m9.figshare.31396848,NA,cc-by,NA
https://openalex.org/A5050026497,S Aleksandrova–Yankulovska,https://orcid.org/0000-0002-9749-8807,first,TRUE,https://openalex.org/I196349391,Universität Ulm,https://ror.org/032000t02,DE,education,https://openalex.org/I196349391,University of Ulm,https://doi.org/10.6084/m9.figshare.c.8323266.v1,2026,other,TRUE,Figshare,https://openalex.org/S4377196282,NA,https://openalex.org/I4210132348,Figshare (United Kingdom),https://doi.org/10.6084/m9.figshare.c.8323266.v1,NA,cc-by,NA
https://openalex.org/A5124136609,Patrick Oeckl,NA,first,TRUE,https://openalex.org/I196349391,Universität Ulm,https://ror.org/032000t02,DE,education,https://openalex.org/I196349391,German Center for Neurodegenerative Diseases,https://doi.org/10.6084/m9.figshare.31397078,2026,article,TRUE,Open MIND,https://openalex.org/S4406922384,NA,NA,NA,NA,NA,cc-by,submittedVersion
https://openalex.org/A5050026497,S Aleksandrova–Yankulovska,https://orcid.org/0000-0002-9749-8807,first,TRUE,https://openalex.org/I196349391,Universität Ulm,https://ror.org/032000t02,DE,education,https://openalex.org/I196349391,University of Ulm,https://doi.org/10.6084/m9.figshare.c.8323266,2026,other,TRUE,Figshare,https://openalex.org/S4377196282,NA,https://openalex.org/I4210132348,Figshare (United Kingdom),https://doi.org/10.6084/m9.figshare.c.8323266,NA,cc-by,NA
https://openalex.org/A5014594411,Zhouli Cao,https://orcid.org/0000-0002-0822-2447,first,FALSE,https://openalex.org/I196349391,Universität Ulm,https://ror.org/032000t02,DE,education,https://openalex.org/I196349391,"Department of Dermatology, Ulm University; Albert-Einstein Allee 23, 89081 Ulm, Germany",https://doi.org/10.64898/2026.02.23.707382,2026,article,TRUE,bioRxiv (Cold Spring Harbor Laboratory),https://openalex.org/S4306402567,NA,https://openalex.org/I2750212522,Cold Spring Harbor Laboratory,https://doi.org/10.64898/2026.02.23.707382,https://www.biorxiv.org/content/biorxiv/early/2026/02/24/2026.02.23.707382.full.pdf,cc-by,acceptedVersion
https://openalex.org/A5050026497,S Aleksandrova–Yankulovska,https://orcid.org/0000-0002-9749-8807,first,TRUE,https://openalex.org/I196349391,Universität Ulm,https://ror.org/032000t02,DE,education,https://openalex.org/I196349391,University of Ulm,https://doi.org/10.6084/m9.figshare.31396848.v1,2026,article,TRUE,Figshare,https://openalex.org/S4377196282,NA,https://openalex.org/I4210132348,Figshare (United Kingdom),https://doi.org/10.6084/m9.figshare.31396848.v1,NA,cc-by,NA
https://openalex.org/A5124136609,Patrick Oeckl,NA,first,TRUE,https://openalex.org/I196349391,Universität Ulm,https://ror.org/032000t02,DE,education,https://openalex.org/I196349391,German Center for Neurodegenerative Diseases,https://doi.org/10.6084/m9.figshare.31397078.v1,2026,article,TRUE,Figshare,https://openalex.org/S4377196282,NA,https://openalex.org/I4210132348,Figshare (United Kingdom),https://doi.org/10.6084/m9.figshare.31397078.v1,NA,cc-by,NA
https://openalex.org/A5126669157,Tina Betty Schultz,NA,first,FALSE,https://openalex.org/I196349391,Universität Ulm,https://ror.org/032000t02,DE,education,https://openalex.org/I196349391,"Institute of Evolutionary Ecology and Conservation Genomics, Ulm University, Ulm, Germany",https://doi.org/10.1016/j.gecco.2026.e04126,2026,article,TRUE,Global Ecology and Conservation,https://openalex.org/S2765061010,2351-9894,https://openalex.org/P4310320990,Elsevier BV,https://doi.org/10.1016/j.gecco.2026.e04126,NA,cc-by,publishedVersion
https://openalex.org/A5124136609,Patrick Oeckl,NA,first,TRUE,https://openalex.org/I196349391,Universität Ulm,https://ror.org/032000t02,DE,education,https://openalex.org/I196349391,German Center for Neurodegenerative Diseases,https://doi.org/10.6084/m9.figshare.c.8323406.v1,2026,other,TRUE,Figshare,https://openalex.org/S4377196282,NA,https://openalex.org/I4210132348,Figshare (United Kingdom),https://doi.org/10.6084/m9.figshare.c.8323406.v1,NA,cc-by,NA
https://openalex.org/A5050026497,S Aleksandrova–Yankulovska,https://orcid.org/0000-0002-9749-8807,first,TRUE,https://openalex.org/I196349391,Universität Ulm,https://ror.org/032000t02,DE,education,https://openalex.org/I196349391,University of Ulm,https://doi.org/10.6084/m9.figshare.31396851,2026,article,TRUE,Figshare,https://openalex.org/S4377196282,NA,https://openalex.org/I4210132348,Figshare (United Kingdom),https://doi.org/10.6084/m9.figshare.31396851,NA,cc-by,NA
NA,Amir Abbas,NA,first,FALSE,https://openalex.org/I196349391,Universität Ulm,https://ror.org/032000t02,DE,education,https://openalex.org/I196349391,"Institute of Inorganic Chemistry I, Ulm University, Albert-Einstein-Allee 11, Ulm 89081, Germany",https://doi.org/10.1021/acscatal.5c03610,2026,article,TRUE,ACS Catalysis,https://openalex.org/S37391459,2155-5435,https://openalex.org/P4310320006,American Chemical Society,https://doi.org/10.1021/acscatal.5c03610,NA,cc-by,publishedVersion
https://openalex.org/A5124276157,Lennart Bosch,NA,first,TRUE,https://openalex.org/I196349391,Universität Ulm,https://ror.org/032000t02,DE,education,https://openalex.org/I196349391,"Institute of Theoretical Physics, Ulm University, 89081 Ulm, Germany. Electronic address: lennart.bosch@uni-ulm.de",https://doi.org/10.1016/j.jmr.2026.108044,2026,article,TRUE,Journal of Magnetic Resonance,https://openalex.org/S90573847,1090-7807,https://openalex.org/P4310320990,Elsevier BV,https://doi.org/10.1016/j.jmr.2026.108044,NA,cc-by,publishedVersion
https://openalex.org/A5083514705,Bjoern Driemeyer,https://orcid.org/0000-0002-0715-2301,first,TRUE,https://openalex.org/I196349391,Universität Ulm,https://ror.org/032000t02,DE,education,https://openalex.org/I196349391,"Institute of Microelectronics, University of Ulm, Ulm, Germany",https://doi.org/10.1109/jssc.2026.3663673,2026,article,TRUE,IEEE Journal of Solid-State Circuits,https://openalex.org/S83637746,0018-9200,https://openalex.org/P4310319808,Institute of Electrical and Electronics Engineers,https://doi.org/10.1109/jssc.2026.3663673,NA,cc-by,publishedVersion
https://openalex.org/A5126939173,Chun Yin Lam,NA,first,TRUE,https://openalex.org/I196349391,Universität Ulm,https://ror.org/032000t02,DE,education,https://openalex.org/I196349391,"Institute for Applied Analysis, University of Ulm, Germany",https://doi.org/10.1214/26-ejp1507,2026,article,TRUE,Electronic Journal of Probability,https://openalex.org/S181633058,1083-6489,https://openalex.org/P4310319881,Institute of Mathematical Statistics,https://doi.org/10.1214/26-ejp1507,NA,cc-by,publishedVersion
https://openalex.org/A5012895387,Elena Schwarz,https://orcid.org/0000-0002-1010-9734,first,TRUE,https://openalex.org/I196349391,Universität Ulm,https://ror.org/032000t02,DE,education,https://openalex.org/I196349391,"Department of Psychosomatic Medicine and Psychotherapy, University Medical Center Ulm, 89081 Ulm, Germany",https://doi.org/10.1097/jom.0000000000003683,2026,article,TRUE,Journal of Occupational and Environmental Medicine,https://openalex.org/S156862075,1076-2752,https://openalex.org/P4310315671,Wolters Kluwer,https://doi.org/10.1097/jom.0000000000003683,NA,cc-by,publishedVersion
https://openalex.org/A5126912985,H Schmidt,NA,first,TRUE,https://openalex.org/I196349391,Universität Ulm,https://ror.org/032000t02,DE,education,https://openalex.org/I196349391,"Institut für Allgemeine Physiologie, Universität Ulm, Deutschland",https://doi.org/10.1055/s-0046-1816747,2026,article,FALSE,Klinische Pädiatrie,https://openalex.org/S186178718,0300-8630,https://openalex.org/P4310320000,Thieme Medical Publishers (Germany),https://doi.org/10.1055/s-0046-1816747,NA,NA,publishedVersion
https://openalex.org/A5126930871,Alexander Zirn,NA,first,TRUE,https://openalex.org/I196349391,Universität Ulm,https://ror.org/032000t02,DE,education,https://openalex.org/I196349391,"Institute of Chemical Engineering, Ulm University, Albert-Einstein-Allee 11, Ulm, Germany, 89081",https://doi.org/10.26434/chemrxiv.15000434/v1,2026,article,TRUE,ChemRxiv,https://openalex.org/S4393918830,2573-2293,NA,NA,https://doi.org/10.26434/chemrxiv.15000434/v1,https://chemrxiv.org/doi/pdf/10.26434/chemrxiv.15000434/v1,cc-by,acceptedVersion
https://openalex.org/A5127359306,Laurin Holz,NA,first,TRUE,https://openalex.org/I196349391,Universität Ulm,https://ror.org/032000t02,DE,education,https://openalex.org/I196349391,CortAIx Labs,https://doi.org/10.36227/techrxiv.177222596.69506770/v1,2026,article,TRUE,NA,NA,NA,NA,NA,https://doi.org/10.36227/techrxiv.177222596.69506770/v1,https://www.techrxiv.org/doi/pdf/10.36227/techrxiv.177222596.69506770,cc-by,acceptedVersion
https://openalex.org/A5056301510,Sandra Nickel,NA,first,TRUE,https://openalex.org/I196349391,Universität Ulm,https://ror.org/032000t02,DE,education,https://openalex.org/I196349391,"Universitätsklinik Ulm, Klinik für Psychiatrie und Psychotherapie III, Ulm, Germany. Electronic address: sandra.nickel@uni-ulm.de",https://doi.org/10.1016/j.jpsychires.2026.02.048,2026,article,TRUE,Journal of Psychiatric Research,https://openalex.org/S160879026,0022-3956,https://openalex.org/P4310320990,Elsevier BV,https://doi.org/10.1016/j.jpsychires.2026.02.048,NA,cc-by,publishedVersion
https://openalex.org/A5091971050,Rebecca Jansche,NA,first,TRUE,https://openalex.org/I196349391,Universität Ulm,https://ror.org/032000t02,DE,education,https://openalex.org/I196349391,"Department of Obstetrics and Gynecology, Ulm University, Ulm, Germany",https://doi.org/10.1038/s41419-026-08463-0,2026,article,TRUE,Cell Death and Disease,https://openalex.org/S185208586,2041-4889,https://openalex.org/P4310319965,Springer Nature,https://doi.org/10.1038/s41419-026-08463-0,NA,cc-by,publishedVersion
https://openalex.org/A5127811745,A K Greiner-Perth,NA,first,TRUE,https://openalex.org/I196349391,Universität Ulm,https://ror.org/032000t02,DE,education,https://openalex.org/I196349391,"Universitätsklinikum Ulm, Institut für Unfallchirurgische Forschung und Biomechanik, Ulm, Deutschland",https://doi.org/10.1055/s-0046-1816998,2026,article,FALSE,Die Wirbelsäule,https://openalex.org/S4210177294,2509-8241,https://openalex.org/P4310321135,Thieme Medical Publishers (Germany),https://doi.org/10.1055/s-0046-1816998,NA,NA,publishedVersion
https://openalex.org/A5072667943,Sruthi Sankari Krishnamurthy,NA,first,FALSE,https://openalex.org/I196349391,Universität Ulm,https://ror.org/032000t02,DE,education,https://openalex.org/I196349391,"CEMMA Graduate School, Ulm University, Ulm, 80981, Germany",https://doi.org/10.1186/s12916-026-04749-4,2026,article,TRUE,BMC Medicine,https://openalex.org/S135560524,1741-7015,https://openalex.org/P4310320256,Springer Nature,https://doi.org/10.1186/s12916-026-04749-4,NA,cc-by,publishedVersion
https://openalex.org/A5127959562,Ulrike Hoffmann,NA,first,FALSE,https://openalex.org/I196349391,Universität Ulm,https://ror.org/032000t02,DE,education,https://openalex.org/I196349391,"Department of Child and Adolescent Psychiatry, Psychosomatics and Psychotherapy, Ulm University Hospital, Steinhövelstr. 5, 89075, Ulm, State of Baden-Württemberg, Germany",https://doi.org/10.1007/s10389-026-02719-x,2026,article,TRUE,Journal of Public Health,https://openalex.org/S4210187426,0943-1853,https://openalex.org/P4310319900,Springer Nature,https://doi.org/10.1007/s10389-026-02719-x,https://link.springer.com/content/pdf/10.1007/s10389-026-02719-x.pdf,cc-by,publishedVersion
https://openalex.org/A5048383071,Lena Rauch‐Wirth,https://orcid.org/0000-0002-0952-3559,first,FALSE,https://openalex.org/I196349391,Universität Ulm,https://ror.org/032000t02,DE,education,https://openalex.org/I196349391,"Institute of Molecular Virology, Ulm University Medical Center, Ulm 89081, Germany",https://doi.org/10.1016/j.nantod.2026.103015,2026,article,TRUE,Nano Today,https://openalex.org/S183222223,1748-0132,https://openalex.org/P4310320990,Elsevier BV,https://doi.org/10.1016/j.nantod.2026.103015,NA,cc-by,publishedVersion
https://openalex.org/A5127907274,Abhinav Das,NA,first,TRUE,https://openalex.org/I196349391,Universität Ulm,https://ror.org/032000t02,DE,education,https://openalex.org/I196349391,Faculty of Mathematics and Economics Ulm University  Ulm Germany,https://doi.org/10.1002/for.70124,2026,article,TRUE,Journal of Forecasting,https://openalex.org/S122161766,0277-6693,https://openalex.org/P4310320595,Wiley,https://doi.org/10.1002/for.70124,NA,cc-by,publishedVersion
https://openalex.org/A5082768110,Jonas Schepper,NA,first,TRUE,https://openalex.org/I196349391,Universität Ulm,https://ror.org/032000t02,DE,education,https://openalex.org/I196349391,"Institute of Organic Chemistry II and Advanced Materials, Ulm University, Albert-Einstein-Allee 11, 89081 Ulm, Germany",https://doi.org/10.1039/d5ob01979f,2026,article,TRUE,Organic & Biomolecular Chemistry,https://openalex.org/S179810352,1477-0520,https://openalex.org/P4310320556,Royal Society of Chemistry,https://doi.org/10.1039/d5ob01979f,https://pubs.rsc.org/en/content/articlepdf/2025/ob/d5ob01979f,cc-by,publishedVersion
https://openalex.org/A5128082572,Fedor Jelezko,NA,first,TRUE,https://openalex.org/I196349391,Universität Ulm,https://ror.org/032000t02,DE,education,https://openalex.org/I196349391,Univ. Ulm (Germany),https://doi.org/10.1117/12.3077471,2026,article,FALSE,NA,NA,NA,NA,NA,https://doi.org/10.1117/12.3077471,NA,NA,publishedVersion
https://openalex.org/A5128071079,Andreas Witt,NA,first,TRUE,https://openalex.org/I196349391,Universität Ulm,https://ror.org/032000t02,DE,education,https://openalex.org/I196349391,"Department of Child and Adolescent Psychiatry and Psychotherapy, University of Ulm, Germany",https://doi.org/10.1016/j.ssmmh.2026.100606,2026,article,TRUE,SSM - Mental Health,https://openalex.org/S4210190706,2666-5603,https://openalex.org/P4310320990,Elsevier BV,https://doi.org/10.1016/j.ssmmh.2026.100606,NA,cc-by,publishedVersion
https://openalex.org/A5128071094,Nikolas Rank,NA,first,TRUE,https://openalex.org/I196349391,Universität Ulm,https://ror.org/032000t02,DE,education,https://openalex.org/I196349391,Universität Ulm,https://doi.org/10.5281/zenodo.18862318,2026,dataset,TRUE,Open MIND,https://openalex.org/S4406922384,NA,NA,NA,NA,NA,NA,submittedVersion
https://openalex.org/A5128071094,Nikolas Rank,NA,first,TRUE,https://openalex.org/I196349391,Universität Ulm,https://ror.org/032000t02,DE,education,https://openalex.org/I196349391,Universität Ulm,https://doi.org/10.5281/zenodo.18862317,2026,dataset,TRUE,Zenodo (CERN European Organization for Nuclear Research),https://openalex.org/S4306400562,NA,https://openalex.org/I67311998,European Organization for Nuclear Research,https://doi.org/10.5281/zenodo.18862317,NA,NA,NA
https://openalex.org/A5113139224,Angelika C. Rueck,NA,first,TRUE,https://openalex.org/I196349391,Universität Ulm,https://ror.org/032000t02,DE,education,https://openalex.org/I196349391,Univ. Ulm (Germany),https://doi.org/10.1117/12.3084293,2026,article,FALSE,NA,NA,NA,NA,NA,https://doi.org/10.1117/12.3084293,NA,NA,publishedVersion
NA,Dario Cilluffo,https://orcid.org/0000-0001-6862-0511,first,TRUE,https://openalex.org/I196349391,Universität Ulm,https://ror.org/032000t02,DE,education,https://openalex.org/I196349391,Universität Ulm,https://doi.org/10.1103/hc4r-2st8,2026,article,TRUE,Physical Review Research,https://openalex.org/S4210240247,2643-1564,https://openalex.org/P4310320261,American Physical Society,https://doi.org/10.1103/hc4r-2st8,NA,cc-by,publishedVersion
https://openalex.org/A5128071094,Nikolas Rank,NA,first,TRUE,https://openalex.org/I196349391,Universität Ulm,https://ror.org/032000t02,DE,education,https://openalex.org/I196349391,Universität Ulm,https://doi.org/10.5281/zenodo.18877657,2026,dataset,TRUE,Zenodo (CERN European Organization for Nuclear Research),https://openalex.org/S4306400562,NA,https://openalex.org/I67311998,European Organization for Nuclear Research,https://doi.org/10.5281/zenodo.18877657,NA,NA,NA
https://openalex.org/A5016580064,Tabea Hein,NA,first,FALSE,https://openalex.org/I196349391,Universität Ulm,https://ror.org/032000t02,DE,education,https://openalex.org/I196349391,"Institute of Physiological Chemistry, Ulm University, Ulm, Germany",https://doi.org/10.1038/s41467-026-70304-7,2026,article,TRUE,Nature Communications,https://openalex.org/S64187185,2041-1723,https://openalex.org/P4310319908,Springer Nature,https://doi.org/10.1038/s41467-026-70304-7,NA,cc-by,publishedVersion
https://openalex.org/A5128292910,Eva Stapfer,NA,first,FALSE,https://openalex.org/I196349391,Universität Ulm,https://ror.org/032000t02,DE,education,https://openalex.org/I196349391,"Institute of Biochemistry and Molecular Biology, Medical Faculty, Ulm University  Ulm Germany",https://doi.org/10.1002/bmb.70045,2026,article,TRUE,Biochemistry and Molecular Biology Education,https://openalex.org/S105183386,1470-8175,https://openalex.org/P4310320595,Wiley,https://doi.org/10.1002/bmb.70045,NA,cc-by,publishedVersion
https://openalex.org/A5014754286,Matthew Ennis,NA,first,TRUE,https://openalex.org/I196349391,Universität Ulm,https://ror.org/032000t02,DE,education,https://openalex.org/I196349391,"Division of Endocrinology and Diabetology, Internal Medicine I, University Hospital of Ulm, Albert-Einstein-Allee 23, 89081, Ulm, Germany. matthew.ennis@uni-ulm.de",https://doi.org/10.1038/s41598-026-41806-7,2026,article,TRUE,Scientific Reports,https://openalex.org/S196734849,2045-2322,https://openalex.org/P4310319908,Springer Nature,https://doi.org/10.1038/s41598-026-41806-7,https://www.nature.com/articles/s41598-026-41806-7_reference.pdf,cc-by,publishedVersion
https://openalex.org/A5128303198,Tim Baumgartner,NA,first,TRUE,https://openalex.org/I196349391,Universität Ulm,https://ror.org/032000t02,DE,education,https://openalex.org/I196349391,University of Ulm - Department of Mathematics and Economics,https://doi.org/10.2139/ssrn.6288338,2026,preprint,TRUE,SSRN Electronic Journal,https://openalex.org/S4210172589,1556-5068,https://openalex.org/I1318003438,RELX Group (Netherlands),https://doi.org/10.2139/ssrn.6288338,NA,NA,acceptedVersion
https://openalex.org/A5029300794,Guilherme Ferreira Pinto,https://orcid.org/0000-0001-8495-3738,first,FALSE,https://openalex.org/I196349391,Universität Ulm,https://ror.org/032000t02,DE,education,https://openalex.org/I196349391,"Department of Chemistry, University of Aveiro, Aveiro, Portugal; Institute of Analytical and Bioanalytical Chemistry, Ulm University, Ulm, Germany",https://doi.org/10.1016/j.saa.2026.127697,2026,article,TRUE,Spectrochimica Acta Part A Molecular and Biomolecular Spectroscopy,https://openalex.org/S96873385,1386-1425,https://openalex.org/P4310320990,Elsevier BV,https://doi.org/10.1016/j.saa.2026.127697,NA,cc-by,publishedVersion
https://openalex.org/A5059850594,Lucas Weihrauch,https://orcid.org/0000-0002-4665-8567,first,TRUE,https://openalex.org/I196349391,Universität Ulm,https://ror.org/032000t02,DE,education,https://openalex.org/I196349391,Universität Ulm Ulm Germany,https://doi.org/10.1111/ijsa.70052,2026,article,TRUE,International Journal of Selection and Assessment,https://openalex.org/S148368070,0965-075X,https://openalex.org/P4310320595,Wiley,https://doi.org/10.1111/ijsa.70052,NA,cc-by,publishedVersion
https://openalex.org/A5017545522,Julia C. Büttner,https://orcid.org/0000-0002-5414-5243,first,TRUE,https://openalex.org/I196349391,Universität Ulm,https://ror.org/032000t02,DE,education,https://openalex.org/I196349391,Universität Ulm Ulm Germany,https://doi.org/10.1111/ijsa.70054,2026,article,TRUE,International Journal of Selection and Assessment,https://openalex.org/S148368070,0965-075X,https://openalex.org/P4310320595,Wiley,https://doi.org/10.1111/ijsa.70054,NA,cc-by,publishedVersion
https://openalex.org/A5002668038,Deung-Dae Park,https://orcid.org/0000-0001-6265-4964,first,FALSE,https://openalex.org/I196349391,Universität Ulm,https://ror.org/032000t02,DE,education,https://openalex.org/I196349391,"Molecular Cardiology, Department of Internal Medicine II, University of Ulm, Albert-Einstein-Allee 23, Ulm, 89081, Germany",https://doi.org/10.1007/s00018-026-06168-3,2026,article,TRUE,Cellular and Molecular Life Sciences,https://openalex.org/S60362788,1420-682X,https://openalex.org/P4310319965,Springer Nature,https://doi.org/10.1007/s00018-026-06168-3,NA,cc-by,publishedVersion
https://openalex.org/A5070902220,Richard-Tobias Moeller,https://orcid.org/0000-0002-4866-2164,first,TRUE,https://openalex.org/I196349391,Universität Ulm,https://ror.org/032000t02,DE,education,https://openalex.org/I196349391,"University Hospital Ulm, Department of Orthopaedic Trauma, Albert-Einstein-Allee 23, 89081 Ulm, Germany. Electronic address: dr.rtmoeller@gmail.com",https://doi.org/10.1016/j.hansur.2026.102638,2026,article,TRUE,Hand surgery & rehabilitation,https://openalex.org/S2764427465,2468-1210,https://openalex.org/P4310320990,Elsevier BV,https://doi.org/10.1016/j.hansur.2026.102638,NA,cc-by,publishedVersion
https://openalex.org/A5016001260,Lukas Petrich,https://orcid.org/0000-0003-0859-4432,first,TRUE,https://openalex.org/I196349391,Universität Ulm,https://ror.org/032000t02,DE,education,https://openalex.org/I196349391,"Institute of Stochastics, Ulm University, Ulm, 89069, Germany",https://doi.org/10.1007/s11119-026-10328-7,2026,article,TRUE,Precision Agriculture,https://openalex.org/S42419699,1385-2256,https://openalex.org/P4310319900,Springer Nature,https://doi.org/10.1007/s11119-026-10328-7,https://link.springer.com/content/pdf/10.1007/s11119-026-10328-7.pdf,cc-by,publishedVersion
https://openalex.org/A5061644837,Christian Bolenz,https://orcid.org/0000-0002-6171-6040,first,TRUE,https://openalex.org/I196349391,Universität Ulm,https://ror.org/032000t02,DE,education,https://openalex.org/I196349391,"Klinik für Urologie und Kinderurologie, Universitätsklinikum Ulm, Albert-Einstein-Allee 23, 89081, Ulm, Deutschland. christian.bolenz@uniklinik-ulm.de",https://doi.org/10.1007/s00120-026-02807-6,2026,article,TRUE,Die Urologie,https://openalex.org/S4387280488,2731-7064,https://openalex.org/P4310319900,Springer Nature,https://doi.org/10.1007/s00120-026-02807-6,https://link.springer.com/content/pdf/10.1007/s00120-026-02807-6.pdf,NA,publishedVersion
https://openalex.org/A5032828042,Dieter Rautenbach,https://orcid.org/0000-0002-7214-042X,first,TRUE,https://openalex.org/I196349391,Universität Ulm,https://ror.org/032000t02,DE,education,https://openalex.org/I196349391,"Institute of Optimization and Operations Research, Ulm University, Ulm, Germany",https://doi.org/10.1016/j.disc.2026.115086,2026,article,TRUE,Discrete Mathematics,https://openalex.org/S18902827,0012-365X,https://openalex.org/P4310320990,Elsevier BV,https://doi.org/10.1016/j.disc.2026.115086,NA,cc-by,publishedVersion
https://openalex.org/A5075378120,Florian Sihler,https://orcid.org/0000-0001-7195-7801,first,TRUE,https://openalex.org/I196349391,Universität Ulm,https://ror.org/032000t02,DE,education,https://openalex.org/I196349391,Universität Ulm,https://doi.org/10.5281/zenodo.18927874,2026,dataset,TRUE,Zenodo (CERN European Organization for Nuclear Research),https://openalex.org/S4306400562,NA,https://openalex.org/I67311998,European Organization for Nuclear Research,https://doi.org/10.5281/zenodo.18927874,NA,NA,NA
https://openalex.org/A5099993470,Valesa Malokaj,NA,first,FALSE,https://openalex.org/I196349391,Universität Ulm,https://ror.org/032000t02,DE,education,https://openalex.org/I196349391,"Department of Diagnostic and Interventional, Radiology University Hospital Ulm, Albert-Einstein-Allee 23, 89081, Ulm, Germany",https://doi.org/10.1007/s00414-026-03757-6,2026,article,TRUE,International Journal of Legal Medicine,https://openalex.org/S4210211635,0937-9827,https://openalex.org/P4310319900,Springer Nature,https://doi.org/10.1007/s00414-026-03757-6,https://link.springer.com/content/pdf/10.1007/s00414-026-03757-6.pdf,cc-by,publishedVersion
https://openalex.org/A5098784057,Hannes Stagge,https://orcid.org/0009-0000-2548-0360,first,TRUE,https://openalex.org/I196349391,Universität Ulm,https://ror.org/032000t02,DE,education,https://openalex.org/I196349391,Universität Ulm,https://doi.org/10.5281/zenodo.18937733,2026,other,TRUE,Open MIND,https://openalex.org/S4406922384,NA,NA,NA,NA,NA,NA,submittedVersion
https://openalex.org/A5098784057,Hannes Stagge,https://orcid.org/0009-0000-2548-0360,first,TRUE,https://openalex.org/I196349391,Universität Ulm,https://ror.org/032000t02,DE,education,https://openalex.org/I196349391,Universität Ulm,https://doi.org/10.5281/zenodo.18937732,2026,other,TRUE,Zenodo (CERN European Organization for Nuclear Research),https://openalex.org/S4306400562,NA,https://openalex.org/I67311998,European Organization for Nuclear Research,https://doi.org/10.5281/zenodo.18937732,NA,NA,NA
https://openalex.org/A5128648965,Pascal Jansen,NA,first,TRUE,https://openalex.org/I196349391,Universität Ulm,https://ror.org/032000t02,DE,education,https://openalex.org/I196349391,"Institute of Media Informatics , Ulm University Ulm , Germany",NA,2026,article,TRUE,arXiv (Cornell University),https://openalex.org/S4306400194,NA,https://openalex.org/I205783295,Cornell University,http://arxiv.org/abs/2603.08138,https://arxiv.org/pdf/2603.08138,cc-by-nc-sa,submittedVersion
https://openalex.org/A5002668038,Deung-Dae Park,https://orcid.org/0000-0001-6265-4964,first,FALSE,https://openalex.org/I196349391,Universität Ulm,https://ror.org/032000t02,DE,education,https://openalex.org/I196349391,"Molecular Cardiology, Department of Internal Medicine II, University of Ulm, Albert-Einstein-Allee 23, 89081, Ulm, Germany",https://doi.org/10.1186/s40659-026-00681-2,2026,article,TRUE,Biological Research,https://openalex.org/S186646444,0716-9760,https://openalex.org/P4310320256,Springer Nature,https://doi.org/10.1186/s40659-026-00681-2,NA,cc-by,publishedVersion
https://openalex.org/A5128759488,Julia Bruckner,NA,first,TRUE,https://openalex.org/I196349391,Universität Ulm,https://ror.org/032000t02,DE,education,https://openalex.org/I196349391,"Institute for Sustainable Management, University of Ulm, Helmholtzstraße 18, Ulm, 89081, Germany",https://doi.org/10.1016/j.jclepro.2026.147905,2026,article,TRUE,Journal of Cleaner Production,https://openalex.org/S58516903,0959-6526,https://openalex.org/P4310320990,Elsevier BV,https://doi.org/10.1016/j.jclepro.2026.147905,NA,cc-by,publishedVersion
https://openalex.org/A5072302588,Jean De Dieu Harelimana,https://orcid.org/0000-0003-0944-5404,first,TRUE,https://openalex.org/I196349391,Universität Ulm,https://ror.org/032000t02,DE,education,https://openalex.org/I196349391,"Institute of Medical Microbiology and Hygiene, Ulm University Medical Center, 89073 Ulm, Germany. Electronic address: habi.fils01@gmail.com",https://doi.org/10.1016/j.vaccine.2026.128456,2026,article,TRUE,Vaccine,https://openalex.org/S27359860,0264-410X,https://openalex.org/P4310320990,Elsevier BV,https://doi.org/10.1016/j.vaccine.2026.128456,NA,cc-by,publishedVersion
https://openalex.org/A5128832042,Anna-Lisa Allgaier,NA,first,TRUE,https://openalex.org/I196349391,Universität Ulm,https://ror.org/032000t02,DE,education,https://openalex.org/I196349391,"THU Ulm, Ulm, Germany",https://doi.org/10.1007/978-3-658-51100-5_37,2026,book-chapter,FALSE,Informatik aktuell,https://openalex.org/S4210235615,1431-472X,https://openalex.org/P4310319965,Springer Nature,https://doi.org/10.1007/978-3-658-51100-5_37,NA,NA,publishedVersion
https://openalex.org/A5037750452,Billy Michael Chelliah Jebaraj,https://orcid.org/0000-0002-6188-1652,first,FALSE,https://openalex.org/I196349391,Universität Ulm,https://ror.org/032000t02,DE,education,https://openalex.org/I196349391,"Division of CLL, Department of Internal Medicine III University of Ulm  Ulm Germany",https://doi.org/10.1111/bjh.70430,2026,article,TRUE,British Journal of Haematology,https://openalex.org/S153015021,0007-1048,https://openalex.org/P4310320595,Wiley,https://doi.org/10.1111/bjh.70430,NA,cc-by,publishedVersion
https://openalex.org/A5022880367,Amar Halilovic,https://orcid.org/0000-0002-2354-986X,first,TRUE,https://openalex.org/I196349391,Universität Ulm,https://ror.org/032000t02,DE,education,https://openalex.org/I196349391,"Ulm University, Ulm, Germany",https://doi.org/10.1145/3776734.3794487,2026,article,FALSE,NA,NA,NA,NA,NA,https://doi.org/10.1145/3776734.3794487,NA,NA,publishedVersion
https://openalex.org/A5128809551,Jan Kassubek,NA,first,TRUE,https://openalex.org/I196349391,Universität Ulm,https://ror.org/032000t02,DE,education,https://openalex.org/I196349391,"Department of Neurology, University of Ulm, Oberer Eselsberg 45, 89081, Ulm, Germany. jan.kassubek@uni-ulm.de",https://doi.org/10.1007/s00415-026-13718-z,2026,article,TRUE,Journal of Neurology,https://openalex.org/S175814247,0340-5354,https://openalex.org/P4310319900,Springer Nature,https://doi.org/10.1007/s00415-026-13718-z,https://link.springer.com/content/pdf/10.1007/s00415-026-13718-z.pdf,cc-by,publishedVersion
https://openalex.org/A5072912490,Daniel Wolf,https://orcid.org/0000-0002-8584-5189,first,TRUE,https://openalex.org/I196349391,Universität Ulm,https://ror.org/032000t02,DE,education,https://openalex.org/I196349391,"Ulm University, Ulm, Germany",https://doi.org/10.1007/978-3-658-51100-5_16,2026,book-chapter,FALSE,Informatik aktuell,https://openalex.org/S4210235615,1431-472X,https://openalex.org/P4310319965,Springer Nature,https://doi.org/10.1007/978-3-658-51100-5_16,NA,NA,publishedVersion
https://openalex.org/A5006695988,Julian Kohne,https://orcid.org/0000-0002-6710-7545,first,TRUE,https://openalex.org/I196349391,Universität Ulm,https://ror.org/032000t02,DE,education,https://openalex.org/I196349391,"Department of Computational Social Science, GESIS – Leibniz Institute for the Social Sciences",https://doi.org/10.1016/j.chbr.2026.100996,2026,article,TRUE,Computers in Human Behavior Reports,https://openalex.org/S4210198611,2451-9588,https://openalex.org/P4310320990,Elsevier BV,https://doi.org/10.1016/j.chbr.2026.100996,NA,cc-by,publishedVersion
https://openalex.org/A5061644837,Christian Bolenz,https://orcid.org/0000-0002-6171-6040,first,TRUE,https://openalex.org/I196349391,Universität Ulm,https://ror.org/032000t02,DE,education,https://openalex.org/I196349391,"Klinik für Urologie und Kinderurologie, Universitätsklinikum Ulm, Albert-Einstein-Allee 23, 89081, Ulm, Deutschland. christian.bolenz@uniklinik-ulm.de",https://doi.org/10.1007/s00120-026-02776-w,2026,article,TRUE,Die Urologie,https://openalex.org/S4387280488,2731-7064,https://openalex.org/P4310319900,Springer Nature,https://doi.org/10.1007/s00120-026-02776-w,https://link.springer.com/content/pdf/10.1007/s00120-026-02776-w.pdf,NA,publishedVersion
https://openalex.org/A5092012192,Valentin Foucher,https://orcid.org/0009-0000-2632-3519,first,TRUE,https://openalex.org/I196349391,Universität Ulm,https://ror.org/032000t02,DE,education,https://openalex.org/I196349391,"Ulm University, Ulm, Germany 1 ,",https://doi.org/10.1525/collabra.156503,2026,article,TRUE,Collabra Psychology,https://openalex.org/S4210175756,2474-7394,https://openalex.org/P4310315693,University of California,https://doi.org/10.1525/collabra.156503,NA,cc-by,publishedVersion
https://openalex.org/A5128832293,Luisa Gallée,NA,first,TRUE,https://openalex.org/I196349391,Universität Ulm,https://ror.org/032000t02,DE,education,https://openalex.org/I196349391,"Experimental Radiology, Ulm University Medical Center, Ulm, Germany",https://doi.org/10.1007/978-3-658-51100-5_28,2026,book-chapter,TRUE,Informatik aktuell,https://openalex.org/S4210235615,1431-472X,https://openalex.org/P4310319965,Springer Nature,https://doi.org/10.1007/978-3-658-51100-5_28,https://link.springer.com/content/pdf/10.1007/978-3-658-51100-5_28.pdf,NA,publishedVersion
https://openalex.org/A5128824191,P. Lechsner,NA,first,TRUE,https://openalex.org/I196349391,Universität Ulm,https://ror.org/032000t02,DE,education,https://openalex.org/I196349391,"Institute of the History, Philosophy and Ethics of Medicine, German Center for Child and Adolescent Health (DZKJ), Ulm University, Partner Site Ulm, Ulm, Germany. patrick.lechsner@uni-ulm.de",https://doi.org/10.1007/s00431-026-06832-7,2026,article,TRUE,European Journal of Pediatrics,https://openalex.org/S48201647,0340-6199,https://openalex.org/P4310319900,Springer Nature,https://doi.org/10.1007/s00431-026-06832-7,https://link.springer.com/content/pdf/10.1007/s00431-026-06832-7.pdf,cc-by,publishedVersion
https://openalex.org/A5000369738,Nicole Hander,https://orcid.org/0000-0003-3155-9547,first,TRUE,https://openalex.org/I196349391,Universität Ulm,https://ror.org/032000t02,DE,education,https://openalex.org/I196349391,"Department of Psychosomatic Medicine and Psychotherapy, Ulm University Medical Center, Ulm, Germany",https://doi.org/10.1371/journal.pone.0343567,2026,article,TRUE,PLoS ONE,https://openalex.org/S202381698,1932-6203,https://openalex.org/P4310315706,Public Library of Science,https://doi.org/10.1371/journal.pone.0343567,NA,cc-by,publishedVersion
https://openalex.org/A5126633191,G. Durner,NA,first,TRUE,https://openalex.org/I196349391,Universität Ulm,https://ror.org/032000t02,DE,education,https://openalex.org/I196349391,Department of Neurosurgery University of Ulm  Günzburg Germany,https://doi.org/10.1002/brb3.71313,2026,article,TRUE,Brain and Behavior,https://openalex.org/S2764450051,2162-3279,https://openalex.org/P4310320595,Wiley,https://doi.org/10.1002/brb3.71313,NA,cc-by,publishedVersion
https://openalex.org/A5049322494,Annette Richter-Unruh,NA,first,TRUE,https://openalex.org/I196349391,Universität Ulm,https://ror.org/032000t02,DE,education,https://openalex.org/I196349391,"Hormonzentrum für Kinder- und Jugendliche, Prof. Dr. Richter-Unruh & Kolleginnen, In überörtliche Berufsausübungsgemeinschaft Medizinisches Versorgungszentrum Dr. Eberhard & Partner Dortmund, Alter Mühlenweg 3, 44139, Dortmund, Deutschland",https://doi.org/10.1007/s10304-026-00676-y,2026,article,FALSE,Gynäkologische Endokrinologie,https://openalex.org/S4210177927,1610-2894,https://openalex.org/P4310319965,Springer Nature,https://doi.org/10.1007/s10304-026-00676-y,NA,NA,publishedVersion
https://openalex.org/A5115073140,Hannah Maja Figura,NA,first,TRUE,https://openalex.org/I196349391,Universität Ulm,https://ror.org/032000t02,DE,education,https://openalex.org/I196349391,"Section Integrative Medicine, Department of General and Visceral Surgery, Ulm University Medical Center, Germany",https://doi.org/10.61936/themind/202603138,2026,article,FALSE,THE MIND - Bulletin on Mind-Body Medicine Research,https://openalex.org/S4390296979,2940-3243,NA,NA,https://doi.org/10.61936/themind/202603138,NA,NA,publishedVersion
https://openalex.org/A5115073140,Hannah Maja Figura,NA,first,TRUE,https://openalex.org/I196349391,Universität Ulm,https://ror.org/032000t02,DE,education,https://openalex.org/I196349391,"Section Integrative Medicine, Department of General and Visceral Surgery, Ulm University Medical Center, Germany",https://doi.org/10.61936/themind/202603139,2026,article,FALSE,THE MIND - Bulletin on Mind-Body Medicine Research,https://openalex.org/S4390296979,2940-3243,NA,NA,https://doi.org/10.61936/themind/202603139,NA,NA,publishedVersion
https://openalex.org/A5013394862,Marica Pagliarini,NA,first,FALSE,https://openalex.org/I196349391,Universität Ulm,https://ror.org/032000t02,DE,education,https://openalex.org/I196349391,"Department of Biomolecular Sciences, University of Urbino Carlo Bo, 61029, Urbino, Italy",https://doi.org/10.1007/s12035-026-05799-8,2026,article,TRUE,Molecular Neurobiology,https://openalex.org/S194681035,0893-7648,https://openalex.org/P4310319900,Springer Nature,https://doi.org/10.1007/s12035-026-05799-8,https://link.springer.com/content/pdf/10.1007/s12035-026-05799-8.pdf,cc-by,publishedVersion
https://openalex.org/A5129121430,J. M. Vahl,NA,first,TRUE,https://openalex.org/I196349391,Universität Ulm,https://ror.org/032000t02,DE,education,https://openalex.org/I196349391,Department of Otorhinolaryngology and Head &amp; Neck Surgery University Medical Center Ulm  Ulm Germany,https://doi.org/10.1002/cam4.71734,2026,article,TRUE,Cancer Medicine,https://openalex.org/S2754843627,2045-7634,https://openalex.org/P4310320595,Wiley,https://doi.org/10.1002/cam4.71734,NA,cc-by,publishedVersion
https://openalex.org/A5035335764,Thomas Wodtko,https://orcid.org/0000-0001-5151-8553,first,TRUE,https://openalex.org/I196349391,Universität Ulm,https://ror.org/032000t02,DE,education,https://openalex.org/I196349391,"Institute of Measurement, Control and Microtechnology, Ulm University,Ulm,Germany,89081",https://doi.org/10.1109/itsc60802.2025.11423554,2025,article,FALSE,NA,NA,NA,NA,NA,https://doi.org/10.1109/itsc60802.2025.11423554,NA,NA,publishedVersion
https://openalex.org/A5035335764,Thomas Wodtko,https://orcid.org/0000-0001-5151-8553,first,TRUE,https://openalex.org/I196349391,Universität Ulm,https://ror.org/032000t02,DE,education,https://openalex.org/I196349391,"Institute of Measurement, Control and Microtechnology, Ulm University,Ulm,Germany,89081",https://doi.org/10.1109/itsc60802.2025.11423468,2025,article,FALSE,NA,NA,NA,NA,NA,https://doi.org/10.1109/itsc60802.2025.11423468,NA,NA,publishedVersion
https://openalex.org/A5081943726,Amelie Huber,NA,first,FALSE,https://openalex.org/I196349391,Universität Ulm,https://ror.org/032000t02,DE,education,https://openalex.org/I196349391,"Institute of Analytical and Bioanalytical Chemistry, Ulm University, 89081 Ulm, Germany",https://doi.org/10.1016/j.microc.2026.117712,2026,article,TRUE,Microchemical Journal,https://openalex.org/S151030190,0026-265X,https://openalex.org/P4310320990,Elsevier BV,https://doi.org/10.1016/j.microc.2026.117712,NA,cc-by,publishedVersion
https://openalex.org/A5071810146,Artur Hermann,https://orcid.org/0009-0004-3406-267X,first,TRUE,https://openalex.org/I196349391,Universität Ulm,https://ror.org/032000t02,DE,education,https://openalex.org/I196349391,"Ulm University - Institute of Distributed Systems,Ulm,Germany,89081",https://doi.org/10.1109/itsc60802.2025.11423703,2025,article,FALSE,NA,NA,NA,NA,NA,https://doi.org/10.1109/itsc60802.2025.11423703,NA,NA,publishedVersion
https://openalex.org/A5121123348,Daniel Baumgarten,NA,first,TRUE,https://openalex.org/I196349391,Universität Ulm,https://ror.org/032000t02,DE,education,https://openalex.org/I196349391,"Institute of Organic Chemistry II and Advanced Materials, Ulm University, Albert-Einstein-Allee 11, 89081 Ulm, Germany",https://doi.org/10.1039/d6ey00029k,2026,article,TRUE,EES Catalysis,https://openalex.org/S4387281025,2753-801X,https://openalex.org/P4310320556,Royal Society of Chemistry,https://doi.org/10.1039/d6ey00029k,https://pubs.rsc.org/en/content/articlepdf/2026/ey/d6ey00029k,cc-by,publishedVersion
https://openalex.org/A5000382815,Florian olde Heuvel,https://orcid.org/0000-0002-1109-8969,first,FALSE,https://openalex.org/I196349391,Universität Ulm,https://ror.org/032000t02,DE,education,https://openalex.org/I196349391,"Dept. of Neurology-UIm University, Ulm, DE",https://doi.org/10.64898/2026.03.13.711583,2026,article,TRUE,bioRxiv (Cold Spring Harbor Laboratory),https://openalex.org/S4306402567,NA,https://openalex.org/I2750212522,Cold Spring Harbor Laboratory,https://doi.org/10.64898/2026.03.13.711583,https://www.biorxiv.org/content/biorxiv/early/2026/03/17/2026.03.13.711583.full.pdf,cc-by-nc-nd,acceptedVersion
https://openalex.org/A5129695924,Mirjam Keßler,NA,first,TRUE,https://openalex.org/I196349391,Universität Ulm,https://ror.org/032000t02,DE,education,https://openalex.org/I196349391,"Ulm University Heart Center, University of Ulm , Ulm ,",https://doi.org/10.1093/eschf/xvag081,2026,article,TRUE,ESC Heart Failure,https://openalex.org/S2764810254,2055-5822,https://openalex.org/P4310320595,Wiley,https://doi.org/10.1093/eschf/xvag081,NA,cc-by,publishedVersion
https://openalex.org/A5065427440,Franziska Münz,NA,first,TRUE,https://openalex.org/I196349391,Universität Ulm,https://ror.org/032000t02,DE,education,https://openalex.org/I196349391,"Department of Anesthesiology and Intensive Care Medicine, University Hospital Ulm, 89081 Ulm, Germany",https://doi.org/10.3390/biomedicines14030688,2026,article,TRUE,Biomedicines,https://openalex.org/S2737005842,2227-9059,https://openalex.org/P4310310987,Multidisciplinary Digital Publishing Institute,https://doi.org/10.3390/biomedicines14030688,https://www.mdpi.com/2227-9059/14/3/688/pdf,cc-by,publishedVersion
https://openalex.org/A5020202722,Simone Brefka,https://orcid.org/0000-0002-6121-2117,first,TRUE,https://openalex.org/I196349391,Universität Ulm,https://ror.org/032000t02,DE,education,https://openalex.org/I196349391,University of Ulm,https://doi.org/10.6084/m9.figshare.31810256.v1,2026,article,TRUE,Figshare,https://openalex.org/S4377196282,NA,https://openalex.org/I4210132348,Figshare (United Kingdom),https://doi.org/10.6084/m9.figshare.31810256.v1,NA,cc-by,NA
https://openalex.org/A5126150947,Simon Schneider,NA,first,FALSE,https://openalex.org/I196349391,Universität Ulm,https://ror.org/032000t02,DE,education,https://openalex.org/I196349391,"Institute of Numerical Mathematics, University of Ulm, Ulm, Germany",https://doi.org/10.1007/s00466-026-02769-8,2026,article,TRUE,Computational Mechanics,https://openalex.org/S147854436,0178-7675,https://openalex.org/P4310319900,Springer Nature,https://doi.org/10.1007/s00466-026-02769-8,https://link.springer.com/content/pdf/10.1007/s00466-026-02769-8.pdf,cc-by,publishedVersion
https://openalex.org/A5065059434,Andreas Ziebart,https://orcid.org/0000-0001-7065-9319,first,TRUE,https://openalex.org/I196349391,Universität Ulm,https://ror.org/032000t02,DE,education,https://openalex.org/I196349391,"Department of Neurosurgery, Ulm University Hospital, Albert-Einstein-Allee 23, 89081 Ulm, Germany; Department of Neurosurgery, Bezirkskrankenhaus Günzburg, University Medical Center Ulm, Lindenallee 2, 89312 Günzburg, Germany. Electronic address: and.ziebart@gmail.com",https://doi.org/10.1016/j.jocn.2026.111991,2026,article,TRUE,Journal of Clinical Neuroscience,https://openalex.org/S145023809,0967-5868,https://openalex.org/P4310320990,Elsevier BV,https://doi.org/10.1016/j.jocn.2026.111991,NA,cc-by,publishedVersion
https://openalex.org/A5020202722,Simone Brefka,https://orcid.org/0000-0002-6121-2117,first,TRUE,https://openalex.org/I196349391,Universität Ulm,https://ror.org/032000t02,DE,education,https://openalex.org/I196349391,University of Ulm,https://doi.org/10.6084/m9.figshare.31810256,2026,article,TRUE,Figshare,https://openalex.org/S4377196282,NA,https://openalex.org/I4210132348,Figshare (United Kingdom),https://doi.org/10.6084/m9.figshare.31810256,NA,cc-by,NA
https://openalex.org/A5020202722,Simone Brefka,https://orcid.org/0000-0002-6121-2117,first,TRUE,https://openalex.org/I196349391,Universität Ulm,https://ror.org/032000t02,DE,education,https://openalex.org/I196349391,University of Ulm,https://doi.org/10.6084/m9.figshare.c.8370437,2026,other,TRUE,Figshare,https://openalex.org/S4377196282,NA,https://openalex.org/I4210132348,Figshare (United Kingdom),https://doi.org/10.6084/m9.figshare.c.8370437,NA,cc-by,NA
NA,Alexander Sauter,https://orcid.org/0009-0001-3112-9355,first,TRUE,https://openalex.org/I196349391,Universität Ulm,https://ror.org/032000t02,DE,education,https://openalex.org/I196349391,"Institute of General Physiology, Ulm University; Albert-Einstein-Allee 11 89075, Ulm, Germany",https://doi.org/10.1016/j.jcf.2026.03.013,2026,article,TRUE,Journal of Cystic Fibrosis,https://openalex.org/S147774598,1569-1993,https://openalex.org/P4310320990,Elsevier BV,https://doi.org/10.1016/j.jcf.2026.03.013,NA,cc-by,publishedVersion
https://openalex.org/A5020202722,Simone Brefka,https://orcid.org/0000-0002-6121-2117,first,TRUE,https://openalex.org/I196349391,Universität Ulm,https://ror.org/032000t02,DE,education,https://openalex.org/I196349391,University of Ulm,https://doi.org/10.6084/m9.figshare.31810253,2026,article,TRUE,Figshare,https://openalex.org/S4377196282,NA,https://openalex.org/I4210132348,Figshare (United Kingdom),https://doi.org/10.6084/m9.figshare.31810253,NA,cc-by,NA
https://openalex.org/A5049322494,Annette Richter-Unruh,NA,first,TRUE,https://openalex.org/I196349391,Universität Ulm,https://ror.org/032000t02,DE,education,https://openalex.org/I196349391,"Hormonzentrum für Kinder- und Jugendliche, Prof. Dr. Richter-Unruh & Kolleginnen, Überörtliche Berufsausübungsgemeinschaft Medizinisches Versorgungszentrum Dr. Eberhard & Partner Dortmund, Alter Mühlenweg 3, 44139, Dortmund, Deutschland",https://doi.org/10.1007/s00112-026-02360-8,2026,article,FALSE,Monatsschrift Kinderheilkunde,https://openalex.org/S202200076,0026-9298,https://openalex.org/P4310320090,Springer Nature,https://doi.org/10.1007/s00112-026-02360-8,NA,NA,publishedVersion
https://openalex.org/A5046056663,Leonard Schreiber,NA,first,TRUE,https://openalex.org/I196349391,Universität Ulm,https://ror.org/032000t02,DE,education,https://openalex.org/I196349391,"Institute of Pathology of the University Ulm, Ulm, Germany",https://doi.org/10.1186/s13071-026-07321-4,2026,article,TRUE,Parasites & Vectors,https://openalex.org/S80413395,1756-3305,https://openalex.org/P4310320256,Springer Nature,https://doi.org/10.1186/s13071-026-07321-4,NA,cc-by,publishedVersion
NA,Philipp Penert,https://orcid.org/0009-0000-6882-8953,first,TRUE,https://openalex.org/I196349391,Universität Ulm,https://ror.org/032000t02,DE,education,https://openalex.org/I196349391,"CELEST Green Energy Lab Ulm, Ulm University, Lise-Meitner-Str. 16, Ulm, Germany",https://doi.org/10.26434/chemrxiv.10001785/v2,2026,article,TRUE,ChemRxiv,https://openalex.org/S4393918830,2573-2293,NA,NA,https://doi.org/10.26434/chemrxiv.10001785/v2,https://chemrxiv.org/doi/pdf/10.26434/chemrxiv.10001785/v2,cc-by,acceptedVersion
https://openalex.org/A5068129783,Svenja Schlachter,https://orcid.org/0000-0002-6289-6098,first,TRUE,https://openalex.org/I196349391,Universität Ulm,https://ror.org/032000t02,DE,education,https://openalex.org/I196349391,"Department of Psychiatry and Psychotherapy II, Ulm University and BKH Günzburg, Parkstraße 11, Ulm, 89073, Germany. svenja.schlachter@uni-ulm.de",https://doi.org/10.1186/s40359-026-04193-2,2026,article,TRUE,BMC Psychology,https://openalex.org/S2764871139,2050-7283,https://openalex.org/P4310320256,Springer Nature,https://doi.org/10.1186/s40359-026-04193-2,NA,cc-by,publishedVersion
https://openalex.org/A5020202722,Simone Brefka,https://orcid.org/0000-0002-6121-2117,first,TRUE,https://openalex.org/I196349391,Universität Ulm,https://ror.org/032000t02,DE,education,https://openalex.org/I196349391,University of Ulm,https://doi.org/10.6084/m9.figshare.31810253.v1,2026,article,TRUE,Figshare,https://openalex.org/S4377196282,NA,https://openalex.org/I4210132348,Figshare (United Kingdom),https://doi.org/10.6084/m9.figshare.31810253.v1,NA,cc-by,NA
https://openalex.org/A5020202722,Simone Brefka,https://orcid.org/0000-0002-6121-2117,first,TRUE,https://openalex.org/I196349391,Universität Ulm,https://ror.org/032000t02,DE,education,https://openalex.org/I196349391,University of Ulm,https://doi.org/10.6084/m9.figshare.c.8370437.v1,2026,other,TRUE,Figshare,https://openalex.org/S4377196282,NA,https://openalex.org/I4210132348,Figshare (United Kingdom),https://doi.org/10.6084/m9.figshare.c.8370437.v1,NA,cc-by,NA
https://openalex.org/A5015552629,Andor Diera,https://orcid.org/0009-0001-3959-493X,first,TRUE,https://openalex.org/I196349391,Universität Ulm,https://ror.org/032000t02,DE,education,https://openalex.org/I196349391,"Ulm University Ulm , Germany",NA,2026,article,TRUE,arXiv (Cornell University),https://openalex.org/S4306400194,NA,https://openalex.org/I205783295,Cornell University,http://arxiv.org/abs/2603.17624,https://arxiv.org/pdf/2603.17624,cc-by,submittedVersion
https://openalex.org/A5117620498,Lennart Raap,NA,first,TRUE,https://openalex.org/I196349391,Universität Ulm,https://ror.org/032000t02,DE,education,https://openalex.org/I196349391,"Ingenics AG, Ulm, Germany",https://doi.org/10.1016/j.procs.2026.02.033,2026,article,TRUE,Procedia Computer Science,https://openalex.org/S120348307,1877-0509,https://openalex.org/P4310320990,Elsevier BV,https://doi.org/10.1016/j.procs.2026.02.033,NA,cc-by-nc-nd,publishedVersion
https://openalex.org/A5103090895,Jana Riegger,https://orcid.org/0000-0003-0048-5047,first,TRUE,https://openalex.org/I196349391,Universität Ulm,https://ror.org/032000t02,DE,education,https://openalex.org/I196349391,"Division for Biochemistry of Joint and Connective Tissue Diseases, Department of Orthopedics, University of Ulm, 89081 Ulm, Germany. Electronic address: jana.riegger@uni-ulm.de",https://doi.org/10.1016/j.xpro.2026.104451,2026,article,TRUE,STAR Protocols,https://openalex.org/S4210212477,2666-1667,https://openalex.org/P4310320990,Elsevier BV,https://doi.org/10.1016/j.xpro.2026.104451,NA,cc-by,publishedVersion
https://openalex.org/A5031409567,Eva‐Maria Jacobsen,https://orcid.org/0000-0003-4750-0136,first,TRUE,https://openalex.org/I196349391,Universität Ulm,https://ror.org/032000t02,DE,education,https://openalex.org/I196349391,"Department of Pediatrics, University Medical Center Ulm, Eythstrasse 24, 89075, Ulm, Germany. eva-maria.jacobsen@uniklinik-ulm.de",https://doi.org/10.1007/s10875-026-02004-2,2026,article,TRUE,Journal of Clinical Immunology,https://openalex.org/S57504206,0271-9142,https://openalex.org/P4310319900,Springer Nature,https://doi.org/10.1007/s10875-026-02004-2,NA,cc-by,publishedVersion
NA,Sebastian Michels,NA,first,FALSE,https://openalex.org/I196349391,Universität Ulm,https://ror.org/032000t02,DE,education,https://openalex.org/I196349391,"Department of Neurology, University of Ulm, Ulm, Germany",https://doi.org/10.64898/2026.03.20.711195,2026,article,TRUE,bioRxiv (Cold Spring Harbor Laboratory),https://openalex.org/S4306402567,NA,https://openalex.org/I2750212522,Cold Spring Harbor Laboratory,https://doi.org/10.64898/2026.03.20.711195,https://www.biorxiv.org/content/biorxiv/early/2026/03/23/2026.03.20.711195.full.pdf,cc-by-nc-nd,acceptedVersion
https://openalex.org/A5130347182,Matthias Gröger,NA,first,TRUE,https://openalex.org/I196349391,Universität Ulm,https://ror.org/032000t02,DE,education,https://openalex.org/I196349391,"Department of Cardiology, University Heart Center Ulm , Albert-Eistein-Allee 23, Ulm 89081 ,",https://doi.org/10.1093/ejhf/xuag064,2026,article,TRUE,European Journal of Heart Failure,https://openalex.org/S87609158,1388-9842,https://openalex.org/P4310320990,Elsevier BV,https://doi.org/10.1093/ejhf/xuag064,NA,cc-by,publishedVersion
https://openalex.org/A5035885991,Philipp Penert,https://orcid.org/0009-0000-6882-8953,first,FALSE,https://openalex.org/I196349391,Universität Ulm,https://ror.org/032000t02,DE,education,https://openalex.org/I196349391,CELEST Green Energy Lab Ulm Ulm University  Ulm Germany,https://doi.org/10.1002/aesr.202500496,2026,article,TRUE,Advanced Energy and Sustainability Research,https://openalex.org/S4210231858,2699-9412,https://openalex.org/P4310320595,Wiley,https://doi.org/10.1002/aesr.202500496,NA,cc-by,publishedVersion
NA,Ziyan Xu,NA,first,TRUE,https://openalex.org/I196349391,Universität Ulm,https://ror.org/032000t02,DE,education,https://openalex.org/I196349391,"Klinik für Psychiatrie und Psychotherapie III, Universität Ulm, Ulm,
Germany",https://doi.org/10.1055/a-2823-7177,2026,article,TRUE,Psychiatrische Praxis,https://openalex.org/S131132109,0303-4259,https://openalex.org/P4310320000,Thieme Medical Publishers (Germany),https://doi.org/10.1055/a-2823-7177,http://www.thieme-connect.de/products/ejournals/pdf/10.1055/a-2823-7177.pdf,cc-by-nc-nd,publishedVersion
NA,Trinidad B. Lantaño,NA,first,TRUE,https://openalex.org/I196349391,Universität Ulm,https://ror.org/032000t02,DE,education,https://openalex.org/I196349391,"Institut für Theoretische Physik & IQST, Albert-Einstein-Allee 11, Universität Ulm, 89069 Ulm, Germany",https://doi.org/10.22331/q-2026-03-24-2042,2026,article,TRUE,Quantum,https://openalex.org/S4210226432,2521-327X,https://openalex.org/P4310317900,Verein zur Förderung des Open Access Publizierens in den Quantenwissenschaften,https://doi.org/10.22331/q-2026-03-24-2042,https://quantum-journal.org/papers/q-2026-03-24-2042/pdf/,cc-by,publishedVersion
NA,Silke Lehner,NA,first,FALSE,https://openalex.org/I196349391,Universität Ulm,https://ror.org/032000t02,DE,education,https://openalex.org/I196349391,"Hahn-Schickard, Sedanstraße 14, 89077, Ulm, Germany",https://doi.org/10.1007/s00216-026-06429-x,2026,article,TRUE,Analytical and Bioanalytical Chemistry,https://openalex.org/S18188872,1618-2642,https://openalex.org/P4310319900,Springer Nature,https://doi.org/10.1007/s00216-026-06429-x,https://link.springer.com/content/pdf/10.1007/s00216-026-06429-x.pdf,cc-by,publishedVersion
NA,Lea Fröscher,NA,first,TRUE,https://openalex.org/I196349391,Universität Ulm,https://ror.org/032000t02,DE,education,https://openalex.org/I196349391,"Geriatric Psychiatry Section, Clinic for Psychiatry and Psychotherapy II of the University of Ulm at Günzburg District Hospital, Günzburg, Germany. lea.froescher@uni-ulm.de",https://doi.org/10.1186/s13293-026-00880-2,2026,article,TRUE,Biology of Sex Differences,https://openalex.org/S184776610,2042-6410,https://openalex.org/P4310320256,Springer Nature,https://doi.org/10.1186/s13293-026-00880-2,NA,cc-by,publishedVersion
NA,"Liu, Jing",https://orcid.org/0000-0003-4305-858X,first,TRUE,https://openalex.org/I196349391,Universität Ulm,https://ror.org/032000t02,DE,education,https://openalex.org/I196349391,"Institute of Theoretical Chemistry, Ulm University, Mez-Starck-Haus, Oberberghof 7, 89081 Ulm, Germany",https://doi.org/10.5281/zenodo.19207412,2026,dataset,TRUE,Zenodo (CERN European Organization for Nuclear Research),https://openalex.org/S4306400562,NA,https://openalex.org/I67311998,European Organization for Nuclear Research,https://doi.org/10.5281/zenodo.19207412,NA,cc-by,NA
NA,Gerd Baumann,https://orcid.org/0000-0003-1642-2462,first,TRUE,https://openalex.org/I196349391,Universität Ulm,https://ror.org/032000t02,DE,education,https://openalex.org/I196349391,University of Ulm ;,https://doi.org/10.20944/preprints202603.1713.v1,2026,preprint,TRUE,Preprints.org,https://openalex.org/S6309402219,NA,NA,NA,https://doi.org/10.20944/preprints202603.1713.v1,https://www.preprints.org/frontend/manuscript/440007b1357bc8f06ff5a2ad9512f399/download_pub,cc-by,acceptedVersion
NA,Elisa Pfeiffer,https://orcid.org/0000-0002-9742-3004,first,TRUE,https://openalex.org/I196349391,Universität Ulm,https://ror.org/032000t02,DE,education,https://openalex.org/I196349391,"Department of Clinical Psychology and Child and Adolescent Psychotherapy, Catholic University Eichstätt-Ingolstadt, Levelingstraße 7, 85049, Ingolstadt, Germany. elisa.pfeiffer@ku.de",https://doi.org/10.1186/s12888-026-07979-1,2026,article,TRUE,BMC Psychiatry,https://openalex.org/S94610253,1471-244X,https://openalex.org/P4310320256,Springer Nature,https://doi.org/10.1186/s12888-026-07979-1,NA,cc-by,publishedVersion
NA,"Liu, Jing",https://orcid.org/0000-0003-4305-858X,first,TRUE,https://openalex.org/I196349391,Universität Ulm,https://ror.org/032000t02,DE,education,https://openalex.org/I196349391,"Institute of Theoretical Chemistry, Ulm University, Mez-Starck-Haus, Oberberghof 7, 89081 Ulm, Germany",https://doi.org/10.5281/zenodo.19207411,2026,dataset,TRUE,Zenodo (CERN European Organization for Nuclear Research),https://openalex.org/S4306400562,NA,https://openalex.org/I67311998,European Organization for Nuclear Research,https://doi.org/10.5281/zenodo.19207411,NA,cc-by,NA
https://openalex.org/A5130565673,Florian Grafl,NA,first,TRUE,https://openalex.org/I196349391,Universität Ulm,https://ror.org/032000t02,DE,education,https://openalex.org/I196349391,Institute of the History Philosophy and Ethics of Medicine Ulm University  Ulm Germany,https://doi.org/10.1111/ddg.70256,2026,article,TRUE,JDDG Journal der Deutschen Dermatologischen Gesellschaft,https://openalex.org/S4210169996,1610-0379,https://openalex.org/P4310320595,Wiley,https://doi.org/10.1111/ddg.70256,NA,cc-by,publishedVersion
https://openalex.org/A5027220614,Caroline Willich,https://orcid.org/0000-0001-5417-8726,first,TRUE,https://openalex.org/I196349391,Universität Ulm,https://ror.org/032000t02,DE,education,https://openalex.org/I196349391,"Ulm University , Institute for Energy Conversion and Storage , Ulm , Germany",https://doi.org/10.5772/intechopen.1014477,2026,book-chapter,TRUE,IntechOpen eBooks,https://openalex.org/S4306463448,NA,https://openalex.org/P4310322558,IntechOpen,https://doi.org/10.5772/intechopen.1014477,https://www.intechopen.com/citation-pdf-url/1231463,cc-by,publishedVersion
https://openalex.org/A5073808972,Maren‐Kathrin Heubach,https://orcid.org/0000-0002-3769-7169,first,TRUE,https://openalex.org/I196349391,Universität Ulm,https://ror.org/032000t02,DE,education,https://openalex.org/I196349391,Universität Ulm,https://doi.org/10.5281/zenodo.19221451,2026,dataset,TRUE,Zenodo (CERN European Organization for Nuclear Research),https://openalex.org/S4306400562,NA,https://openalex.org/I67311998,European Organization for Nuclear Research,https://doi.org/10.5281/zenodo.19221451,NA,cc-by,NA
https://openalex.org/A5073808972,Maren‐Kathrin Heubach,https://orcid.org/0000-0002-3769-7169,first,TRUE,https://openalex.org/I196349391,Universität Ulm,https://ror.org/032000t02,DE,education,https://openalex.org/I196349391,Universität Ulm,https://doi.org/10.5281/zenodo.19221452,2026,dataset,TRUE,Zenodo (CERN European Organization for Nuclear Research),https://openalex.org/S4306400562,NA,https://openalex.org/I67311998,European Organization for Nuclear Research,https://doi.org/10.5281/zenodo.19221452,NA,cc-by,NA
https://openalex.org/A5130638542,Anna-Lena Kubillus,NA,first,TRUE,https://openalex.org/I196349391,Universität Ulm,https://ror.org/032000t02,DE,education,https://openalex.org/I196349391,Universität Ulm,https://doi.org/10.5281/zenodo.19223435,2026,article,TRUE,Journal of the Association for Information Systems,https://openalex.org/S30879505,1536-9323,https://openalex.org/P4310321080,Association for Information Systems,https://aisel.aisnet.org/ecis2026/datasc_isresearch/datasc_isresearch/8,https://aisel.aisnet.org/context/ecis2026/article/1151/viewcontent/1656_doc.pdf,NA,submittedVersion
https://openalex.org/A5130638542,Anna-Lena Kubillus,NA,first,TRUE,https://openalex.org/I196349391,Universität Ulm,https://ror.org/032000t02,DE,education,https://openalex.org/I196349391,Universität Ulm,https://doi.org/10.5281/zenodo.19223436,2026,article,TRUE,Zenodo (CERN European Organization for Nuclear Research),https://openalex.org/S4306400562,NA,https://openalex.org/I67311998,European Organization for Nuclear Research,https://doi.org/10.5281/zenodo.19223436,NA,cc-by,NA
https://openalex.org/A5130716914,Nadine Mulfinger,NA,first,TRUE,https://openalex.org/I196349391,Universität Ulm,https://ror.org/032000t02,DE,education,https://openalex.org/I196349391,"Department Psychiatry II, Section of Health Economics and Psychiatric Services Research, Ulm University and BKH Günzburg, Lindenallee 2, 89312, Günzburg, Germany, nadine.mulfinger@uni-ulm.de",NA,2026,article,FALSE,PubMed,https://openalex.org/S4306525036,NA,https://openalex.org/I1299303238,National Institutes of Health,https://pubmed.ncbi.nlm.nih.gov/41885530,NA,NA,publishedVersion
https://openalex.org/A5087422639,Johanna Radeke,https://orcid.org/0000-0003-1496-9747,first,TRUE,https://openalex.org/I196349391,Universität Ulm,https://ror.org/032000t02,DE,education,https://openalex.org/I196349391,"Department of Orthodontics, Ulm University, Ulm, Germany. johanna.radeke@uniklinik-ulm.de",https://doi.org/10.1186/s13005-026-00617-x,2026,article,TRUE,Head & Face Medicine,https://openalex.org/S4480651,1746-160X,https://openalex.org/P4310320256,Springer Nature,https://doi.org/10.1186/s13005-026-00617-x,NA,cc-by,publishedVersion
https://openalex.org/A5130921696,S.E. Fackler,NA,first,TRUE,https://openalex.org/I196349391,Universität Ulm,https://ror.org/032000t02,DE,education,https://openalex.org/I196349391,"Institute of Electrochemistry, Ulm University, Albert-Einstein-Allee 47, Ulm, Germany, 89081",https://doi.org/10.26434/chemrxiv.15001414/v1,2026,article,TRUE,ChemRxiv,https://openalex.org/S4393918830,2573-2293,NA,NA,https://doi.org/10.26434/chemrxiv.15001414/v1,https://chemrxiv.org/doi/pdf/10.26434/chemrxiv.15001414/v1,cc-by,acceptedVersion
https://openalex.org/A5075861532,Manfred Reichert,https://orcid.org/0000-0003-2536-4153,first,TRUE,https://openalex.org/I196349391,Universität Ulm,https://ror.org/032000t02,DE,education,https://openalex.org/I196349391,"University of Ulm, Ulm, Germany",https://doi.org/10.1007/978-3-032-17618-9_10,2026,book-chapter,FALSE,Lecture notes in computer science,https://openalex.org/S106296714,0302-9743,https://openalex.org/P4310319900,Springer Nature,https://doi.org/10.1007/978-3-032-17618-9_10,NA,NA,publishedVersion
https://openalex.org/A5007895130,Rubén Aylwin,https://orcid.org/0000-0003-3622-7736,first,TRUE,https://openalex.org/I196349391,Universität Ulm,https://ror.org/032000t02,DE,education,https://openalex.org/I196349391,Ulm University Institute of Numerical Mathematics Ulm Germany,https://doi.org/10.1002/pamm.70063,2026,article,TRUE,PAMM,https://openalex.org/S4210190971,1617-7061,https://openalex.org/P4310320595,Wiley,https://doi.org/10.1002/pamm.70063,NA,cc-by,publishedVersion
https://openalex.org/A5131119731,An Chen,NA,first,TRUE,https://openalex.org/I196349391,Universität Ulm,https://ror.org/032000t02,DE,education,https://openalex.org/I196349391,Ulm University - Institute of Insurance Science,https://doi.org/10.2139/ssrn.6383959,2026,preprint,TRUE,SSRN Electronic Journal,https://openalex.org/S4210172589,1556-5068,https://openalex.org/I1318003438,RELX Group (Netherlands),https://doi.org/10.2139/ssrn.6383959,NA,NA,acceptedVersion
https://openalex.org/A5131247199,Anonymous,NA,first,TRUE,https://openalex.org/I196349391,Universität Ulm,https://ror.org/032000t02,DE,education,https://openalex.org/I196349391,Universität Ulm,https://doi.org/10.1103/s6d5-lc6g,2026,article,TRUE,Physical Review Letters,https://openalex.org/S24807848,0031-9007,https://openalex.org/P4310320261,American Physical Society,https://doi.org/10.1103/s6d5-lc6g,NA,cc-by,publishedVersion
https://openalex.org/A5132563522,Michael Buchholz,NA,first,TRUE,https://openalex.org/I196349391,Universität Ulm,https://ror.org/032000t02,DE,education,https://openalex.org/I196349391,"Institute of Measurement, Control and Microtechnology , Ulm University , Albert-Einstein-Allee 41, 89081 Ulm , Germany",https://doi.org/10.1515/auto-2025-0049,2026,article,FALSE,at - Automatisierungstechnik,https://openalex.org/S4210170077,0178-2312,https://openalex.org/P4310319967,R. Oldenbourg Verlag,https://doi.org/10.1515/auto-2025-0049,NA,NA,publishedVersion
https://openalex.org/A5021385765,Markus Emden,https://orcid.org/0000-0002-7111-3673,first,TRUE,https://openalex.org/I196349391,Universität Ulm,https://ror.org/032000t02,DE,education,https://openalex.org/I196349391,Pädagogische Hochschule Zürich und Universität Ulm,https://doi.org/10.1002/ciuz.70044,2026,article,FALSE,Chemie in unserer Zeit,https://openalex.org/S152058026,0009-2851,https://openalex.org/P4310320595,Wiley,https://doi.org/10.1002/ciuz.70044,NA,NA,publishedVersion
https://openalex.org/A5082921678,Dunja Tutus,NA,first,TRUE,https://openalex.org/I196349391,Universität Ulm,https://ror.org/032000t02,DE,education,https://openalex.org/I196349391,"Clinic of Child and Adolescent Psychiatry, Psychosomatics and Psychotherapy, Ulm University, Steinhoevelstr. 3, 89075, Ulm, Germany. dunja.tutus@uniklinik-ulm.de",https://doi.org/10.1007/s00787-026-03022-6,2026,article,TRUE,European Child & Adolescent Psychiatry,https://openalex.org/S159275680,1018-8827,https://openalex.org/P4310319900,Springer Nature,https://doi.org/10.1007/s00787-026-03022-6,https://link.springer.com/content/pdf/10.1007/s00787-026-03022-6.pdf,cc-by,publishedVersion
https://openalex.org/A5132669540,Markus Wagner,NA,first,TRUE,https://openalex.org/I196349391,Universität Ulm,https://ror.org/032000t02,DE,education,https://openalex.org/I196349391,"Faculty of Natural Sciences, Ulm University, D-89081 Ulm, Germany",https://doi.org/10.3390/s26072173,2026,article,TRUE,Sensors,https://openalex.org/S101949793,1424-8220,https://openalex.org/P4310310987,Multidisciplinary Digital Publishing Institute,https://doi.org/10.3390/s26072173,https://www.mdpi.com/1424-8220/26/7/2173/pdf?version=1774978284,cc-by,publishedVersion
https://openalex.org/A5051095875,Timo Zippelius,https://orcid.org/0000-0003-2166-268X,first,TRUE,https://openalex.org/I196349391,Universität Ulm,https://ror.org/032000t02,DE,education,https://openalex.org/I196349391,"Department of Orthopaedic Surgery, University of Ulm, Oberer Eselsberg 45, 89081, Ulm, Germany. timo.zippelius@srh.de",https://doi.org/10.1007/s00586-026-09885-2,2026,article,TRUE,European Spine Journal,https://openalex.org/S100227592,0940-6719,https://openalex.org/P4310319900,Springer Nature,https://doi.org/10.1007/s00586-026-09885-2,https://link.springer.com/content/pdf/10.1007/s00586-026-09885-2.pdf,cc-by,publishedVersion
https://openalex.org/A5086509450,Simon Bauknecht,https://orcid.org/0000-0003-3899-0866,first,TRUE,https://openalex.org/I196349391,Universität Ulm,https://ror.org/032000t02,DE,education,https://openalex.org/I196349391,"Klinik f. Unfall‑, Hand‑, Plastische u. Wiederherstellungschirurgie, Universitätsklinikum Ulm, Albert-Einstein-Allee 23, 89081, Ulm, Deutschland. simon.bauknecht@uniklinik-ulm.de",https://doi.org/10.1007/s00132-026-04814-z,2026,article,TRUE,Die Orthopädie,https://openalex.org/S4387280450,2731-7145,https://openalex.org/P4310319900,Springer Nature,https://doi.org/10.1007/s00132-026-04814-z,https://link.springer.com/content/pdf/10.1007/s00132-026-04814-z.pdf,cc-by,publishedVersion
https://openalex.org/A5132795804,G Coelho-Alves,NA,first,TRUE,https://openalex.org/I196349391,Universität Ulm,https://ror.org/032000t02,DE,education,https://openalex.org/I196349391,"Universitat Ulm, Ulm, Deutschland",https://doi.org/10.1055/s-0046-1818247,2026,article,FALSE,Nuklearmedizin - NuclearMedicine,https://openalex.org/S158897336,0029-5566,https://openalex.org/P4310313753,Thieme Medical Publishers (Germany),https://doi.org/10.1055/s-0046-1818247,NA,NA,publishedVersion
https://openalex.org/A5075428727,Deni Hardiansyah,https://orcid.org/0000-0003-0984-8967,first,TRUE,https://openalex.org/I196349391,Universität Ulm,https://ror.org/032000t02,DE,education,https://openalex.org/I196349391,"Medical Physics and Biophysics, Physics Department, Faculty of Mathematics and Natural Sciences, Universitas Indonesia, Depok, Indonesien",https://doi.org/10.1055/s-0046-1818271,2026,article,FALSE,Nuklearmedizin - NuclearMedicine,https://openalex.org/S158897336,0029-5566,https://openalex.org/P4310313753,Thieme Medical Publishers (Germany),https://doi.org/10.1055/s-0046-1818271,NA,NA,publishedVersion
https://openalex.org/A5113330943,Benedikt Wiedemann,NA,first,TRUE,https://openalex.org/I196349391,Universität Ulm,https://ror.org/032000t02,DE,education,https://openalex.org/I196349391,Universität Ulm,https://doi.org/10.5281/zenodo.18610997,2026,dataset,TRUE,Zenodo (CERN European Organization for Nuclear Research),https://openalex.org/S4306400562,NA,https://openalex.org/I67311998,European Organization for Nuclear Research,https://doi.org/10.5281/zenodo.18610997,NA,cc-by,NA
https://openalex.org/A5113330943,Benedikt Wiedemann,NA,first,TRUE,https://openalex.org/I196349391,Universität Ulm,https://ror.org/032000t02,DE,education,https://openalex.org/I196349391,Universität Ulm,https://doi.org/10.5281/zenodo.18610996,2026,dataset,TRUE,Zenodo (CERN European Organization for Nuclear Research),https://openalex.org/S4306400562,NA,https://openalex.org/I67311998,European Organization for Nuclear Research,https://doi.org/10.5281/zenodo.18610996,NA,cc-by,NA
https://openalex.org/A5123198697,Elham Yousefzadeh-Nowshahr,NA,first,TRUE,https://openalex.org/I196349391,Universität Ulm,https://ror.org/032000t02,DE,education,https://openalex.org/I196349391,"Department of Nuclear Medicine, University Hospital Ulm, Ulm, Deutschland",https://doi.org/10.1055/s-0046-1818230,2026,article,FALSE,Nuklearmedizin - NuclearMedicine,https://openalex.org/S158897336,0029-5566,https://openalex.org/P4310313753,Thieme Medical Publishers (Germany),https://doi.org/10.1055/s-0046-1818230,NA,NA,publishedVersion
https://openalex.org/A5044016201,Rebekka Hufendiek,https://orcid.org/0000-0001-6152-9512,first,TRUE,https://openalex.org/I196349391,Universität Ulm,https://ror.org/032000t02,DE,education,https://openalex.org/I196349391,Universität Ulm Humboldt‐Zentrum Institut für Philosophie  Ulm Germany,https://doi.org/10.1111/phc3.70088,2026,article,TRUE,Philosophy Compass,https://openalex.org/S34011028,1747-9991,https://openalex.org/P4310320595,Wiley,https://doi.org/10.1111/phc3.70088,NA,cc-by,publishedVersion
https://openalex.org/A5093234968,Justus Leist,https://orcid.org/0009-0004-0799-6215,first,TRUE,https://openalex.org/I196349391,Universität Ulm,https://ror.org/032000t02,DE,education,https://openalex.org/I196349391,Universität Ulm,https://doi.org/10.5281/zenodo.19439352,2026,other,TRUE,Zenodo (CERN European Organization for Nuclear Research),https://openalex.org/S4306400562,NA,https://openalex.org/I67311998,European Organization for Nuclear Research,https://doi.org/10.5281/zenodo.19439352,NA,cc-by,NA
https://openalex.org/A5046056663,Leonard Schreiber,NA,first,TRUE,https://openalex.org/I196349391,Universität Ulm,https://ror.org/032000t02,DE,education,https://openalex.org/I196349391,University of Ulm,https://doi.org/10.6084/m9.figshare.31976327.v1,2026,article,TRUE,Figshare,https://openalex.org/S4377196282,NA,https://openalex.org/I4210132348,Figshare (United Kingdom),https://doi.org/10.6084/m9.figshare.31976327.v1,NA,cc-by,NA
https://openalex.org/A5006798449,Ana Macchia,https://orcid.org/0000-0001-7002-0793,first,TRUE,https://openalex.org/I196349391,Universität Ulm,https://ror.org/032000t02,DE,education,https://openalex.org/I196349391,University of Ulm,https://doi.org/10.6084/m9.figshare.c.8411237,2026,other,TRUE,Figshare,https://openalex.org/S4377196282,NA,https://openalex.org/I4210132348,Figshare (United Kingdom),https://doi.org/10.6084/m9.figshare.c.8411237,NA,cc-by,NA
https://openalex.org/A5046056663,Leonard Schreiber,NA,first,TRUE,https://openalex.org/I196349391,Universität Ulm,https://ror.org/032000t02,DE,education,https://openalex.org/I196349391,University of Ulm,https://doi.org/10.6084/m9.figshare.31976321.v1,2026,article,TRUE,Figshare,https://openalex.org/S4377196282,NA,https://openalex.org/I4210132348,Figshare (United Kingdom),https://doi.org/10.6084/m9.figshare.31976321.v1,NA,cc-by,NA
https://openalex.org/A5046056663,Leonard Schreiber,NA,first,TRUE,https://openalex.org/I196349391,Universität Ulm,https://ror.org/032000t02,DE,education,https://openalex.org/I196349391,University of Ulm,https://doi.org/10.6084/m9.figshare.31976309,2026,other,TRUE,Figshare,https://openalex.org/S4377196282,NA,https://openalex.org/I4210132348,Figshare (United Kingdom),https://doi.org/10.6084/m9.figshare.31976309,NA,cc-by,NA
https://openalex.org/A5046056663,Leonard Schreiber,NA,first,TRUE,https://openalex.org/I196349391,Universität Ulm,https://ror.org/032000t02,DE,education,https://openalex.org/I196349391,University of Ulm,https://doi.org/10.6084/m9.figshare.31976324.v1,2026,article,TRUE,Figshare,https://openalex.org/S4377196282,NA,https://openalex.org/I4210132348,Figshare (United Kingdom),https://doi.org/10.6084/m9.figshare.31976324.v1,NA,cc-by,NA
https://openalex.org/A5046056663,Leonard Schreiber,NA,first,TRUE,https://openalex.org/I196349391,Universität Ulm,https://ror.org/032000t02,DE,education,https://openalex.org/I196349391,University of Ulm,https://doi.org/10.6084/m9.figshare.c.8411351.v1,2026,other,TRUE,Figshare,https://openalex.org/S4377196282,NA,https://openalex.org/I4210132348,Figshare (United Kingdom),https://doi.org/10.6084/m9.figshare.c.8411351.v1,NA,cc-by,NA
https://openalex.org/A5072667943,Sruthi Sankari Krishnamurthy,NA,first,TRUE,https://openalex.org/I196349391,Universität Ulm,https://ror.org/032000t02,DE,education,https://openalex.org/I196349391,University of Ulm,https://doi.org/10.6084/m9.figshare.31976810.v1,2026,dataset,TRUE,Figshare,https://openalex.org/S4377196282,NA,https://openalex.org/I4210132348,Figshare (United Kingdom),https://doi.org/10.6084/m9.figshare.31976810.v1,NA,cc-by,NA
https://openalex.org/A5046056663,Leonard Schreiber,NA,first,TRUE,https://openalex.org/I196349391,Universität Ulm,https://ror.org/032000t02,DE,education,https://openalex.org/I196349391,University of Ulm,https://doi.org/10.6084/m9.figshare.31976324,2026,article,TRUE,Figshare,https://openalex.org/S4377196282,NA,https://openalex.org/I4210132348,Figshare (United Kingdom),https://doi.org/10.6084/m9.figshare.31976324,NA,cc-by,NA
https://openalex.org/A5046056663,Leonard Schreiber,NA,first,TRUE,https://openalex.org/I196349391,Universität Ulm,https://ror.org/032000t02,DE,education,https://openalex.org/I196349391,University of Ulm,https://doi.org/10.6084/m9.figshare.31976294,2026,other,TRUE,Figshare,https://openalex.org/S4377196282,NA,https://openalex.org/I4210132348,Figshare (United Kingdom),https://doi.org/10.6084/m9.figshare.31976294,NA,cc-by,NA
https://openalex.org/A5046056663,Leonard Schreiber,NA,first,TRUE,https://openalex.org/I196349391,Universität Ulm,https://ror.org/032000t02,DE,education,https://openalex.org/I196349391,University of Ulm,https://doi.org/10.6084/m9.figshare.31976285.v1,2026,other,TRUE,Figshare,https://openalex.org/S4377196282,NA,https://openalex.org/I4210132348,Figshare (United Kingdom),https://doi.org/10.6084/m9.figshare.31976285.v1,NA,cc-by,NA
https://openalex.org/A5036622035,Lea Fröscher,NA,first,TRUE,https://openalex.org/I196349391,Universität Ulm,https://ror.org/032000t02,DE,education,https://openalex.org/I196349391,University of Ulm,https://doi.org/10.6084/m9.figshare.c.8411272,2026,other,TRUE,Figshare,https://openalex.org/S4377196282,NA,https://openalex.org/I4210132348,Figshare (United Kingdom),https://doi.org/10.6084/m9.figshare.c.8411272,NA,cc-by,NA
https://openalex.org/A5046056663,Leonard Schreiber,NA,first,TRUE,https://openalex.org/I196349391,Universität Ulm,https://ror.org/032000t02,DE,education,https://openalex.org/I196349391,University of Ulm,https://doi.org/10.6084/m9.figshare.c.8411351,2026,other,TRUE,Figshare,https://openalex.org/S4377196282,NA,https://openalex.org/I4210132348,Figshare (United Kingdom),https://doi.org/10.6084/m9.figshare.c.8411351,NA,cc-by,NA
https://openalex.org/A5002668038,Deung-Dae Park,https://orcid.org/0000-0001-6265-4964,first,TRUE,https://openalex.org/I196349391,Universität Ulm,https://ror.org/032000t02,DE,education,https://openalex.org/I196349391,University of Ulm,https://doi.org/10.6084/m9.figshare.31976413,2026,article,TRUE,Figshare,https://openalex.org/S4377196282,NA,https://openalex.org/I4210132348,Figshare (United Kingdom),https://doi.org/10.6084/m9.figshare.31976413,NA,cc-by,NA
https://openalex.org/A5046056663,Leonard Schreiber,NA,first,TRUE,https://openalex.org/I196349391,Universität Ulm,https://ror.org/032000t02,DE,education,https://openalex.org/I196349391,University of Ulm,https://doi.org/10.6084/m9.figshare.31976303,2026,other,TRUE,Figshare,https://openalex.org/S4377196282,NA,https://openalex.org/I4210132348,Figshare (United Kingdom),https://doi.org/10.6084/m9.figshare.31976303,NA,cc-by,NA
https://openalex.org/A5002668038,Deung-Dae Park,https://orcid.org/0000-0001-6265-4964,first,TRUE,https://openalex.org/I196349391,Universität Ulm,https://ror.org/032000t02,DE,education,https://openalex.org/I196349391,University of Ulm,https://doi.org/10.6084/m9.figshare.c.8411428,2026,other,TRUE,Figshare,https://openalex.org/S4377196282,NA,https://openalex.org/I4210132348,Figshare (United Kingdom),https://doi.org/10.6084/m9.figshare.c.8411428,NA,cc-by,NA
https://openalex.org/A5006798449,Ana Macchia,https://orcid.org/0000-0001-7002-0793,first,TRUE,https://openalex.org/I196349391,Universität Ulm,https://ror.org/032000t02,DE,education,https://openalex.org/I196349391,University of Ulm,https://doi.org/10.6084/m9.figshare.c.8411237.v1,2026,other,TRUE,Figshare,https://openalex.org/S4377196282,NA,https://openalex.org/I4210132348,Figshare (United Kingdom),https://doi.org/10.6084/m9.figshare.c.8411237.v1,NA,cc-by,NA
https://openalex.org/A5006798449,Ana Macchia,https://orcid.org/0000-0001-7002-0793,first,TRUE,https://openalex.org/I196349391,Universität Ulm,https://ror.org/032000t02,DE,education,https://openalex.org/I196349391,University of Ulm,https://doi.org/10.6084/m9.figshare.31976051.v1,2026,article,TRUE,Figshare,https://openalex.org/S4377196282,NA,https://openalex.org/I4210132348,Figshare (United Kingdom),https://doi.org/10.6084/m9.figshare.31976051.v1,NA,cc-by,NA
https://openalex.org/A5072667943,Sruthi Sankari Krishnamurthy,NA,first,TRUE,https://openalex.org/I196349391,Universität Ulm,https://ror.org/032000t02,DE,education,https://openalex.org/I196349391,University of Ulm,https://doi.org/10.6084/m9.figshare.c.8411657,2026,other,TRUE,Figshare,https://openalex.org/S4377196282,NA,https://openalex.org/I4210132348,Figshare (United Kingdom),https://doi.org/10.6084/m9.figshare.c.8411657,NA,cc-by,NA
https://openalex.org/A5072667943,Sruthi Sankari Krishnamurthy,NA,first,TRUE,https://openalex.org/I196349391,Universität Ulm,https://ror.org/032000t02,DE,education,https://openalex.org/I196349391,University of Ulm,https://doi.org/10.6084/m9.figshare.31976807.v1,2026,dataset,TRUE,Figshare,https://openalex.org/S4377196282,NA,https://openalex.org/I4210132348,Figshare (United Kingdom),https://doi.org/10.6084/m9.figshare.31976807.v1,NA,cc-by,NA
https://openalex.org/A5046056663,Leonard Schreiber,NA,first,TRUE,https://openalex.org/I196349391,Universität Ulm,https://ror.org/032000t02,DE,education,https://openalex.org/I196349391,University of Ulm,https://doi.org/10.6084/m9.figshare.31976285,2026,other,TRUE,Figshare,https://openalex.org/S4377196282,NA,https://openalex.org/I4210132348,Figshare (United Kingdom),https://doi.org/10.6084/m9.figshare.31976285,NA,cc-by,NA
https://openalex.org/A5072667943,Sruthi Sankari Krishnamurthy,NA,first,TRUE,https://openalex.org/I196349391,Universität Ulm,https://ror.org/032000t02,DE,education,https://openalex.org/I196349391,University of Ulm,https://doi.org/10.6084/m9.figshare.31976801,2026,article,TRUE,Figshare,https://openalex.org/S4377196282,NA,https://openalex.org/I4210132348,Figshare (United Kingdom),https://doi.org/10.6084/m9.figshare.31976801,NA,cc-by,NA
https://openalex.org/A5046056663,Leonard Schreiber,NA,first,TRUE,https://openalex.org/I196349391,Universität Ulm,https://ror.org/032000t02,DE,education,https://openalex.org/I196349391,University of Ulm,https://doi.org/10.6084/m9.figshare.31976303.v1,2026,other,TRUE,Figshare,https://openalex.org/S4377196282,NA,https://openalex.org/I4210132348,Figshare (United Kingdom),https://doi.org/10.6084/m9.figshare.31976303.v1,NA,cc-by,NA
https://openalex.org/A5072667943,Sruthi Sankari Krishnamurthy,NA,first,TRUE,https://openalex.org/I196349391,Universität Ulm,https://ror.org/032000t02,DE,education,https://openalex.org/I196349391,University of Ulm,https://doi.org/10.6084/m9.figshare.31976804,2026,article,TRUE,Figshare,https://openalex.org/S4377196282,NA,https://openalex.org/I4210132348,Figshare (United Kingdom),https://doi.org/10.6084/m9.figshare.31976804,NA,cc-by,NA
https://openalex.org/A5027161671,Elisa Pfeiffer,https://orcid.org/0000-0002-9742-3004,first,TRUE,https://openalex.org/I196349391,Universität Ulm,https://ror.org/032000t02,DE,education,https://openalex.org/I196349391,Catholic University of Eichstätt-Ingolstadt,https://doi.org/10.6084/m9.figshare.31975838,2026,article,TRUE,Figshare,https://openalex.org/S4377196282,NA,https://openalex.org/I4210132348,Figshare (United Kingdom),https://doi.org/10.6084/m9.figshare.31975838,NA,cc-by,NA
https://openalex.org/A5046056663,Leonard Schreiber,NA,first,TRUE,https://openalex.org/I196349391,Universität Ulm,https://ror.org/032000t02,DE,education,https://openalex.org/I196349391,University of Ulm,https://doi.org/10.6084/m9.figshare.31976327,2026,article,TRUE,Figshare,https://openalex.org/S4377196282,NA,https://openalex.org/I4210132348,Figshare (United Kingdom),https://doi.org/10.6084/m9.figshare.31976327,NA,cc-by,NA
https://openalex.org/A5072667943,Sruthi Sankari Krishnamurthy,NA,first,TRUE,https://openalex.org/I196349391,Universität Ulm,https://ror.org/032000t02,DE,education,https://openalex.org/I196349391,University of Ulm,https://doi.org/10.6084/m9.figshare.31976810,2026,dataset,TRUE,Figshare,https://openalex.org/S4377196282,NA,https://openalex.org/I4210132348,Figshare (United Kingdom),https://doi.org/10.6084/m9.figshare.31976810,NA,cc-by,NA
https://openalex.org/A5046056663,Leonard Schreiber,NA,first,TRUE,https://openalex.org/I196349391,Universität Ulm,https://ror.org/032000t02,DE,education,https://openalex.org/I196349391,University of Ulm,https://doi.org/10.6084/m9.figshare.31976309.v1,2026,other,TRUE,Figshare,https://openalex.org/S4377196282,NA,https://openalex.org/I4210132348,Figshare (United Kingdom),https://doi.org/10.6084/m9.figshare.31976309.v1,NA,cc-by,NA
https://openalex.org/A5027161671,Elisa Pfeiffer,https://orcid.org/0000-0002-9742-3004,first,TRUE,https://openalex.org/I196349391,Universität Ulm,https://ror.org/032000t02,DE,education,https://openalex.org/I196349391,Catholic University of Eichstätt-Ingolstadt,https://doi.org/10.6084/m9.figshare.c.8411108,2026,other,TRUE,Figshare,https://openalex.org/S4377196282,NA,https://openalex.org/I4210132348,Figshare (United Kingdom),https://doi.org/10.6084/m9.figshare.c.8411108,NA,cc-by,NA
https://openalex.org/A5072667943,Sruthi Sankari Krishnamurthy,NA,first,TRUE,https://openalex.org/I196349391,Universität Ulm,https://ror.org/032000t02,DE,education,https://openalex.org/I196349391,University of Ulm,https://doi.org/10.6084/m9.figshare.31976801.v1,2026,article,TRUE,Figshare,https://openalex.org/S4377196282,NA,https://openalex.org/I4210132348,Figshare (United Kingdom),https://doi.org/10.6084/m9.figshare.31976801.v1,NA,cc-by,NA
https://openalex.org/A5036622035,Lea Fröscher,NA,first,TRUE,https://openalex.org/I196349391,Universität Ulm,https://ror.org/032000t02,DE,education,https://openalex.org/I196349391,University of Ulm,https://doi.org/10.6084/m9.figshare.31976104.v1,2026,article,TRUE,Figshare,https://openalex.org/S4377196282,NA,https://openalex.org/I4210132348,Figshare (United Kingdom),https://doi.org/10.6084/m9.figshare.31976104.v1,NA,cc-by,NA
https://openalex.org/A5036622035,Lea Fröscher,NA,first,TRUE,https://openalex.org/I196349391,Universität Ulm,https://ror.org/032000t02,DE,education,https://openalex.org/I196349391,University of Ulm,https://doi.org/10.6084/m9.figshare.31976104,2026,article,TRUE,Figshare,https://openalex.org/S4377196282,NA,https://openalex.org/I4210132348,Figshare (United Kingdom),https://doi.org/10.6084/m9.figshare.31976104,NA,cc-by,NA
https://openalex.org/A5072667943,Sruthi Sankari Krishnamurthy,NA,first,TRUE,https://openalex.org/I196349391,Universität Ulm,https://ror.org/032000t02,DE,education,https://openalex.org/I196349391,University of Ulm,https://doi.org/10.6084/m9.figshare.31976807,2026,dataset,TRUE,Figshare,https://openalex.org/S4377196282,NA,https://openalex.org/I4210132348,Figshare (United Kingdom),https://doi.org/10.6084/m9.figshare.31976807,NA,cc-by,NA
https://openalex.org/A5006798449,Ana Macchia,https://orcid.org/0000-0001-7002-0793,first,TRUE,https://openalex.org/I196349391,Universität Ulm,https://ror.org/032000t02,DE,education,https://openalex.org/I196349391,University of Ulm,https://doi.org/10.6084/m9.figshare.31976051,2026,article,TRUE,Figshare,https://openalex.org/S4377196282,NA,https://openalex.org/I4210132348,Figshare (United Kingdom),https://doi.org/10.6084/m9.figshare.31976051,NA,cc-by,NA
https://openalex.org/A5027161671,Elisa Pfeiffer,https://orcid.org/0000-0002-9742-3004,first,TRUE,https://openalex.org/I196349391,Universität Ulm,https://ror.org/032000t02,DE,education,https://openalex.org/I196349391,Catholic University of Eichstätt-Ingolstadt,https://doi.org/10.6084/m9.figshare.c.8411108.v1,2026,other,TRUE,Figshare,https://openalex.org/S4377196282,NA,https://openalex.org/I4210132348,Figshare (United Kingdom),https://doi.org/10.6084/m9.figshare.c.8411108.v1,NA,cc-by,NA
https://openalex.org/A5002668038,Deung-Dae Park,https://orcid.org/0000-0001-6265-4964,first,TRUE,https://openalex.org/I196349391,Universität Ulm,https://ror.org/032000t02,DE,education,https://openalex.org/I196349391,University of Ulm,https://doi.org/10.6084/m9.figshare.31976413.v1,2026,article,TRUE,Figshare,https://openalex.org/S4377196282,NA,https://openalex.org/I4210132348,Figshare (United Kingdom),https://doi.org/10.6084/m9.figshare.31976413.v1,NA,cc-by,NA
https://openalex.org/A5072667943,Sruthi Sankari Krishnamurthy,NA,first,TRUE,https://openalex.org/I196349391,Universität Ulm,https://ror.org/032000t02,DE,education,https://openalex.org/I196349391,University of Ulm,https://doi.org/10.6084/m9.figshare.c.8411657.v1,2026,other,TRUE,Figshare,https://openalex.org/S4377196282,NA,https://openalex.org/I4210132348,Figshare (United Kingdom),https://doi.org/10.6084/m9.figshare.c.8411657.v1,NA,cc-by,NA
https://openalex.org/A5002668038,Deung-Dae Park,https://orcid.org/0000-0001-6265-4964,first,TRUE,https://openalex.org/I196349391,Universität Ulm,https://ror.org/032000t02,DE,education,https://openalex.org/I196349391,University of Ulm,https://doi.org/10.6084/m9.figshare.c.8411428.v1,2026,other,TRUE,Figshare,https://openalex.org/S4377196282,NA,https://openalex.org/I4210132348,Figshare (United Kingdom),https://doi.org/10.6084/m9.figshare.c.8411428.v1,NA,cc-by,NA
https://openalex.org/A5046056663,Leonard Schreiber,NA,first,TRUE,https://openalex.org/I196349391,Universität Ulm,https://ror.org/032000t02,DE,education,https://openalex.org/I196349391,University of Ulm,https://doi.org/10.6084/m9.figshare.31976321,2026,article,TRUE,Figshare,https://openalex.org/S4377196282,NA,https://openalex.org/I4210132348,Figshare (United Kingdom),https://doi.org/10.6084/m9.figshare.31976321,NA,cc-by,NA
https://openalex.org/A5072667943,Sruthi Sankari Krishnamurthy,NA,first,TRUE,https://openalex.org/I196349391,Universität Ulm,https://ror.org/032000t02,DE,education,https://openalex.org/I196349391,University of Ulm,https://doi.org/10.6084/m9.figshare.31976804.v1,2026,article,TRUE,Figshare,https://openalex.org/S4377196282,NA,https://openalex.org/I4210132348,Figshare (United Kingdom),https://doi.org/10.6084/m9.figshare.31976804.v1,NA,cc-by,NA
https://openalex.org/A5027161671,Elisa Pfeiffer,https://orcid.org/0000-0002-9742-3004,first,TRUE,https://openalex.org/I196349391,Universität Ulm,https://ror.org/032000t02,DE,education,https://openalex.org/I196349391,Catholic University of Eichstätt-Ingolstadt,https://doi.org/10.6084/m9.figshare.31975838.v1,2026,article,TRUE,Figshare,https://openalex.org/S4377196282,NA,https://openalex.org/I4210132348,Figshare (United Kingdom),https://doi.org/10.6084/m9.figshare.31975838.v1,NA,cc-by,NA
https://openalex.org/A5046056663,Leonard Schreiber,NA,first,TRUE,https://openalex.org/I196349391,Universität Ulm,https://ror.org/032000t02,DE,education,https://openalex.org/I196349391,University of Ulm,https://doi.org/10.6084/m9.figshare.31976294.v1,2026,other,TRUE,Figshare,https://openalex.org/S4377196282,NA,https://openalex.org/I4210132348,Figshare (United Kingdom),https://doi.org/10.6084/m9.figshare.31976294.v1,NA,cc-by,NA
https://openalex.org/A5036622035,Lea Fröscher,NA,first,TRUE,https://openalex.org/I196349391,Universität Ulm,https://ror.org/032000t02,DE,education,https://openalex.org/I196349391,University of Ulm,https://doi.org/10.6084/m9.figshare.c.8411272.v1,2026,other,TRUE,Figshare,https://openalex.org/S4377196282,NA,https://openalex.org/I4210132348,Figshare (United Kingdom),https://doi.org/10.6084/m9.figshare.c.8411272.v1,NA,cc-by,NA
https://openalex.org/A5077498966,Rinu Sivarajan,https://orcid.org/0009-0000-3656-9985,first,TRUE,https://openalex.org/I196349391,Universität Ulm,https://ror.org/032000t02,DE,education,https://openalex.org/I196349391,"1Institute of Molecular Virology, Ulm University Medical Center, Ulm, Germany, Ulm, Germany",https://doi.org/10.1183/23120541.lsc-2026.ps207,2026,article,FALSE,NA,NA,NA,NA,NA,https://doi.org/10.1183/23120541.lsc-2026.ps207,NA,NA,publishedVersion
https://openalex.org/A5029945727,Krishnaveni Palanisamy,https://orcid.org/0000-0002-8386-3316,first,TRUE,https://openalex.org/I196349391,Universität Ulm,https://ror.org/032000t02,DE,education,https://openalex.org/I196349391,"Institute of Analytical and Bioanalytical Chemistry, Albert-Einstein-Allee 11, 89081, Ulm University, Ulm, Germany",https://doi.org/10.29363/nanoge.matsusspring.2026.274,2025,article,FALSE,NA,NA,NA,NA,NA,https://doi.org/10.29363/nanoge.matsusspring.2026.274,NA,NA,publishedVersion
https://openalex.org/A5093056607,Lena Minzenmay,NA,first,FALSE,https://openalex.org/I196349391,Universität Ulm,https://ror.org/032000t02,DE,education,https://openalex.org/I196349391,"Department of Neurosurgery, University of Ulm, BKH Günzburg, Günzburg, Germany",https://doi.org/10.1016/j.bas.2026.106060,2026,article,TRUE,Brain and Spine,https://openalex.org/S4210215356,2772-5294,https://openalex.org/P4310320990,Elsevier BV,https://doi.org/10.1016/j.bas.2026.106060,NA,cc-by-nc-nd,publishedVersion
https://openalex.org/A5134046607,सौ. सुनीता महेश पवार,NA,first,TRUE,https://openalex.org/I196349391,Universität Ulm,https://ror.org/032000t02,DE,education,https://openalex.org/I196349391,"कन्या शाळा, येडेनिपाणी. ता.- वाळवा, जि.- सांगली",https://doi.org/10.5281/zenodo.18979049,2026,article,TRUE,Zenodo (CERN European Organization for Nuclear Research),https://openalex.org/S4306400562,NA,https://openalex.org/I67311998,European Organization for Nuclear Research,https://doi.org/10.5281/zenodo.18979049,NA,cc-by,NA
https://openalex.org/A5134046607,सौ. सुनीता महेश पवार,NA,first,TRUE,https://openalex.org/I196349391,Universität Ulm,https://ror.org/032000t02,DE,education,https://openalex.org/I196349391,"कन्या शाळा, येडेनिपाणी. ता.- वाळवा, जि.- सांगली",https://doi.org/10.5281/zenodo.18979048,2026,article,TRUE,Zenodo (CERN European Organization for Nuclear Research),https://openalex.org/S4306400562,NA,https://openalex.org/I67311998,European Organization for Nuclear Research,https://doi.org/10.5281/zenodo.18979048,NA,cc-by,NA
https://openalex.org/A5134033848,An Chen,NA,first,TRUE,https://openalex.org/I196349391,Universität Ulm,https://ror.org/032000t02,DE,education,https://openalex.org/I196349391,Ulm University - Institute of Insurance Science,https://doi.org/10.2139/ssrn.6588338,2026,preprint,TRUE,SSRN Electronic Journal,https://openalex.org/S4210172589,1556-5068,https://openalex.org/I1318003438,RELX Group (Netherlands),https://doi.org/10.2139/ssrn.6588338,NA,NA,acceptedVersion
https://openalex.org/A5109479821,Jafar Azizi,NA,first,TRUE,https://openalex.org/I196349391,Universität Ulm,https://ror.org/032000t02,DE,education,https://openalex.org/I196349391,"Institute of Theoretical Chemistry, Ulm University, D-89081 Ulm, Germany",https://doi.org/10.1039/d6ta00336b,2026,article,TRUE,Journal of Materials Chemistry A,https://openalex.org/S2764437742,2050-7488,https://openalex.org/P4310320556,Royal Society of Chemistry,https://doi.org/10.1039/d6ta00336b,https://pubs.rsc.org/en/content/articlepdf/2026/ta/d6ta00336b,cc-by,publishedVersion
https://openalex.org/A5066005094,Zsuzsa Jenei‐Lanzl,https://orcid.org/0000-0003-2586-2523,first,TRUE,https://openalex.org/I196349391,Universität Ulm,https://ror.org/032000t02,DE,education,https://openalex.org/I196349391,Goethe-Universitat Frankfurt am Main,https://doi.org/10.1016/j.joca.2026.01.035,2026,article,FALSE,Osteoarthritis and Cartilage,https://openalex.org/S13054843,1063-4584,https://openalex.org/P4310320990,Elsevier BV,https://doi.org/10.1016/j.joca.2026.01.035,NA,NA,publishedVersion
https://openalex.org/A5134542153,डॉ. बाबासाहेब नानासाहेब पवार,NA,first,TRUE,https://openalex.org/I196349391,Universität Ulm,https://ror.org/032000t02,DE,education,https://openalex.org/I196349391,"विभागप्रमुख, राज्यशास्त्र विभाग, कला व वाणिज्य महाविद्यालय, बेलापूर, ता.- श्रीरामपूर, जिल्हा- अहिल्यानगर",https://doi.org/10.5281/zenodo.19729212,2026,book-chapter,TRUE,Zenodo (CERN European Organization for Nuclear Research),https://openalex.org/S4306400562,NA,https://openalex.org/I67311998,European Organization for Nuclear Research,https://doi.org/10.5281/zenodo.19729212,NA,cc-by,NA
https://openalex.org/A5134511872,डॉ. संभाजी शामराव तनपुरे,NA,first,TRUE,https://openalex.org/I196349391,Universität Ulm,https://ror.org/032000t02,DE,education,https://openalex.org/I196349391,"विभागप्रमुख, राज्यशास्त्र विभाग, जिजामाता कॉलेज ऑफ सायन्स अॅण्ड आर्ट्स, भेंडे, ता.- नेवासा,जिल्हा- अहिल्यानगर",https://doi.org/10.5281/zenodo.19729543,2026,book-chapter,TRUE,Zenodo (CERN European Organization for Nuclear Research),https://openalex.org/S4306400562,NA,https://openalex.org/I67311998,European Organization for Nuclear Research,https://doi.org/10.5281/zenodo.19729543,NA,cc-by,NA
https://openalex.org/A5134515775,डॉ. पाटील अजय बापुसाहेब,NA,first,TRUE,https://openalex.org/I196349391,Universität Ulm,https://ror.org/032000t02,DE,education,https://openalex.org/I196349391,"विभाग प्रमुख, राज्यशास्त्र विभाग, मुळा एज्युकेशन सोसायटीचे, श्री. ज्ञानेश्वर महाविद्यालय, नेवासा  ता.- नेवासा, जिल्हा- अहिल्यानगर, पिन.- ४१४६०३",https://doi.org/10.5281/zenodo.19726950,2026,book-chapter,TRUE,Zenodo (CERN European Organization for Nuclear Research),https://openalex.org/S4306400562,NA,https://openalex.org/I67311998,European Organization for Nuclear Research,https://doi.org/10.5281/zenodo.19726950,NA,cc-by,NA
https://openalex.org/A5134489846,डॉ. बर्डे भागवत रामप्रसाद,NA,first,TRUE,https://openalex.org/I196349391,Universität Ulm,https://ror.org/032000t02,DE,education,https://openalex.org/I196349391,"सहाय्यक प्राध्यापक, राज्यशास्त्र विभाग, मुळा एज्युकेशन सोसायटीचे, श्री. ज्ञानेश्वर महाविद्यालय, नेवासा  ता.- नेवासा, जिल्हा- अहिल्यानगर, पिन.- ४१४६०३",https://doi.org/10.5281/zenodo.19727763,2026,book-chapter,TRUE,Zenodo (CERN European Organization for Nuclear Research),https://openalex.org/S4306400562,NA,https://openalex.org/I67311998,European Organization for Nuclear Research,https://doi.org/10.5281/zenodo.19727763,NA,cc-by,NA
https://openalex.org/A5134542153,डॉ. बाबासाहेब नानासाहेब पवार,NA,first,TRUE,https://openalex.org/I196349391,Universität Ulm,https://ror.org/032000t02,DE,education,https://openalex.org/I196349391,"विभागप्रमुख, राज्यशास्त्र विभाग, कला व वाणिज्य महाविद्यालय, बेलापूर, ता.- श्रीरामपूर, जिल्हा- अहिल्यानगर",https://doi.org/10.5281/zenodo.19729213,2026,book-chapter,TRUE,Zenodo (CERN European Organization for Nuclear Research),https://openalex.org/S4306400562,NA,https://openalex.org/I67311998,European Organization for Nuclear Research,https://doi.org/10.5281/zenodo.19729213,NA,cc-by,NA
https://openalex.org/A5134562414,Katarina von Dungen,https://orcid.org/0000-0001-6507-552X,first,TRUE,https://openalex.org/I196349391,Universität Ulm,https://ror.org/032000t02,DE,education,https://openalex.org/I196349391,"Comprehensive Cancer Center Ulm (CCCU), Ulm University Medical Center, Ulm, Germany",https://doi.org/10.1136/bmjopen-2025-114769,2026,article,TRUE,BMJ Open,https://openalex.org/S79054089,2044-6055,https://openalex.org/P4310319945,BMJ,https://doi.org/10.1136/bmjopen-2025-114769,NA,cc-by-nc,publishedVersion
https://openalex.org/A5134489846,डॉ. बर्डे भागवत रामप्रसाद,NA,first,TRUE,https://openalex.org/I196349391,Universität Ulm,https://ror.org/032000t02,DE,education,https://openalex.org/I196349391,"सहाय्यक प्राध्यापक, राज्यशास्त्र विभाग, मुळा एज्युकेशन सोसायटीचे, श्री. ज्ञानेश्वर महाविद्यालय, नेवासा  ता.- नेवासा, जिल्हा- अहिल्यानगर, पिन.- ४१४६०३",https://doi.org/10.5281/zenodo.19727764,2026,book-chapter,TRUE,Zenodo (CERN European Organization for Nuclear Research),https://openalex.org/S4306400562,NA,https://openalex.org/I67311998,European Organization for Nuclear Research,https://doi.org/10.5281/zenodo.19727764,NA,cc-by,NA
https://openalex.org/A5134511872,डॉ. संभाजी शामराव तनपुरे,NA,first,TRUE,https://openalex.org/I196349391,Universität Ulm,https://ror.org/032000t02,DE,education,https://openalex.org/I196349391,"विभागप्रमुख, राज्यशास्त्र विभाग, जिजामाता कॉलेज ऑफ सायन्स अॅण्ड आर्ट्स, भेंडे, ता.- नेवासा,जिल्हा- अहिल्यानगर",https://doi.org/10.5281/zenodo.19729544,2026,book-chapter,TRUE,Zenodo (CERN European Organization for Nuclear Research),https://openalex.org/S4306400562,NA,https://openalex.org/I67311998,European Organization for Nuclear Research,https://doi.org/10.5281/zenodo.19729544,NA,cc-by,NA
https://openalex.org/A5134515775,डॉ. पाटील अजय बापुसाहेब,NA,first,TRUE,https://openalex.org/I196349391,Universität Ulm,https://ror.org/032000t02,DE,education,https://openalex.org/I196349391,"विभाग प्रमुख, राज्यशास्त्र विभाग, मुळा एज्युकेशन सोसायटीचे, श्री. ज्ञानेश्वर महाविद्यालय, नेवासा  ता.- नेवासा, जिल्हा- अहिल्यानगर, पिन.- ४१४६०३",https://doi.org/10.5281/zenodo.19726951,2026,book-chapter,TRUE,Zenodo (CERN European Organization for Nuclear Research),https://openalex.org/S4306400562,NA,https://openalex.org/I67311998,European Organization for Nuclear Research,https://doi.org/10.5281/zenodo.19726951,NA,cc-by,NA
https://openalex.org/A5134545665,प्रा. गारुळे गणेश लक्ष्मण,NA,first,TRUE,https://openalex.org/I196349391,Universität Ulm,https://ror.org/032000t02,DE,education,https://openalex.org/I196349391,"सहाय्यक प्राध्यापक, अर्थशास्त्र विभाग, मुळा एज्युकेशन सोसायटीचे, श्री. ज्ञानेश्वर महाविद्यालय, नेवासा  ता.- नेवासा, जिल्हा- अहिल्यानगर, पिन.- ४१४६०३",https://doi.org/10.5281/zenodo.19731241,2026,book-chapter,TRUE,Zenodo (CERN European Organization for Nuclear Research),https://openalex.org/S4306400562,NA,https://openalex.org/I67311998,European Organization for Nuclear Research,https://doi.org/10.5281/zenodo.19731241,NA,cc-by,NA
https://openalex.org/A5134545665,प्रा. गारुळे गणेश लक्ष्मण,NA,first,TRUE,https://openalex.org/I196349391,Universität Ulm,https://ror.org/032000t02,DE,education,https://openalex.org/I196349391,"सहाय्यक प्राध्यापक, अर्थशास्त्र विभाग, मुळा एज्युकेशन सोसायटीचे, श्री. ज्ञानेश्वर महाविद्यालय, नेवासा  ता.- नेवासा, जिल्हा- अहिल्यानगर, पिन.- ४१४६०३",https://doi.org/10.5281/zenodo.19731240,2026,book-chapter,TRUE,Zenodo (CERN European Organization for Nuclear Research),https://openalex.org/S4306400562,NA,https://openalex.org/I67311998,European Organization for Nuclear Research,https://doi.org/10.5281/zenodo.19731240,NA,cc-by,NA
https://openalex.org/A5134563425,В.С. Мостовий,NA,first,TRUE,https://openalex.org/I196349391,Universität Ulm,https://ror.org/032000t02,DE,education,https://openalex.org/I196349391,"Доктор фіз.-мат наук, старший науковий співробітник, Інститут телекомунікацій і глобального інформаційного простору НАНУ, Київ",NA,2026,article,TRUE,The Scientific Issues of Ternopil Volodymyr Hnatiuk National Pedagogical University Series pedagogy,https://openalex.org/S4210228265,2311-6382,https://openalex.org/P4310322067,Ternopil Volodymyr Hnatiuk National Pedagogical University,https://es-journal.in.ua/article/view/358177,NA,cc-by,submittedVersion
https://openalex.org/A5134567909,दीपक ए. वस्के,NA,first,TRUE,https://openalex.org/I196349391,Universität Ulm,https://ror.org/032000t02,DE,education,https://openalex.org/I196349391,"संशोधक विद्यार्थी, के. जे. सोमैया महाविद्यालय, कोपरगाव, ता.- कोपरगाव, जि.- अहिल्यानगर",https://doi.org/10.5281/zenodo.19755199,2026,book-chapter,TRUE,Zenodo (CERN European Organization for Nuclear Research),https://openalex.org/S4306400562,NA,https://openalex.org/I67311998,European Organization for Nuclear Research,https://doi.org/10.5281/zenodo.19755199,NA,cc-by,NA
https://openalex.org/A5134567909,दीपक ए. वस्के,NA,first,TRUE,https://openalex.org/I196349391,Universität Ulm,https://ror.org/032000t02,DE,education,https://openalex.org/I196349391,"संशोधक विद्यार्थी, के. जे. सोमैया महाविद्यालय, कोपरगाव, ता.- कोपरगाव, जि.- अहिल्यानगर",https://doi.org/10.5281/zenodo.19755200,2026,book-chapter,TRUE,Zenodo (CERN European Organization for Nuclear Research),https://openalex.org/S4306400562,NA,https://openalex.org/I67311998,European Organization for Nuclear Research,https://doi.org/10.5281/zenodo.19755200,NA,cc-by,NA
https://openalex.org/A5134687099,An Chen,NA,first,TRUE,https://openalex.org/I196349391,Universität Ulm,https://ror.org/032000t02,DE,education,https://openalex.org/I196349391,Ulm University - Institute of Insurance Science,https://doi.org/10.2139/ssrn.6656798,2026,preprint,TRUE,SSRN Electronic Journal,https://openalex.org/S4210172589,1556-5068,https://openalex.org/I1318003438,RELX Group (Netherlands),https://doi.org/10.2139/ssrn.6656798,NA,NA,acceptedVersion
https://openalex.org/A5114631285,Friederike Busse,https://orcid.org/0000-0001-8337-0469,first,TRUE,https://openalex.org/I196349391,Universität Ulm,https://ror.org/032000t02,DE,education,https://openalex.org/I196349391,"Institut für Psychologie und Pädagogik,           Universität Ulm, Deutschland",https://doi.org/10.1026/0012-1924/a000366,2026,article,TRUE,Diagnostica,https://openalex.org/S191847413,0012-1924,https://openalex.org/P4310319871,Hogrefe Verlag,https://doi.org/10.1026/0012-1924/a000366,NA,cc-by,publishedVersion
https://openalex.org/A5135199767,Bedouin A. Sassiya,https://orcid.org/0009-0000-9127-5752,first,TRUE,https://openalex.org/I196349391,Universität Ulm,https://ror.org/032000t02,DE,education,https://openalex.org/I196349391,"Institute of Functional Nanosystems, Ulm University, Ulm, Germany",https://doi.org/10.1109/jqe.2026.3690062,2026,article,FALSE,IEEE Journal of Quantum Electronics,https://openalex.org/S80223966,0018-9197,https://openalex.org/P4310322178,Institute of Electrical and Electronics Engineers,https://doi.org/10.1109/jqe.2026.3690062,NA,NA,publishedVersion
https://openalex.org/A5135710712,Max Hörmann,NA,first,TRUE,https://openalex.org/I196349391,Universität Ulm,https://ror.org/032000t02,DE,education,https://openalex.org/I196349391,"Institute of Distributed Systems - Ulm University,Germany",https://doi.org/10.23919/wons68803.2026.11501785,2026,article,FALSE,NA,NA,NA,NA,NA,https://doi.org/10.23919/wons68803.2026.11501785,NA,NA,publishedVersion
https://openalex.org/A5120207528,Alexander Tiefenbach,NA,first,TRUE,https://openalex.org/I196349391,Universität Ulm,https://ror.org/032000t02,DE,education,https://openalex.org/I196349391,"Ulm University,Institute of Electronic Devices and Circuits,Germany",https://doi.org/10.1109/gemic71240.2026.11516467,2026,article,FALSE,NA,NA,NA,NA,NA,https://doi.org/10.1109/gemic71240.2026.11516467,NA,NA,publishedVersion
https://openalex.org/A5114613715,Thiemo Herbel,NA,first,TRUE,https://openalex.org/I196349391,Universität Ulm,https://ror.org/032000t02,DE,education,https://openalex.org/I196349391,"Ulm University,Institute of Electronic Devices and Circuits,Germany",https://doi.org/10.1109/gemic71240.2026.11516473,2026,article,FALSE,NA,NA,NA,NA,NA,https://doi.org/10.1109/gemic71240.2026.11516473,NA,NA,publishedVersion
https://openalex.org/A5136339291,Lisa Arnold,https://orcid.org/0000-0002-2358-2571,first,TRUE,https://openalex.org/I196349391,Universität Ulm,https://ror.org/032000t02,DE,education,https://openalex.org/I196349391,"Institute of Databases and Information Systems, Ulm University, Ulm, Germany",https://doi.org/10.1007/978-3-032-16234-2_8,2026,book-chapter,FALSE,Lecture notes in business information processing,https://openalex.org/S4210177767,1865-1348,https://openalex.org/P4310319900,Springer Nature,https://doi.org/10.1007/978-3-032-16234-2_8,NA,NA,publishedVersion
https://openalex.org/A5022094613,Philipp Hehnle,https://orcid.org/0009-0006-0420-7000,first,TRUE,https://openalex.org/I196349391,Universität Ulm,https://ror.org/032000t02,DE,education,https://openalex.org/I196349391,"Institute of Databases and Information Systems, Ulm University, Ulm, Germany",https://doi.org/10.1007/978-3-032-16234-2_3,2026,book-chapter,FALSE,Lecture notes in business information processing,https://openalex.org/S4210177767,1865-1348,https://openalex.org/P4310319900,Springer Nature,https://doi.org/10.1007/978-3-032-16234-2_3,NA,NA,publishedVersion
https://openalex.org/A5103115965,Naveen Goyal,https://orcid.org/0000-0002-8827-2646,first,TRUE,https://openalex.org/I196349391,Universität Ulm,https://ror.org/032000t02,DE,education,https://openalex.org/I196349391,"Collaborative Research Centre, Technical University Dresden, 01062, Germany",https://doi.org/10.1039/d6nr01480a,2026,article,TRUE,Nanoscale,https://openalex.org/S23181512,2040-3364,https://openalex.org/P4310320556,Royal Society of Chemistry,https://doi.org/10.1039/d6nr01480a,https://pubs.rsc.org/en/content/articlepdf/2026/nr/d6nr01480a,cc-by,publishedVersion
https://openalex.org/A5120633569,Vasyl MOSTOVYY,NA,first,TRUE,https://openalex.org/I196349391,Universität Ulm,https://ror.org/032000t02,DE,education,https://openalex.org/I196349391,"Доктор фіз.-мат наук, старший науковий співробітник, Інститут телекомунікацій і глобального інформаційного простору НАНУ, Київ",https://doi.org/10.32347/2411-4049.2026.1.179-189,2026,article,TRUE,Environmental Safety and Natural Resources,https://openalex.org/S4210236315,2411-4049,https://openalex.org/P4310322573,Kyiv National University of Construction and Architecture,https://doi.org/10.32347/2411-4049.2026.1.179-189,NA,cc-by,publishedVersion
https://openalex.org/A5136748671,Lisa Arnold,https://orcid.org/0000-0002-2358-2571,first,TRUE,https://openalex.org/I196349391,Universität Ulm,https://ror.org/032000t02,DE,education,https://openalex.org/I196349391,"Institute of Databases and Information Systems, Ulm University, Ulm, Germany",https://doi.org/10.1007/978-3-032-26836-5_34,2026,book-chapter,FALSE,Lecture notes in business information processing,https://openalex.org/S4210177767,1865-1348,https://openalex.org/P4310319900,Springer Nature,https://doi.org/10.1007/978-3-032-26836-5_34,NA,NA,publishedVersion
https://openalex.org/A5013772765,Maximilian Möller,NA,first,TRUE,https://openalex.org/I196349391,Universität Ulm,https://ror.org/032000t02,DE,education,https://openalex.org/I196349391,"University of Ulm, Institute of Databases and Information Systems, James-Franck-Ring 1, 89081, Ulm, Germany",https://doi.org/10.1007/978-3-032-26836-5_7,2026,book-chapter,FALSE,Lecture notes in business information processing,https://openalex.org/S4210177767,1865-1348,https://openalex.org/P4310319900,Springer Nature,https://doi.org/10.1007/978-3-032-26836-5_7,NA,NA,publishedVersion
https://openalex.org/A5095706476,Maike Tobies-Jungenkrüger,NA,first,TRUE,https://openalex.org/I196349391,Universität Ulm,https://ror.org/032000t02,DE,education,https://openalex.org/I196349391,"ulm, Deutschland",https://doi.org/10.1007/978-3-658-51669-7_2,2026,book-chapter,FALSE,NA,NA,NA,NA,NA,https://doi.org/10.1007/978-3-658-51669-7_2,NA,NA,publishedVersion
